Symbol,Contract,Type,Entry Time,Exit Time,Duration,Bars in Trade,Strike Pair,Lot Size,Net Credit (₹),Capital Employed (₹),Exit Reason,PnL (₹),PnL (%)
NIFTY,NIFTY SPOT,PE_SPREAD,2025-08-25 13:50:00,2025-08-26 09:15:00,0 days 19:25:00,20,24900.0 / 24800.0,75,16.8,7500.0,SL Hit (40% Premium Appreciation),-2111.25,-28.15
NIFTY,NIFTY SPOT,CE_SPREAD,2025-08-26 10:15:00,2025-08-26 15:00:00,0 days 04:45:00,57,24900.0 / 25000.0,75,18.35,7500.0,Target Hit (50% Premium Decay),720.0,9.6
NIFTY,NIFTY SPOT,CE_SPREAD,2025-08-26 10:20:00,2025-08-26 15:00:00,0 days 04:40:00,56,24900.0 / 25000.0,75,18.25,7500.0,Target Hit (50% Premium Decay),712.5,9.5
NIFTY,NIFTY SPOT,CE_SPREAD,2025-08-26 10:25:00,2025-08-28 09:15:00,1 days 22:50:00,61,24900.0 / 25000.0,75,16.35,7500.0,Target Hit (50% Premium Decay),1113.75,14.85
NIFTY,NIFTY SPOT,PE_SPREAD,2025-09-02 09:15:00,2025-09-02 14:00:00,0 days 04:45:00,57,24550.0 / 24450.0,75,24.3,7500.0,SL Hit (40% Premium Appreciation),-802.5,-10.7
NIFTY,NIFTY SPOT,PE_SPREAD,2025-09-02 09:25:00,2025-09-02 14:20:00,0 days 04:55:00,59,24550.0 / 24450.0,75,25.3,7500.0,SL Hit (40% Premium Appreciation),-768.75,-10.25
NIFTY,NIFTY SPOT,PE_SPREAD,2025-09-02 09:30:00,2025-09-02 14:00:00,0 days 04:30:00,54,24550.0 / 24450.0,75,23.05,7500.0,SL Hit (40% Premium Appreciation),-896.25,-11.95
NIFTY,NIFTY SPOT,CE_SPREAD,2025-09-02 14:25:00,2025-09-03 15:00:00,1 days 00:35:00,82,24650.0 / 24750.0,75,37.8,7500.0,SL Hit (40% Premium Appreciation),-1260.0,-16.8
NIFTY,NIFTY SPOT,CE_SPREAD,2025-09-02 14:40:00,2025-09-04 09:15:00,1 days 18:35:00,85,24650.0 / 24750.0,75,42.75,7500.0,SL Hit (40% Premium Appreciation),-2647.5,-35.3
NIFTY,NIFTY SPOT,CE_SPREAD,2025-09-02 14:45:00,2025-09-03 15:10:00,1 days 00:25:00,80,24700.0 / 24800.0,75,36.4,7500.0,SL Hit (40% Premium Appreciation),-1102.5,-14.7
NIFTY,NIFTY SPOT,PE_SPREAD,2025-09-04 09:15:00,2025-09-04 14:20:00,0 days 05:05:00,61,24900.0 / 24800.0,75,43.1,7500.0,SL Hit (40% Premium Appreciation),-1698.75,-22.65
NIFTY,NIFTY SPOT,PE_SPREAD,2025-09-08 10:30:00,2025-09-08 12:00:00,0 days 01:30:00,18,24700.0 / 24600.0,75,15.6,7500.0,Target Hit (50% Premium Decay),622.5,8.3
NIFTY,NIFTY SPOT,PE_SPREAD,2025-09-10 10:45:00,2025-09-12 09:15:00,1 days 22:30:00,132,24900.0 / 24800.0,75,24.05,7500.0,Target Hit (50% Premium Decay),926.25,12.35
NIFTY,NIFTY SPOT,PE_SPREAD,2025-09-10 10:50:00,2025-09-12 09:45:00,1 days 22:55:00,137,24900.0 / 24800.0,75,23.05,7500.0,Target Hit (50% Premium Decay),903.75,12.05
NIFTY,NIFTY SPOT,PE_SPREAD,2025-09-10 10:55:00,2025-09-12 09:45:00,1 days 22:50:00,136,24900.0 / 24800.0,75,22.7,7500.0,Target Hit (50% Premium Decay),877.5,11.7
NIFTY,NIFTY SPOT,PE_SPREAD,2025-09-16 10:45:00,2025-09-17 09:15:00,0 days 22:30:00,57,25050.0 / 24950.0,75,22.8,7500.0,Target Hit (50% Premium Decay),896.25,11.95
NIFTY,NIFTY SPOT,PE_SPREAD,2025-09-16 10:50:00,2025-09-17 09:15:00,0 days 22:25:00,56,25050.0 / 24950.0,75,22.25,7500.0,Target Hit (50% Premium Decay),855.0,11.4
NIFTY,NIFTY SPOT,PE_SPREAD,2025-09-16 10:55:00,2025-09-17 09:15:00,0 days 22:20:00,55,25050.0 / 24950.0,75,22.8,7500.0,Target Hit (50% Premium Decay),896.25,11.95
NIFTY,NIFTY SPOT,PE_SPREAD,2025-09-17 10:15:00,2025-09-18 09:15:00,0 days 23:00:00,63,25200.0 / 25100.0,75,19.25,7500.0,Target Hit (50% Premium Decay),836.25,11.15
NIFTY,NIFTY SPOT,PE_SPREAD,2025-09-17 10:20:00,2025-09-18 09:15:00,0 days 22:55:00,62,25200.0 / 25100.0,75,17.5,7500.0,Target Hit (50% Premium Decay),705.0,9.4
NIFTY,NIFTY SPOT,PE_SPREAD,2025-09-17 10:25:00,2025-09-18 09:15:00,0 days 22:50:00,61,25250.0 / 25150.0,75,22.65,7500.0,Target Hit (50% Premium Decay),855.0,11.4
NIFTY,NIFTY SPOT,CE_SPREAD,2025-09-22 09:40:00,2025-09-22 13:55:00,0 days 04:15:00,51,25400.0 / 25500.0,75,20.0,7500.0,Target Hit (50% Premium Decay),776.25,10.35
NIFTY,NIFTY SPOT,CE_SPREAD,2025-09-22 09:45:00,2025-09-22 13:55:00,0 days 04:10:00,50,25400.0 / 25500.0,75,20.0,7500.0,Target Hit (50% Premium Decay),776.25,10.35
NIFTY,NIFTY SPOT,CE_SPREAD,2025-09-22 09:50:00,2025-09-22 13:55:00,0 days 04:05:00,49,25400.0 / 25500.0,75,19.5,7500.0,Target Hit (50% Premium Decay),738.75,9.85
NIFTY,NIFTY SPOT,CE_SPREAD,2025-09-22 13:55:00,2025-09-22 14:40:00,0 days 00:45:00,9,25350.0 / 25450.0,75,18.85,7500.0,Target Hit (50% Premium Decay),802.5,10.7
NIFTY,NIFTY SPOT,CE_SPREAD,2025-09-22 14:10:00,2025-09-22 14:40:00,0 days 00:30:00,6,25350.0 / 25450.0,75,20.95,7500.0,Target Hit (50% Premium Decay),960.0,12.8
NIFTY,NIFTY SPOT,CE_SPREAD,2025-09-22 14:20:00,2025-09-22 14:40:00,0 days 00:20:00,4,25350.0 / 25450.0,75,18.35,7500.0,Target Hit (50% Premium Decay),765.0,10.2
NIFTY,NIFTY SPOT,CE_SPREAD,2025-09-23 09:15:00,2025-09-24 09:20:00,1 days 00:05:00,76,25300.0 / 25400.0,75,43.1,7500.0,Target Hit (50% Premium Decay),1623.75,21.65
NIFTY,NIFTY SPOT,CE_SPREAD,2025-09-23 09:20:00,2025-09-24 09:25:00,1 days 00:05:00,76,25300.0 / 25400.0,75,40.5,7500.0,Target Hit (50% Premium Decay),1526.25,20.35
NIFTY,NIFTY SPOT,CE_SPREAD,2025-09-23 09:25:00,2025-09-24 09:40:00,1 days 00:15:00,78,25300.0 / 25400.0,75,37.8,7500.0,Target Hit (50% Premium Decay),1466.25,19.55
NIFTY,NIFTY SPOT,CE_SPREAD,2025-09-24 10:00:00,2025-09-25 11:40:00,1 days 01:40:00,95,25200.0 / 25300.0,75,35.15,7500.0,Target Hit (50% Premium Decay),1406.25,18.75
NIFTY,NIFTY SPOT,CE_SPREAD,2025-09-24 10:05:00,2025-09-25 10:40:00,1 days 00:35:00,82,25200.0 / 25300.0,75,36.0,7500.0,Target Hit (50% Premium Decay),1357.5,18.1
NIFTY,NIFTY SPOT,CE_SPREAD,2025-09-24 10:10:00,2025-09-25 11:40:00,1 days 01:30:00,93,25200.0 / 25300.0,75,34.8,7500.0,Target Hit (50% Premium Decay),1380.0,18.4
NIFTY,NIFTY SPOT,CE_SPREAD,2025-09-29 11:35:00,2025-09-29 12:40:00,0 days 01:05:00,13,24800.0 / 24900.0,75,22.65,7500.0,Target Hit (50% Premium Decay),870.0,11.6
NIFTY,NIFTY SPOT,CE_SPREAD,2025-09-29 12:20:00,2025-09-29 13:30:00,0 days 01:10:00,14,24750.0 / 24850.0,75,25.15,7500.0,SL Hit (40% Premium Appreciation),-783.75,-10.45
NIFTY,NIFTY SPOT,CE_SPREAD,2025-09-29 12:30:00,2025-09-29 13:30:00,0 days 01:00:00,12,24750.0 / 24850.0,75,24.25,7500.0,SL Hit (40% Premium Appreciation),-851.25,-11.35
NIFTY,NIFTY SPOT,CE_SPREAD,2025-09-29 12:40:00,2025-09-29 13:10:00,0 days 00:30:00,6,24700.0 / 24800.0,75,28.0,7500.0,SL Hit (40% Premium Appreciation),-1245.0,-16.6
NIFTY,NIFTY SPOT,CE_SPREAD,2025-09-29 15:05:00,2025-09-30 10:25:00,0 days 19:20:00,19,24700.0 / 24800.0,75,31.35,7500.0,Target Hit (50% Premium Decay),1301.25,17.35
NIFTY,NIFTY SPOT,CE_SPREAD,2025-09-30 09:35:00,2025-10-01 11:55:00,1 days 02:20:00,103,24800.0 / 24900.0,75,35.65,7500.0,SL Hit (40% Premium Appreciation),-1196.25,-15.95
NIFTY,NIFTY SPOT,CE_SPREAD,2025-09-30 09:40:00,2025-10-01 11:55:00,1 days 02:15:00,102,24750.0 / 24850.0,75,41.75,7500.0,SL Hit (40% Premium Appreciation),-1361.25,-18.15
NIFTY,NIFTY SPOT,CE_SPREAD,2025-09-30 10:25:00,2025-10-01 11:40:00,1 days 01:15:00,90,24750.0 / 24850.0,75,37.25,7500.0,SL Hit (40% Premium Appreciation),-1421.25,-18.95
NIFTY,NIFTY SPOT,PE_SPREAD,2025-10-01 13:20:00,2025-10-03 12:05:00,1 days 22:45:00,60,24650.0 / 24550.0,75,18.7,7500.0,Target Hit (50% Premium Decay),727.5,9.7
NIFTY,NIFTY SPOT,PE_SPREAD,2025-10-01 13:25:00,2025-10-03 14:35:00,2 days 01:10:00,89,24650.0 / 24550.0,75,16.95,7500.0,Target Hit (50% Premium Decay),802.5,10.7
NIFTY,NIFTY SPOT,PE_SPREAD,2025-10-01 13:30:00,2025-10-03 14:35:00,2 days 01:05:00,88,24700.0 / 24600.0,75,21.9,7500.0,Target Hit (50% Premium Decay),993.75,13.25
NIFTY,NIFTY SPOT,PE_SPREAD,2025-10-07 09:25:00,2025-10-08 11:15:00,1 days 01:50:00,97,25000.0 / 24900.0,75,22.35,7500.0,SL Hit (40% Premium Appreciation),-753.75,-10.05
NIFTY,NIFTY SPOT,PE_SPREAD,2025-10-07 10:30:00,2025-10-08 10:55:00,1 days 00:25:00,80,25100.0 / 25000.0,75,25.1,7500.0,SL Hit (40% Premium Appreciation),-945.0,-12.6
NIFTY,NIFTY SPOT,PE_SPREAD,2025-10-07 10:40:00,2025-10-08 10:55:00,1 days 00:15:00,78,25100.0 / 25000.0,75,25.4,7500.0,SL Hit (40% Premium Appreciation),-922.5,-12.3
NIFTY,NIFTY SPOT,CE_SPREAD,2025-10-08 11:55:00,2025-10-09 11:05:00,0 days 23:10:00,65,25150.0 / 25250.0,75,31.7,7500.0,SL Hit (40% Premium Appreciation),-1406.25,-18.75
NIFTY,NIFTY SPOT,CE_SPREAD,2025-10-08 12:00:00,2025-10-08 13:30:00,0 days 01:30:00,18,25150.0 / 25250.0,75,29.0,7500.0,SL Hit (40% Premium Appreciation),-945.0,-12.6
NIFTY,NIFTY SPOT,CE_SPREAD,2025-10-08 14:50:00,2025-10-09 11:00:00,0 days 20:10:00,29,25150.0 / 25250.0,75,30.65,7500.0,SL Hit (40% Premium Appreciation),-1008.75,-13.45
NIFTY,NIFTY SPOT,CE_SPREAD,2025-10-08 14:55:00,2025-10-09 09:20:00,0 days 18:25:00,8,25200.0 / 25300.0,75,21.4,7500.0,SL Hit (40% Premium Appreciation),-768.75,-10.25
NIFTY,NIFTY SPOT,CE_SPREAD,2025-10-14 10:30:00,2025-10-15 10:50:00,1 days 00:20:00,79,25300.0 / 25400.0,75,40.25,7500.0,SL Hit (40% Premium Appreciation),-1406.25,-18.75
NIFTY,NIFTY SPOT,CE_SPREAD,2025-10-14 11:55:00,2025-10-15 09:25:00,0 days 21:30:00,45,25250.0 / 25350.0,75,39.6,7500.0,SL Hit (40% Premium Appreciation),-1297.5,-17.3
NIFTY,NIFTY SPOT,CE_SPREAD,2025-10-14 12:00:00,2025-10-15 09:15:00,0 days 21:15:00,42,25250.0 / 25350.0,75,38.6,7500.0,SL Hit (40% Premium Appreciation),-1237.5,-16.5
NIFTY,NIFTY SPOT,PE_SPREAD,2025-10-15 09:20:00,2025-10-16 09:15:00,0 days 23:55:00,74,25150.0 / 25050.0,75,20.3,7500.0,Target Hit (50% Premium Decay),971.25,12.95
NIFTY,NIFTY SPOT,PE_SPREAD,2025-10-15 09:55:00,2025-10-15 12:50:00,0 days 02:55:00,35,25100.0 / 25000.0,75,18.95,7500.0,Target Hit (50% Premium Decay),746.25,9.95
NIFTY,NIFTY SPOT,PE_SPREAD,2025-10-15 10:55:00,2025-10-16 09:25:00,0 days 22:30:00,57,25200.0 / 25100.0,75,17.35,7500.0,Target Hit (50% Premium Decay),697.5,9.3
NIFTY,NIFTY SPOT,PE_SPREAD,2025-10-15 12:50:00,2025-10-16 09:50:00,0 days 21:00:00,39,25200.0 / 25100.0,75,15.85,7500.0,Target Hit (50% Premium Decay),600.0,8.0
NIFTY,NIFTY SPOT,PE_SPREAD,2025-10-20 09:50:00,2025-10-23 09:15:00,2 days 23:25:00,80,25700.0 / 25600.0,75,26.25,7500.0,Target Hit (50% Premium Decay),1395.0,18.6
NIFTY,NIFTY SPOT,PE_SPREAD,2025-10-20 09:55:00,2025-10-23 09:15:00,2 days 23:20:00,79,25700.0 / 25600.0,75,26.1,7500.0,Target Hit (50% Premium Decay),1383.75,18.45
NIFTY,NIFTY SPOT,PE_SPREAD,2025-10-20 10:00:00,2025-10-23 09:15:00,2 days 23:15:00,78,25700.0 / 25600.0,75,23.9,7500.0,Target Hit (50% Premium Decay),1218.75,16.25
NIFTY,NIFTY SPOT,PE_SPREAD,2025-10-27 11:25:00,2025-10-27 13:30:00,0 days 02:05:00,25,25900.0 / 25800.0,75,17.7,7500.0,SL Hit (40% Premium Appreciation),-611.25,-8.15
NIFTY,NIFTY SPOT,CE_SPREAD,2025-10-28 10:50:00,2025-10-29 10:20:00,0 days 23:30:00,69,26000.0 / 26100.0,75,39.1,7500.0,SL Hit (40% Premium Appreciation),-1215.0,-16.2
NIFTY,NIFTY SPOT,CE_SPREAD,2025-10-28 11:20:00,2025-10-29 10:30:00,0 days 23:10:00,65,25950.0 / 26050.0,75,46.75,7500.0,SL Hit (40% Premium Appreciation),-1530.0,-20.4
NIFTY,NIFTY SPOT,CE_SPREAD,2025-10-28 11:25:00,2025-10-29 10:30:00,0 days 23:05:00,64,25950.0 / 26050.0,75,47.95,7500.0,SL Hit (40% Premium Appreciation),-1440.0,-19.2
NIFTY,NIFTY SPOT,PE_SPREAD,2025-10-29 10:25:00,2025-10-30 09:30:00,0 days 23:05:00,64,25900.0 / 25800.0,75,21.95,7500.0,SL Hit (40% Premium Appreciation),-967.5,-12.9
NIFTY,NIFTY SPOT,PE_SPREAD,2025-10-29 10:55:00,2025-10-30 09:30:00,0 days 22:35:00,58,25900.0 / 25800.0,75,21.55,7500.0,SL Hit (40% Premium Appreciation),-997.5,-13.3
NIFTY,NIFTY SPOT,PE_SPREAD,2025-10-29 11:00:00,2025-10-30 09:30:00,0 days 22:30:00,57,25950.0 / 25850.0,75,26.6,7500.0,SL Hit (40% Premium Appreciation),-1065.0,-14.2
NIFTY,NIFTY SPOT,CE_SPREAD,2025-11-03 09:20:00,2025-11-03 09:45:00,0 days 00:25:00,5,25800.0 / 25900.0,75,24.05,7500.0,SL Hit (40% Premium Appreciation),-990.0,-13.2
NIFTY,NIFTY SPOT,CE_SPREAD,2025-11-04 10:05:00,2025-11-06 10:10:00,2 days 00:05:00,76,25800.0 / 25900.0,75,38.15,7500.0,Target Hit (50% Premium Decay),1496.25,19.95
NIFTY,NIFTY SPOT,CE_SPREAD,2025-11-04 10:10:00,2025-11-06 10:10:00,2 days 00:00:00,75,25800.0 / 25900.0,75,38.25,7500.0,Target Hit (50% Premium Decay),1503.75,20.05
NIFTY,NIFTY SPOT,CE_SPREAD,2025-11-04 10:30:00,2025-11-06 10:10:00,1 days 23:40:00,71,25800.0 / 25900.0,75,38.85,7500.0,Target Hit (50% Premium Decay),1548.75,20.65
NIFTY,NIFTY SPOT,PE_SPREAD,2025-11-10 11:45:00,2025-11-11 09:15:00,0 days 21:30:00,45,25550.0 / 25450.0,75,17.6,7500.0,SL Hit (40% Premium Appreciation),-1233.75,-16.45
NIFTY,NIFTY SPOT,PE_SPREAD,2025-11-10 11:50:00,2025-11-11 09:15:00,0 days 21:25:00,44,25550.0 / 25450.0,75,17.45,7500.0,SL Hit (40% Premium Appreciation),-1245.0,-16.6
NIFTY,NIFTY SPOT,PE_SPREAD,2025-11-10 11:55:00,2025-11-11 09:15:00,0 days 21:20:00,43,25550.0 / 25450.0,75,18.95,7500.0,SL Hit (40% Premium Appreciation),-1132.5,-15.1
NIFTY,NIFTY SPOT,CE_SPREAD,2025-11-11 09:20:00,2025-11-11 13:45:00,0 days 04:25:00,53,25650.0 / 25750.0,75,40.6,7500.0,SL Hit (40% Premium Appreciation),-1226.25,-16.35
NIFTY,NIFTY SPOT,PE_SPREAD,2025-11-11 14:00:00,2025-11-12 09:15:00,0 days 19:15:00,18,25550.0 / 25450.0,75,26.3,7500.0,Target Hit (50% Premium Decay),990.0,13.2
NIFTY,NIFTY SPOT,PE_SPREAD,2025-11-11 14:05:00,2025-11-12 09:20:00,0 days 19:15:00,18,25550.0 / 25450.0,75,24.7,7500.0,Target Hit (50% Premium Decay),1008.75,13.45
NIFTY,NIFTY SPOT,PE_SPREAD,2025-11-11 14:20:00,2025-11-12 10:35:00,0 days 20:15:00,30,25600.0 / 25500.0,75,26.75,7500.0,Target Hit (50% Premium Decay),1072.5,14.3
NIFTY,NIFTY SPOT,PE_SPREAD,2025-11-12 10:25:00,2025-11-13 12:05:00,1 days 01:40:00,95,25750.0 / 25650.0,75,26.45,7500.0,Target Hit (50% Premium Decay),1023.75,13.65
NIFTY,NIFTY SPOT,PE_SPREAD,2025-11-12 10:30:00,2025-11-13 13:35:00,1 days 03:05:00,112,25750.0 / 25650.0,75,24.95,7500.0,Target Hit (50% Premium Decay),960.0,12.8
NIFTY,NIFTY SPOT,PE_SPREAD,2025-11-12 10:35:00,2025-11-14 09:20:00,1 days 22:45:00,135,25750.0 / 25650.0,75,23.4,7500.0,SL Hit (40% Premium Appreciation),-813.75,-10.85
NIFTY,NIFTY SPOT,PE_SPREAD,2025-11-17 10:05:00,2025-11-17 14:00:00,0 days 03:55:00,47,25850.0 / 25750.0,75,18.1,7500.0,Target Hit (50% Premium Decay),742.5,9.9
NIFTY,NIFTY SPOT,PE_SPREAD,2025-11-17 10:10:00,2025-11-17 14:00:00,0 days 03:50:00,46,25850.0 / 25750.0,75,17.3,7500.0,Target Hit (50% Premium Decay),682.5,9.1
NIFTY,NIFTY SPOT,PE_SPREAD,2025-11-17 10:20:00,2025-11-18 09:55:00,0 days 23:35:00,70,25850.0 / 25750.0,75,15.55,7500.0,SL Hit (40% Premium Appreciation),-648.75,-8.65
NIFTY,NIFTY SPOT,PE_SPREAD,2025-11-19 15:10:00,2025-11-20 13:15:00,0 days 22:05:00,52,25950.0 / 25850.0,75,29.55,7500.0,Target Hit (50% Premium Decay),1132.5,15.1
NIFTY,NIFTY SPOT,PE_SPREAD,2025-11-19 15:15:00,2025-11-20 13:00:00,0 days 21:45:00,48,25950.0 / 25850.0,75,29.85,7500.0,Target Hit (50% Premium Decay),1125.0,15.0
NIFTY,NIFTY SPOT,PE_SPREAD,2025-11-19 15:20:00,2025-11-20 13:00:00,0 days 21:40:00,47,25950.0 / 25850.0,75,29.75,7500.0,Target Hit (50% Premium Decay),1117.5,14.9
NIFTY,NIFTY SPOT,CE_SPREAD,2025-11-24 09:20:00,2025-11-24 14:15:00,0 days 04:55:00,59,26200.0 / 26300.0,75,28.65,7500.0,Target Hit (50% Premium Decay),1245.0,16.6
NIFTY,NIFTY SPOT,CE_SPREAD,2025-11-24 09:25:00,2025-11-24 14:00:00,0 days 04:35:00,55,26200.0 / 26300.0,75,31.15,7500.0,Target Hit (50% Premium Decay),1200.0,16.0
NIFTY,NIFTY SPOT,CE_SPREAD,2025-11-24 14:45:00,2025-11-24 15:25:00,0 days 00:40:00,8,26150.0 / 26250.0,75,18.7,7500.0,Target Hit (50% Premium Decay),738.75,9.85
NIFTY,NIFTY SPOT,CE_SPREAD,2025-11-24 14:50:00,2025-11-24 15:25:00,0 days 00:35:00,7,26150.0 / 26250.0,75,19.25,7500.0,Target Hit (50% Premium Decay),780.0,10.4
NIFTY,NIFTY SPOT,CE_SPREAD,2025-11-24 14:55:00,2025-11-24 15:25:00,0 days 00:30:00,6,26100.0 / 26200.0,75,28.75,7500.0,Target Hit (50% Premium Decay),1181.25,15.75
NIFTY,NIFTY SPOT,CE_SPREAD,2025-11-25 09:20:00,2025-11-26 10:45:00,1 days 01:25:00,92,26050.0 / 26150.0,75,42.7,7500.0,SL Hit (40% Premium Appreciation),-1436.25,-19.15
NIFTY,NIFTY SPOT,CE_SPREAD,2025-11-25 09:25:00,2025-11-26 09:50:00,1 days 00:25:00,80,26050.0 / 26150.0,75,41.05,7500.0,SL Hit (40% Premium Appreciation),-1252.5,-16.7
NIFTY,NIFTY SPOT,CE_SPREAD,2025-11-25 09:30:00,2025-11-26 10:45:00,1 days 01:15:00,90,26050.0 / 26150.0,75,44.05,7500.0,SL Hit (40% Premium Appreciation),-1335.0,-17.8
NIFTY,NIFTY SPOT,PE_SPREAD,2025-11-26 10:30:00,2025-11-27 09:15:00,0 days 22:45:00,60,25950.0 / 25850.0,75,23.6,7500.0,Target Hit (50% Premium Decay),1023.75,13.65
NIFTY,NIFTY SPOT,PE_SPREAD,2025-11-26 11:45:00,2025-11-27 09:20:00,0 days 21:35:00,46,26000.0 / 25900.0,75,24.0,7500.0,Target Hit (50% Premium Decay),952.5,12.7
NIFTY,NIFTY SPOT,PE_SPREAD,2025-11-26 11:50:00,2025-11-27 09:20:00,0 days 21:30:00,45,26050.0 / 25950.0,75,28.05,7500.0,Target Hit (50% Premium Decay),1065.0,14.2
NIFTY,NIFTY SPOT,PE_SPREAD,2025-12-01 09:55:00,2025-12-01 11:40:00,0 days 01:45:00,21,26150.0 / 26050.0,75,15.3,7500.0,SL Hit (40% Premium Appreciation),-570.0,-7.6
NIFTY,NIFTY SPOT,PE_SPREAD,2025-12-01 10:05:00,2025-12-01 11:05:00,0 days 01:00:00,12,26200.0 / 26100.0,75,18.7,7500.0,SL Hit (40% Premium Appreciation),-633.75,-8.45
NIFTY,NIFTY SPOT,PE_SPREAD,2025-12-01 10:20:00,2025-12-01 11:40:00,0 days 01:20:00,16,26200.0 / 26100.0,75,19.5,7500.0,SL Hit (40% Premium Appreciation),-922.5,-12.3
NIFTY,NIFTY SPOT,CE_SPREAD,2025-12-01 12:35:00,2025-12-02 09:15:00,0 days 20:40:00,35,26250.0 / 26350.0,75,24.0,7500.0,Target Hit (50% Premium Decay),926.25,12.35
NIFTY,NIFTY SPOT,CE_SPREAD,2025-12-01 12:55:00,2025-12-02 09:15:00,0 days 20:20:00,31,26300.0 / 26400.0,75,17.65,7500.0,Target Hit (50% Premium Decay),858.75,11.45
NIFTY,NIFTY SPOT,CE_SPREAD,2025-12-01 13:00:00,2025-12-02 09:15:00,0 days 20:15:00,30,26300.0 / 26400.0,75,17.6,7500.0,Target Hit (50% Premium Decay),855.0,11.4
NIFTY,NIFTY SPOT,CE_SPREAD,2025-12-02 10:30:00,2025-12-03 10:00:00,0 days 23:30:00,69,26200.0 / 26300.0,75,40.75,7500.0,Target Hit (50% Premium Decay),1717.5,22.9
NIFTY,NIFTY SPOT,CE_SPREAD,2025-12-02 10:35:00,2025-12-03 10:00:00,0 days 23:25:00,68,26200.0 / 26300.0,75,40.15,7500.0,Target Hit (50% Premium Decay),1672.5,22.3
NIFTY,NIFTY SPOT,CE_SPREAD,2025-12-02 10:40:00,2025-12-03 10:00:00,0 days 23:20:00,67,26200.0 / 26300.0,75,39.25,7500.0,Target Hit (50% Premium Decay),1605.0,21.4
NIFTY,NIFTY SPOT,CE_SPREAD,2025-12-03 10:05:00,2025-12-04 10:15:00,1 days 00:10:00,77,26000.0 / 26100.0,75,38.55,7500.0,SL Hit (40% Premium Appreciation),-1226.25,-16.35
NIFTY,NIFTY SPOT,CE_SPREAD,2025-12-03 10:25:00,2025-12-04 10:15:00,0 days 23:50:00,73,26050.0 / 26150.0,75,33.85,7500.0,SL Hit (40% Premium Appreciation),-1016.25,-13.55
NIFTY,NIFTY SPOT,CE_SPREAD,2025-12-03 10:30:00,2025-12-04 10:25:00,0 days 23:55:00,74,26000.0 / 26100.0,75,40.7,7500.0,SL Hit (40% Premium Appreciation),-1473.75,-19.65
NIFTY,NIFTY SPOT,CE_SPREAD,2025-12-08 11:15:00,2025-12-08 13:20:00,0 days 02:05:00,25,26150.0 / 26250.0,75,27.0,7500.0,Target Hit (50% Premium Decay),1035.0,13.8
NIFTY,NIFTY SPOT,CE_SPREAD,2025-12-08 11:25:00,2025-12-08 13:20:00,0 days 01:55:00,23,26150.0 / 26250.0,75,28.1,7500.0,Target Hit (50% Premium Decay),1117.5,14.9
NIFTY,NIFTY SPOT,CE_SPREAD,2025-12-08 11:30:00,2025-12-08 13:20:00,0 days 01:50:00,22,26150.0 / 26250.0,75,27.65,7500.0,Target Hit (50% Premium Decay),1083.75,14.45
NIFTY,NIFTY SPOT,CE_SPREAD,2025-12-08 13:20:00,2025-12-08 15:15:00,0 days 01:55:00,23,26100.0 / 26200.0,75,19.25,7500.0,Target Hit (50% Premium Decay),765.0,10.2
NIFTY,NIFTY SPOT,CE_SPREAD,2025-12-08 14:15:00,2025-12-09 09:15:00,0 days 19:00:00,15,26000.0 / 26100.0,75,25.55,7500.0,Target Hit (50% Premium Decay),1458.75,19.45
NIFTY,NIFTY SPOT,CE_SPREAD,2025-12-08 14:25:00,2025-12-09 09:15:00,0 days 18:50:00,13,26050.0 / 26150.0,75,18.1,7500.0,Target Hit (50% Premium Decay),1113.75,14.85
NIFTY,NIFTY SPOT,CE_SPREAD,2025-12-09 14:20:00,2025-12-11 09:40:00,1 days 19:20:00,94,25950.0 / 26050.0,75,37.2,7500.0,Target Hit (50% Premium Decay),1398.75,18.65
NIFTY,NIFTY SPOT,CE_SPREAD,2025-12-09 14:45:00,2025-12-12 09:15:00,2 days 18:30:00,159,25950.0 / 26050.0,75,34.8,7500.0,SL Hit (40% Premium Appreciation),-1676.25,-22.35
NIFTY,NIFTY SPOT,CE_SPREAD,2025-12-09 15:00:00,2025-12-12 09:15:00,2 days 18:15:00,156,25950.0 / 26050.0,75,36.3,7500.0,SL Hit (40% Premium Appreciation),-1563.75,-20.85
NIFTY,NIFTY SPOT,CE_SPREAD,2025-12-16 10:25:00,2025-12-18 09:15:00,1 days 22:50:00,136,26000.0 / 26100.0,75,40.0,7500.0,Target Hit (50% Premium Decay),1631.25,21.75
NIFTY,NIFTY SPOT,CE_SPREAD,2025-12-16 10:30:00,2025-12-18 09:15:00,1 days 22:45:00,135,26000.0 / 26100.0,75,40.45,7500.0,Target Hit (50% Premium Decay),1665.0,22.2
NIFTY,NIFTY SPOT,CE_SPREAD,2025-12-16 10:35:00,2025-12-18 09:15:00,1 days 22:40:00,134,26000.0 / 26100.0,75,39.75,7500.0,Target Hit (50% Premium Decay),1612.5,21.5
NIFTY,NIFTY SPOT,PE_SPREAD,2025-12-22 10:30:00,2025-12-23 09:15:00,0 days 22:45:00,60,26050.0 / 25950.0,75,18.1,7500.0,Target Hit (50% Premium Decay),746.25,9.95
NIFTY,NIFTY SPOT,PE_SPREAD,2025-12-22 10:35:00,2025-12-23 09:15:00,0 days 22:40:00,59,26050.0 / 25950.0,75,19.05,7500.0,Target Hit (50% Premium Decay),817.5,10.9
NIFTY,NIFTY SPOT,PE_SPREAD,2025-12-22 10:50:00,2025-12-23 09:15:00,0 days 22:25:00,56,26050.0 / 25950.0,75,16.9,7500.0,Target Hit (50% Premium Decay),656.25,8.75
NIFTY,NIFTY SPOT,PE_SPREAD,2025-12-23 13:20:00,2025-12-26 09:30:00,2 days 20:10:00,104,26100.0 / 26000.0,75,24.45,7500.0,SL Hit (40% Premium Appreciation),-810.0,-10.8
NIFTY,NIFTY SPOT,PE_SPREAD,2025-12-23 13:30:00,2025-12-26 09:30:00,2 days 20:00:00,102,26100.0 / 26000.0,75,24.4,7500.0,SL Hit (40% Premium Appreciation),-813.75,-10.85
NIFTY,NIFTY SPOT,PE_SPREAD,2025-12-23 13:50:00,2025-12-26 09:30:00,2 days 19:40:00,98,26100.0 / 26000.0,75,24.44,7500.0,SL Hit (40% Premium Appreciation),-810.75,-10.81
NIFTY,NIFTY SPOT,CE_SPREAD,2025-12-29 12:05:00,2025-12-29 14:15:00,0 days 02:10:00,26,26050.0 / 26150.0,75,19.4,7500.0,Target Hit (50% Premium Decay),750.0,10.0
NIFTY,NIFTY SPOT,CE_SPREAD,2025-12-29 12:25:00,2025-12-30 09:15:00,0 days 20:50:00,37,26050.0 / 26150.0,75,16.45,7500.0,Target Hit (50% Premium Decay),933.75,12.45
NIFTY,NIFTY SPOT,CE_SPREAD,2025-12-29 12:35:00,2025-12-30 09:15:00,0 days 20:40:00,35,26050.0 / 26150.0,75,15.0,7500.0,Target Hit (50% Premium Decay),825.0,11.0
NIFTY,NIFTY SPOT,CE_SPREAD,2025-12-30 09:20:00,2025-12-31 09:15:00,0 days 23:55:00,74,26000.0 / 26100.0,65,35.05,6500.0,SL Hit (40% Premium Appreciation),-1160.25,-17.85
NIFTY,NIFTY SPOT,CE_SPREAD,2025-12-30 11:50:00,2025-12-31 09:25:00,0 days 21:35:00,46,26000.0 / 26100.0,65,38.0,6500.0,SL Hit (40% Premium Appreciation),-1121.25,-17.25
NIFTY,NIFTY SPOT,CE_SPREAD,2025-12-30 11:55:00,2025-12-31 09:15:00,0 days 21:20:00,43,26000.0 / 26100.0,65,37.75,6500.0,SL Hit (40% Premium Appreciation),-984.75,-15.15
NIFTY,NIFTY SPOT,PE_SPREAD,2025-12-31 09:30:00,2025-12-31 12:40:00,0 days 03:10:00,38,25900.0 / 25800.0,65,21.6,6500.0,Target Hit (50% Premium Decay),702.0,10.8
NIFTY,NIFTY SPOT,PE_SPREAD,2025-12-31 09:45:00,2025-12-31 12:05:00,0 days 02:20:00,28,25850.0 / 25750.0,65,18.0,6500.0,Target Hit (50% Premium Decay),594.75,9.15
NIFTY,NIFTY SPOT,PE_SPREAD,2025-12-31 09:50:00,2025-12-31 12:40:00,0 days 02:50:00,34,25900.0 / 25800.0,65,22.4,6500.0,Target Hit (50% Premium Decay),754.0,11.6
NIFTY,NIFTY SPOT,PE_SPREAD,2025-12-31 13:40:00,2026-01-02 09:20:00,1 days 19:40:00,98,26050.0 / 25950.0,65,21.5,6500.0,Target Hit (50% Premium Decay),698.75,10.75
NIFTY,NIFTY SPOT,PE_SPREAD,2025-12-31 13:45:00,2026-01-02 09:25:00,1 days 19:40:00,98,26050.0 / 25950.0,65,20.85,6500.0,Target Hit (50% Premium Decay),708.5,10.9
NIFTY,NIFTY SPOT,PE_SPREAD,2025-12-31 13:50:00,2026-01-02 09:25:00,1 days 19:35:00,97,26050.0 / 25950.0,65,21.3,6500.0,Target Hit (50% Premium Decay),737.75,11.35
NIFTY,NIFTY SPOT,CE_SPREAD,2026-01-06 09:35:00,2026-01-07 12:40:00,1 days 03:05:00,112,26300.0 / 26400.0,65,38.6,6500.0,Target Hit (50% Premium Decay),1394.25,21.45
NIFTY,NIFTY SPOT,CE_SPREAD,2026-01-06 09:40:00,2026-01-07 12:40:00,1 days 03:00:00,111,26300.0 / 26400.0,65,38.55,6500.0,Target Hit (50% Premium Decay),1391.0,21.4
NIFTY,NIFTY SPOT,CE_SPREAD,2026-01-06 11:05:00,2026-01-07 12:15:00,1 days 01:10:00,89,26300.0 / 26400.0,65,40.15,6500.0,Target Hit (50% Premium Decay),1348.75,20.75
NIFTY,NIFTY SPOT,CE_SPREAD,2026-01-07 12:45:00,2026-01-08 11:20:00,0 days 22:35:00,58,26200.0 / 26300.0,65,29.7,6500.0,Target Hit (50% Premium Decay),984.75,15.15
NIFTY,NIFTY SPOT,CE_SPREAD,2026-01-07 13:00:00,2026-01-08 11:20:00,0 days 22:20:00,55,26200.0 / 26300.0,65,32.64,6500.0,Target Hit (50% Premium Decay),1175.85,18.09
NIFTY,NIFTY SPOT,CE_SPREAD,2026-01-07 13:05:00,2026-01-08 11:20:00,0 days 22:15:00,54,26200.0 / 26300.0,65,32.85,6500.0,Target Hit (50% Premium Decay),1189.5,18.3
NIFTY,NIFTY SPOT,CE_SPREAD,2026-01-12 09:20:00,2026-01-12 11:20:00,0 days 02:00:00,24,25700.0 / 25800.0,65,20.69,6500.0,Target Hit (50% Premium Decay),685.1,10.54
NIFTY,NIFTY SPOT,CE_SPREAD,2026-01-12 09:55:00,2026-01-12 11:30:00,0 days 01:35:00,19,25700.0 / 25800.0,65,17.8,6500.0,Target Hit (50% Premium Decay),650.0,10.0
NIFTY,NIFTY SPOT,CE_SPREAD,2026-01-12 10:00:00,2026-01-12 11:20:00,0 days 01:20:00,16,25650.0 / 25750.0,65,31.8,6500.0,Target Hit (50% Premium Decay),1043.25,16.05
NIFTY,NIFTY SPOT,CE_SPREAD,2026-01-12 12:00:00,2026-01-12 12:10:00,0 days 00:10:00,2,25600.0 / 25700.0,65,20.74,6500.0,SL Hit (40% Premium Appreciation),-1099.15,-16.91
NIFTY,NIFTY SPOT,PE_SPREAD,2026-01-12 14:05:00,2026-01-12 15:20:00,0 days 01:15:00,15,25650.0 / 25550.0,65,17.0,6500.0,Target Hit (50% Premium Decay),552.5,8.5
NIFTY,NIFTY SPOT,PE_SPREAD,2026-01-12 14:10:00,2026-01-12 14:55:00,0 days 00:45:00,9,25650.0 / 25550.0,65,19.6,6500.0,Target Hit (50% Premium Decay),656.5,10.1
NIFTY,NIFTY SPOT,PE_SPREAD,2026-01-12 14:15:00,2026-01-12 14:55:00,0 days 00:40:00,8,25650.0 / 25550.0,65,19.15,6500.0,Target Hit (50% Premium Decay),627.25,9.65
NIFTY,NIFTY SPOT,PE_SPREAD,2026-01-13 10:20:00,2026-01-13 13:00:00,0 days 02:40:00,32,25650.0 / 25550.0,65,28.75,6500.0,SL Hit (40% Premium Appreciation),-832.0,-12.8
NIFTY,NIFTY SPOT,PE_SPREAD,2026-01-13 10:25:00,2026-01-13 12:45:00,0 days 02:20:00,28,25650.0 / 25550.0,65,24.85,6500.0,SL Hit (40% Premium Appreciation),-815.75,-12.55
NIFTY,NIFTY SPOT,PE_SPREAD,2026-01-13 10:30:00,2026-01-13 12:40:00,0 days 02:10:00,26,25700.0 / 25600.0,65,27.95,6500.0,SL Hit (40% Premium Appreciation),-776.75,-11.95
NIFTY,NIFTY SPOT,CE_SPREAD,2026-01-13 13:25:00,2026-01-14 11:45:00,0 days 22:20:00,55,25750.0 / 25850.0,65,36.8,6500.0,SL Hit (40% Premium Appreciation),-1069.25,-16.45
NIFTY,NIFTY SPOT,CE_SPREAD,2026-01-13 13:30:00,2026-01-16 10:15:00,2 days 20:45:00,111,25750.0 / 25850.0,65,39.25,6500.0,SL Hit (40% Premium Appreciation),-1430.0,-22.0
NIFTY,NIFTY SPOT,CE_SPREAD,2026-01-13 13:35:00,2026-01-16 10:15:00,2 days 20:40:00,110,25750.0 / 25850.0,65,39.6,6500.0,SL Hit (40% Premium Appreciation),-1407.25,-21.65
NIFTY,NIFTY SPOT,CE_SPREAD,2026-01-14 14:40:00,2026-01-16 10:00:00,1 days 19:20:00,19,25750.0 / 25850.0,65,34.85,6500.0,SL Hit (40% Premium Appreciation),-1036.75,-15.95
NIFTY,NIFTY SPOT,CE_SPREAD,2026-01-19 10:25:00,2026-01-19 11:00:00,0 days 00:35:00,7,25650.0 / 25750.0,65,15.85,6500.0,SL Hit (40% Premium Appreciation),-507.0,-7.8
NIFTY,NIFTY SPOT,CE_SPREAD,2026-01-19 10:30:00,2026-01-19 13:45:00,0 days 03:15:00,39,25600.0 / 25700.0,65,23.75,6500.0,SL Hit (40% Premium Appreciation),-679.25,-10.45
NIFTY,NIFTY SPOT,CE_SPREAD,2026-01-19 10:50:00,2026-01-19 13:50:00,0 days 03:00:00,36,25600.0 / 25700.0,65,24.9,6500.0,SL Hit (40% Premium Appreciation),-874.9,-13.46
NIFTY,NIFTY SPOT,CE_SPREAD,2026-01-19 11:00:00,2026-01-19 14:00:00,0 days 03:00:00,36,25650.0 / 25750.0,65,23.65,6500.0,SL Hit (40% Premium Appreciation),-676.0,-10.4
NIFTY,NIFTY SPOT,CE_SPREAD,2026-01-20 09:20:00,2026-01-20 14:50:00,0 days 05:30:00,66,25650.0 / 25750.0,65,35.35,6500.0,Target Hit (50% Premium Decay),1209.0,18.6
NIFTY,NIFTY SPOT,CE_SPREAD,2026-01-20 10:10:00,2026-01-20 15:00:00,0 days 04:50:00,58,25600.0 / 25700.0,65,35.95,6500.0,Target Hit (50% Premium Decay),1296.75,19.95
NIFTY,NIFTY SPOT,CE_SPREAD,2026-01-20 10:15:00,2026-01-20 15:00:00,0 days 04:45:00,57,25550.0 / 25650.0,65,42.8,6500.0,Target Hit (50% Premium Decay),1482.0,22.8
NIFTY,NIFTY SPOT,CE_SPREAD,2026-01-21 09:20:00,2026-01-21 10:40:00,0 days 01:20:00,16,25350.0 / 25450.0,65,39.65,6500.0,Target Hit (50% Premium Decay),1391.0,21.4
NIFTY,NIFTY SPOT,CE_SPREAD,2026-01-21 09:30:00,2026-01-21 10:40:00,0 days 01:10:00,14,25300.0 / 25400.0,65,47.45,6500.0,Target Hit (50% Premium Decay),1628.25,25.05
NIFTY,NIFTY SPOT,CE_SPREAD,2026-01-21 09:35:00,2026-01-21 10:50:00,0 days 01:15:00,15,25350.0 / 25450.0,65,34.65,6500.0,Target Hit (50% Premium Decay),1277.25,19.65
NIFTY,NIFTY SPOT,CE_SPREAD,2026-01-27 09:20:00,2026-01-27 15:15:00,0 days 05:55:00,71,25100.0 / 25200.0,65,44.05,6500.0,SL Hit (40% Premium Appreciation),-1283.75,-19.75
NIFTY,NIFTY SPOT,CE_SPREAD,2026-01-27 13:40:00,2026-01-28 09:25:00,0 days 19:45:00,24,25150.0 / 25250.0,65,47.05,6500.0,SL Hit (40% Premium Appreciation),-1254.5,-19.3
NIFTY,NIFTY SPOT,CE_SPREAD,2026-01-27 14:00:00,2026-01-28 09:25:00,0 days 19:25:00,20,25150.0 / 25250.0,65,46.65,6500.0,SL Hit (40% Premium Appreciation),-1280.5,-19.7
NIFTY,NIFTY SPOT,PE_SPREAD,2026-01-28 09:50:00,2026-02-01 09:15:00,3 days 23:25:00,218,25200.0 / 25100.0,65,34.55,6500.0,Time Stop (Max 3 Days Hit),-74.75,-1.15
NIFTY,NIFTY SPOT,PE_SPREAD,2026-01-28 09:55:00,2026-02-01 09:15:00,3 days 23:20:00,217,25200.0 / 25100.0,65,32.8,6500.0,Time Stop (Max 3 Days Hit),-188.5,-2.9
NIFTY,NIFTY SPOT,PE_SPREAD,2026-01-28 10:00:00,2026-02-01 09:15:00,3 days 23:15:00,216,25200.0 / 25100.0,65,34.2,6500.0,Time Stop (Max 3 Days Hit),-97.5,-1.5
NIFTY,NIFTY SPOT,CE_SPREAD,2026-02-01 12:50:00,2026-02-01 15:15:00,0 days 02:25:00,29,25050.0 / 25150.0,65,44.1,6500.0,Target Hit (50% Premium Decay),1647.75,25.35
NIFTY,NIFTY SPOT,CE_SPREAD,2026-02-01 13:00:00,2026-02-01 15:05:00,0 days 02:05:00,25,25150.0 / 25250.0,65,41.4,6500.0,Target Hit (50% Premium Decay),1498.25,23.05
NIFTY,NIFTY SPOT,CE_SPREAD,2026-02-01 13:05:00,2026-02-01 15:05:00,0 days 02:00:00,24,25200.0 / 25300.0,65,36.8,6500.0,Target Hit (50% Premium Decay),1452.75,22.35
NIFTY,NIFTY SPOT,CE_SPREAD,2026-02-02 09:25:00,2026-02-02 11:00:00,0 days 01:35:00,19,25000.0 / 25100.0,65,32.35,6500.0,Target Hit (50% Premium Decay),1088.75,16.75
NIFTY,NIFTY SPOT,CE_SPREAD,2026-02-02 09:30:00,2026-02-02 11:00:00,0 days 01:30:00,18,24950.0 / 25050.0,65,40.5,6500.0,Target Hit (50% Premium Decay),1326.0,20.4
NIFTY,NIFTY SPOT,CE_SPREAD,2026-02-02 09:35:00,2026-02-02 11:00:00,0 days 01:25:00,17,25000.0 / 25100.0,65,34.2,6500.0,Target Hit (50% Premium Decay),1209.0,18.6
NIFTY,NIFTY SPOT,PE_SPREAD,2026-02-03 10:10:00,2026-02-06 10:15:00,3 days 00:05:00,226,25600.0 / 25500.0,65,40.65,6500.0,Time Stop (Max 3 Days Hit),-578.5,-8.9
NIFTY,NIFTY SPOT,PE_SPREAD,2026-02-03 10:15:00,2026-02-06 09:40:00,2 days 23:25:00,218,25550.0 / 25450.0,65,30.25,6500.0,SL Hit (40% Premium Appreciation),-848.25,-13.05
NIFTY,NIFTY SPOT,PE_SPREAD,2026-02-03 10:20:00,2026-02-06 09:25:00,2 days 23:05:00,214,25650.0 / 25550.0,65,36.1,6500.0,SL Hit (40% Premium Appreciation),-965.25,-14.85
NIFTY,NIFTY SPOT,PE_SPREAD,2026-02-09 11:30:00,2026-02-10 09:15:00,0 days 21:45:00,48,25750.0 / 25650.0,65,16.45,6500.0,Target Hit (50% Premium Decay),773.5,11.9
NIFTY,NIFTY SPOT,PE_SPREAD,2026-02-09 11:40:00,2026-02-10 09:15:00,0 days 21:35:00,46,25750.0 / 25650.0,65,16.6,6500.0,Target Hit (50% Premium Decay),783.25,12.05
NIFTY,NIFTY SPOT,PE_SPREAD,2026-02-09 11:45:00,2026-02-10 09:15:00,0 days 21:30:00,45,25750.0 / 25650.0,65,16.7,6500.0,Target Hit (50% Premium Decay),789.75,12.15
NIFTY,NIFTY SPOT,PE_SPREAD,2026-02-10 09:20:00,2026-02-12 14:45:00,2 days 05:25:00,215,25800.0 / 25700.0,65,25.3,6500.0,SL Hit (40% Premium Appreciation),-1023.75,-15.75
NIFTY,NIFTY SPOT,PE_SPREAD,2026-02-10 10:00:00,2026-02-12 11:30:00,2 days 01:30:00,168,25850.0 / 25750.0,65,27.8,6500.0,SL Hit (40% Premium Appreciation),-770.25,-11.85
NIFTY,NIFTY SPOT,PE_SPREAD,2026-02-10 10:20:00,2026-02-12 11:30:00,2 days 01:10:00,164,25850.0 / 25750.0,65,27.8,6500.0,SL Hit (40% Premium Appreciation),-770.25,-11.85
NIFTY,NIFTY SPOT,CE_SPREAD,2026-02-16 09:25:00,2026-02-16 10:00:00,0 days 00:35:00,7,25600.0 / 25700.0,65,19.2,6500.0,SL Hit (40% Premium Appreciation),-568.75,-8.75
NIFTY,NIFTY SPOT,CE_SPREAD,2026-02-16 09:30:00,2026-02-16 12:25:00,0 days 02:55:00,35,25550.0 / 25650.0,65,34.6,6500.0,SL Hit (40% Premium Appreciation),-916.5,-14.1
NIFTY,NIFTY SPOT,CE_SPREAD,2026-02-16 09:35:00,2026-02-16 10:10:00,0 days 00:35:00,7,25600.0 / 25700.0,65,22.35,6500.0,SL Hit (40% Premium Appreciation),-783.25,-12.05
NIFTY,NIFTY SPOT,PE_SPREAD,2026-02-16 14:05:00,2026-02-16 14:45:00,0 days 00:40:00,8,25500.0 / 25400.0,65,23.05,6500.0,Target Hit (50% Premium Decay),783.25,12.05
NIFTY,NIFTY SPOT,PE_SPREAD,2026-02-16 14:15:00,2026-02-16 15:00:00,0 days 00:45:00,9,25500.0 / 25400.0,65,19.95,6500.0,Target Hit (50% Premium Decay),744.25,11.45
NIFTY,NIFTY SPOT,PE_SPREAD,2026-02-16 14:20:00,2026-02-16 15:00:00,0 days 00:40:00,8,25500.0 / 25400.0,65,19.25,6500.0,Target Hit (50% Premium Decay),698.75,10.75
NIFTY,NIFTY SPOT,PE_SPREAD,2026-02-17 12:20:00,2026-02-19 12:00:00,1 days 23:40:00,146,25650.0 / 25550.0,65,28.8,6500.0,SL Hit (40% Premium Appreciation),-750.75,-11.55
NIFTY,NIFTY SPOT,PE_SPREAD,2026-02-17 12:30:00,2026-02-19 12:05:00,1 days 23:35:00,145,25650.0 / 25550.0,65,30.6,6500.0,SL Hit (40% Premium Appreciation),-796.25,-12.25
NIFTY,NIFTY SPOT,PE_SPREAD,2026-02-17 12:35:00,2026-02-19 12:05:00,1 days 23:30:00,144,25650.0 / 25550.0,65,30.25,6500.0,SL Hit (40% Premium Appreciation),-819.0,-12.6
NIFTY,NIFTY SPOT,PE_SPREAD,2026-02-23 10:15:00,2026-02-23 10:40:00,0 days 00:25:00,5,25600.0 / 25500.0,65,18.45,6500.0,SL Hit (40% Premium Appreciation),-689.0,-10.6
NIFTY,NIFTY SPOT,PE_SPREAD,2026-02-23 10:20:00,2026-02-23 10:40:00,0 days 00:20:00,4,25650.0 / 25550.0,65,24.7,6500.0,SL Hit (40% Premium Appreciation),-763.75,-11.75
NIFTY,NIFTY SPOT,PE_SPREAD,2026-02-23 10:25:00,2026-02-23 11:45:00,0 days 01:20:00,16,25650.0 / 25550.0,65,27.0,6500.0,SL Hit (40% Premium Appreciation),-734.5,-11.3
NIFTY,NIFTY SPOT,PE_SPREAD,2026-02-23 11:05:00,2026-02-24 09:15:00,0 days 22:10:00,53,25600.0 / 25500.0,65,24.65,6500.0,SL Hit (40% Premium Appreciation),-1264.25,-19.45
NIFTY,NIFTY SPOT,PE_SPREAD,2026-02-23 11:10:00,2026-02-23 12:55:00,0 days 01:45:00,21,25600.0 / 25500.0,65,22.5,6500.0,SL Hit (40% Premium Appreciation),-633.75,-9.75
NIFTY,NIFTY SPOT,CE_SPREAD,2026-02-24 10:25:00,2026-02-27 09:15:00,2 days 22:50:00,211,25600.0 / 25700.0,65,42.8,6500.0,Target Hit (50% Premium Decay),1712.75,26.35
NIFTY,NIFTY SPOT,CE_SPREAD,2026-02-24 10:35:00,2026-02-27 09:15:00,2 days 22:40:00,209,25600.0 / 25700.0,65,44.25,6500.0,Target Hit (50% Premium Decay),1807.0,27.8
NIFTY,NIFTY SPOT,CE_SPREAD,2026-02-24 10:40:00,2026-02-27 09:15:00,2 days 22:35:00,208,25600.0 / 25700.0,65,42.85,6500.0,Target Hit (50% Premium Decay),1716.0,26.4
NIFTY,NIFTY SPOT,CE_SPREAD,2026-03-02 11:00:00,2026-03-04 09:15:00,1 days 22:15:00,54,24950.0 / 25050.0,65,49.05,6500.0,Target Hit (50% Premium Decay),1823.25,28.05
NIFTY,NIFTY SPOT,CE_SPREAD,2026-03-02 11:05:00,2026-03-04 09:15:00,1 days 22:10:00,53,24950.0 / 25050.0,65,48.7,6500.0,Target Hit (50% Premium Decay),1800.5,27.7
NIFTY,NIFTY SPOT,CE_SPREAD,2026-03-02 11:10:00,2026-03-04 09:15:00,1 days 22:05:00,52,24950.0 / 25050.0,65,47.6,6500.0,Target Hit (50% Premium Decay),1729.0,26.6
NIFTY,NIFTY SPOT,CE_SPREAD,2026-03-04 10:20:00,2026-03-05 14:40:00,1 days 04:20:00,127,24500.0 / 24600.0,65,51.1,6500.0,SL Hit (40% Premium Appreciation),-1465.75,-22.55
NIFTY,NIFTY SPOT,CE_SPREAD,2026-03-04 10:25:00,2026-03-05 14:40:00,1 days 04:15:00,126,24500.0 / 24600.0,65,52.4,6500.0,SL Hit (40% Premium Appreciation),-1381.25,-21.25
NIFTY,NIFTY SPOT,CE_SPREAD,2026-03-04 10:30:00,2026-03-05 14:40:00,1 days 04:10:00,125,24500.0 / 24600.0,65,50.7,6500.0,SL Hit (40% Premium Appreciation),-1491.75,-22.95
NIFTY,NIFTY SPOT,CE_SPREAD,2026-03-09 10:15:00,2026-03-09 14:45:00,0 days 04:30:00,54,23900.0 / 24000.0,65,40.15,6500.0,SL Hit (40% Premium Appreciation),-1280.5,-19.7
NIFTY,NIFTY SPOT,CE_SPREAD,2026-03-09 10:40:00,2026-03-09 14:50:00,0 days 04:10:00,50,23850.0 / 23950.0,65,45.45,6500.0,SL Hit (40% Premium Appreciation),-1287.0,-19.8
NIFTY,NIFTY SPOT,CE_SPREAD,2026-03-09 10:50:00,2026-03-10 09:15:00,0 days 22:25:00,56,23850.0 / 23950.0,65,53.6,6500.0,SL Hit (40% Premium Appreciation),-2151.5,-33.1
NIFTY,NIFTY SPOT,PE_SPREAD,2026-03-10 14:05:00,2026-03-11 10:40:00,0 days 20:35:00,34,24150.0 / 24050.0,65,31.95,6500.0,SL Hit (40% Premium Appreciation),-845.0,-13.0
NIFTY,NIFTY SPOT,PE_SPREAD,2026-03-10 14:10:00,2026-03-11 10:40:00,0 days 20:30:00,33,24200.0 / 24100.0,65,33.5,6500.0,SL Hit (40% Premium Appreciation),-975.0,-15.0
NIFTY,NIFTY SPOT,PE_SPREAD,2026-03-10 14:50:00,2026-03-11 11:15:00,0 days 20:25:00,32,24150.0 / 24050.0,65,32.2,6500.0,SL Hit (40% Premium Appreciation),-1023.75,-15.75
NIFTY,NIFTY SPOT,CE_SPREAD,2026-03-11 11:05:00,2026-03-12 09:15:00,0 days 22:10:00,53,24200.0 / 24300.0,65,46.35,6500.0,Target Hit (50% Premium Decay),1930.5,29.7
NIFTY,NIFTY SPOT,CE_SPREAD,2026-03-11 11:10:00,2026-03-12 09:15:00,0 days 22:05:00,52,24200.0 / 24300.0,65,45.55,6500.0,Target Hit (50% Premium Decay),1878.5,28.9
NIFTY,NIFTY SPOT,CE_SPREAD,2026-03-11 12:05:00,2026-03-12 09:15:00,0 days 21:10:00,41,24100.0 / 24200.0,65,49.0,6500.0,Target Hit (50% Premium Decay),1790.75,27.55
NIFTY,NIFTY SPOT,PE_SPREAD,2026-03-16 14:20:00,2026-03-17 09:15:00,0 days 18:55:00,14,23150.0 / 23050.0,65,25.85,6500.0,Target Hit (50% Premium Decay),1140.75,17.55
NIFTY,NIFTY SPOT,PE_SPREAD,2026-03-17 09:20:00,2026-03-18 09:15:00,0 days 23:55:00,74,23300.0 / 23200.0,65,38.05,6500.0,Target Hit (50% Premium Decay),1436.5,22.1
NIFTY,NIFTY SPOT,PE_SPREAD,2026-03-17 09:25:00,2026-03-18 09:15:00,0 days 23:50:00,73,23250.0 / 23150.0,65,34.95,6500.0,Target Hit (50% Premium Decay),1329.25,20.45
NIFTY,NIFTY SPOT,PE_SPREAD,2026-03-17 09:30:00,2026-03-18 09:15:00,0 days 23:45:00,72,23300.0 / 23200.0,65,35.75,6500.0,Target Hit (50% Premium Decay),1287.0,19.8
NIFTY,NIFTY SPOT,PE_SPREAD,2026-03-18 10:00:00,2026-03-19 09:15:00,0 days 23:15:00,66,23600.0 / 23500.0,65,36.1,6500.0,SL Hit (40% Premium Appreciation),-1979.25,-30.45
NIFTY,NIFTY SPOT,PE_SPREAD,2026-03-18 10:20:00,2026-03-19 09:15:00,0 days 22:55:00,62,23600.0 / 23500.0,65,30.55,6500.0,SL Hit (40% Premium Appreciation),-2340.0,-36.0
NIFTY,NIFTY SPOT,PE_SPREAD,2026-03-18 10:50:00,2026-03-19 09:15:00,0 days 22:25:00,56,23650.0 / 23550.0,65,30.65,6500.0,SL Hit (40% Premium Appreciation),-2658.5,-40.9
NIFTY,NIFTY SPOT,CE_SPREAD,2026-03-23 11:10:00,2026-03-24 09:15:00,0 days 22:05:00,52,22650.0 / 22750.0,65,41.25,6500.0,SL Hit (40% Premium Appreciation),-1387.75,-21.35
NIFTY,NIFTY SPOT,CE_SPREAD,2026-03-23 11:15:00,2026-03-24 09:15:00,0 days 22:00:00,51,22650.0 / 22750.0,65,39.75,6500.0,SL Hit (40% Premium Appreciation),-1485.25,-22.85
NIFTY,NIFTY SPOT,CE_SPREAD,2026-03-23 11:20:00,2026-03-24 09:15:00,0 days 21:55:00,50,22650.0 / 22750.0,65,41.1,6500.0,SL Hit (40% Premium Appreciation),-1397.5,-21.5
NIFTY,NIFTY SPOT,PE_SPREAD,2026-03-24 12:10:00,2026-03-25 09:30:00,0 days 21:20:00,43,22650.0 / 22550.0,65,35.55,6500.0,Target Hit (50% Premium Decay),1179.75,18.15
NIFTY,NIFTY SPOT,PE_SPREAD,2026-03-24 12:15:00,2026-03-25 09:30:00,0 days 21:15:00,42,22650.0 / 22550.0,65,36.1,6500.0,Target Hit (50% Premium Decay),1215.5,18.7
NIFTY,NIFTY SPOT,PE_SPREAD,2026-03-24 12:20:00,2026-03-25 09:50:00,0 days 21:30:00,45,22650.0 / 22550.0,65,31.25,6500.0,Target Hit (50% Premium Decay),1023.75,15.75
NIFTY,NIFTY SPOT,PE_SPREAD,2026-03-25 11:30:00,2026-03-27 09:15:00,1 days 21:45:00,48,23300.0 / 23200.0,65,36.9,6500.0,SL Hit (40% Premium Appreciation),-1306.5,-20.1
NIFTY,NIFTY SPOT,PE_SPREAD,2026-03-25 11:35:00,2026-03-27 09:15:00,1 days 21:40:00,47,23300.0 / 23200.0,65,38.35,6500.0,SL Hit (40% Premium Appreciation),-1212.25,-18.65
NIFTY,NIFTY SPOT,PE_SPREAD,2026-03-25 11:40:00,2026-03-27 09:15:00,1 days 21:35:00,46,23250.0 / 23150.0,65,36.45,6500.0,SL Hit (40% Premium Appreciation),-1111.5,-17.1
NIFTY,NIFTY SPOT,CE_SPREAD,2026-03-30 09:40:00,2026-04-02 09:15:00,2 days 23:35:00,145,22800.0 / 22900.0,65,50.05,6500.0,Target Hit (50% Premium Decay),1885.0,29.0
NIFTY,NIFTY SPOT,CE_SPREAD,2026-03-30 09:45:00,2026-04-02 09:15:00,2 days 23:30:00,144,22750.0 / 22850.0,65,49.55,6500.0,Target Hit (50% Premium Decay),1664.0,25.6
NIFTY,NIFTY SPOT,CE_SPREAD,2026-03-30 09:50:00,2026-04-02 09:15:00,2 days 23:25:00,143,22750.0 / 22850.0,65,48.8,6500.0,Target Hit (50% Premium Decay),1615.25,24.85
NIFTY,NIFTY SPOT,CE_SPREAD,2026-04-02 09:15:00,2026-04-02 13:25:00,0 days 04:10:00,50,22500.0 / 22600.0,65,36.15,6500.0,SL Hit (40% Premium Appreciation),-988.0,-15.2
NIFTY,NIFTY SPOT,PE_SPREAD,2026-04-06 12:20:00,2026-04-06 14:30:00,0 days 02:10:00,26,22550.0 / 22450.0,65,31.6,6500.0,Target Hit (50% Premium Decay),1040.0,16.0
NIFTY,NIFTY SPOT,PE_SPREAD,2026-04-06 12:25:00,2026-04-06 15:00:00,0 days 02:35:00,31,22600.0 / 22500.0,65,34.15,6500.0,Target Hit (50% Premium Decay),1209.0,18.6
NIFTY,NIFTY SPOT,PE_SPREAD,2026-04-06 12:35:00,2026-04-06 14:10:00,0 days 01:35:00,19,22550.0 / 22450.0,65,33.6,6500.0,Target Hit (50% Premium Decay),1095.25,16.85
NIFTY,NIFTY SPOT,PE_SPREAD,2026-04-06 14:15:00,2026-04-07 09:15:00,0 days 19:00:00,15,22800.0 / 22700.0,65,31.6,6500.0,SL Hit (40% Premium Appreciation),-1157.0,-17.8
NIFTY,NIFTY SPOT,PE_SPREAD,2026-04-06 14:30:00,2026-04-07 09:15:00,0 days 18:45:00,12,22800.0 / 22700.0,65,31.15,6500.0,SL Hit (40% Premium Appreciation),-1186.25,-18.25
NIFTY,NIFTY SPOT,PE_SPREAD,2026-04-06 15:00:00,2026-04-07 09:15:00,0 days 18:15:00,6,22800.0 / 22700.0,65,27.2,6500.0,SL Hit (40% Premium Appreciation),-1443.0,-22.2
NIFTY,NIFTY SPOT,PE_SPREAD,2026-04-07 11:50:00,2026-04-08 09:15:00,0 days 21:25:00,44,22800.0 / 22700.0,65,36.65,6500.0,Target Hit (50% Premium Decay),2125.5,32.7
NIFTY,NIFTY SPOT,PE_SPREAD,2026-04-07 11:55:00,2026-04-08 09:15:00,0 days 21:20:00,43,22850.0 / 22750.0,65,38.75,6500.0,Target Hit (50% Premium Decay),2223.0,34.2
NIFTY,NIFTY SPOT,PE_SPREAD,2026-04-07 14:05:00,2026-04-08 09:15:00,0 days 19:10:00,17,22900.0 / 22800.0,65,37.75,6500.0,Target Hit (50% Premium Decay),2119.0,32.6
NIFTY,NIFTY SPOT,PE_SPREAD,2026-04-08 11:30:00,2026-04-09 09:55:00,0 days 22:25:00,56,23900.0 / 23800.0,65,36.25,6500.0,SL Hit (40% Premium Appreciation),-1056.25,-16.25
NIFTY,NIFTY SPOT,PE_SPREAD,2026-04-08 11:35:00,2026-04-09 09:55:00,0 days 22:20:00,55,23850.0 / 23750.0,65,33.45,6500.0,SL Hit (40% Premium Appreciation),-984.75,-15.15
NIFTY,NIFTY SPOT,PE_SPREAD,2026-04-08 11:40:00,2026-04-09 09:45:00,0 days 22:05:00,52,23850.0 / 23750.0,65,32.25,6500.0,SL Hit (40% Premium Appreciation),-864.5,-13.3
NIFTY,NIFTY SPOT,CE_SPREAD,2026-04-13 10:15:00,2026-04-15 09:15:00,1 days 23:00:00,63,23750.0 / 23850.0,65,50.9,6500.0,SL Hit (40% Premium Appreciation),-1940.25,-29.85
NIFTY,NIFTY SPOT,CE_SPREAD,2026-04-13 10:25:00,2026-04-15 09:15:00,1 days 22:50:00,61,23800.0 / 23900.0,65,49.85,6500.0,SL Hit (40% Premium Appreciation),-1878.5,-28.9
NIFTY,NIFTY SPOT,CE_SPREAD,2026-04-13 10:30:00,2026-04-15 09:15:00,1 days 22:45:00,60,23800.0 / 23900.0,65,48.7,6500.0,SL Hit (40% Premium Appreciation),-1953.25,-30.05
NIFTY,NIFTY SPOT,PE_SPREAD,2026-04-15 10:45:00,2026-04-16 13:20:00,1 days 02:35:00,106,24150.0 / 24050.0,65,34.4,6500.0,SL Hit (40% Premium Appreciation),-897.0,-13.8
NIFTY,NIFTY SPOT,PE_SPREAD,2026-04-15 10:55:00,2026-04-20 09:15:00,4 days 22:20:00,205,24100.0 / 24000.0,65,32.55,6500.0,Time Stop (Max 3 Days Hit),874.25,13.45
NIFTY,NIFTY SPOT,PE_SPREAD,2026-04-15 11:00:00,2026-04-20 09:15:00,4 days 22:15:00,204,24100.0 / 24000.0,65,33.65,6500.0,Time Stop (Max 3 Days Hit),945.75,14.55
NIFTY,NIFTY SPOT,PE_SPREAD,2026-04-22 09:15:00,2026-04-23 09:15:00,1 days 00:00:00,75,24350.0 / 24250.0,65,35.75,6500.0,SL Hit (40% Premium Appreciation),-1517.75,-23.35
NIFTY,NIFTY SPOT,CE_SPREAD,2026-04-22 11:05:00,2026-04-23 11:10:00,1 days 00:05:00,76,24550.0 / 24650.0,65,38.4,6500.0,Target Hit (50% Premium Decay),1306.5,20.1
NIFTY,NIFTY SPOT,CE_SPREAD,2026-04-22 11:10:00,2026-04-23 11:10:00,1 days 00:00:00,75,24500.0 / 24600.0,65,42.45,6500.0,Target Hit (50% Premium Decay),1391.0,21.4
NIFTY,NIFTY SPOT,PE_SPREAD,2026-04-27 13:10:00,2026-04-28 09:40:00,0 days 20:30:00,33,24000.0 / 23900.0,65,22.75,6500.0,Target Hit (50% Premium Decay),854.75,13.15
NIFTY,NIFTY SPOT,PE_SPREAD,2026-04-27 13:55:00,2026-04-28 09:40:00,0 days 19:45:00,24,24000.0 / 23900.0,65,22.1,6500.0,Target Hit (50% Premium Decay),812.5,12.5
NIFTY,NIFTY SPOT,PE_SPREAD,2026-04-27 14:00:00,2026-04-28 09:40:00,0 days 19:40:00,23,24000.0 / 23900.0,65,21.65,6500.0,Target Hit (50% Premium Decay),783.25,12.05
NIFTY,NIFTY SPOT,PE_SPREAD,2026-04-28 09:40:00,2026-04-29 12:20:00,1 days 02:40:00,107,24000.0 / 23900.0,65,35.85,6500.0,Target Hit (50% Premium Decay),1170.0,18.0
NIFTY,NIFTY SPOT,PE_SPREAD,2026-04-28 09:45:00,2026-04-29 12:30:00,1 days 02:45:00,108,24050.0 / 23950.0,65,39.85,6500.0,Target Hit (50% Premium Decay),1322.75,20.35
NIFTY,NIFTY SPOT,CE_SPREAD,2026-04-28 12:45:00,2026-04-29 10:00:00,0 days 21:15:00,42,24150.0 / 24250.0,65,38.9,6500.0,SL Hit (40% Premium Appreciation),-1088.75,-16.75
NIFTY,NIFTY SPOT,PE_SPREAD,2026-04-29 11:20:00,2026-04-30 09:15:00,0 days 21:55:00,50,24200.0 / 24100.0,65,33.2,6500.0,SL Hit (40% Premium Appreciation),-2229.5,-34.3
NIFTY,NIFTY SPOT,PE_SPREAD,2026-04-29 13:05:00,2026-04-29 14:15:00,0 days 01:10:00,14,24200.0 / 24100.0,65,30.35,6500.0,SL Hit (40% Premium Appreciation),-822.25,-12.65
NIFTY,NIFTY SPOT,PE_SPREAD,2026-04-29 13:10:00,2026-04-29 14:15:00,0 days 01:05:00,13,24200.0 / 24100.0,65,30.1,6500.0,SL Hit (40% Premium Appreciation),-838.5,-12.9
NIFTY,NIFTY SPOT,PE_SPREAD,2026-05-04 10:15:00,2026-05-04 13:20:00,0 days 03:05:00,37,24100.0 / 24000.0,65,29.5,6500.0,SL Hit (40% Premium Appreciation),-952.25,-14.65
NIFTY,NIFTY SPOT,PE_SPREAD,2026-05-04 10:20:00,2026-05-04 13:25:00,0 days 03:05:00,37,24050.0 / 23950.0,65,27.55,6500.0,SL Hit (40% Premium Appreciation),-1144.0,-17.6
NIFTY,NIFTY SPOT,PE_SPREAD,2026-05-04 10:25:00,2026-05-04 12:10:00,0 days 01:45:00,21,24050.0 / 23950.0,65,20.5,6500.0,SL Hit (40% Premium Appreciation),-731.25,-11.25
NIFTY,NIFTY SPOT,CE_SPREAD,2026-05-04 13:45:00,2026-05-05 09:15:00,0 days 19:30:00,21,24200.0 / 24300.0,65,31.15,6500.0,Target Hit (50% Premium Decay),1023.75,15.75
NIFTY,NIFTY SPOT,CE_SPREAD,2026-05-04 13:50:00,2026-05-05 09:20:00,0 days 19:30:00,21,24200.0 / 24300.0,65,30.3,6500.0,Target Hit (50% Premium Decay),1345.5,20.7
NIFTY,NIFTY SPOT,CE_SPREAD,2026-05-04 13:55:00,2026-05-05 09:20:00,0 days 19:25:00,20,24200.0 / 24300.0,65,28.75,6500.0,Target Hit (50% Premium Decay),1244.75,19.15
NIFTY,NIFTY SPOT,CE_SPREAD,2026-05-05 09:40:00,2026-05-06 14:20:00,1 days 04:40:00,131,24100.0 / 24200.0,65,44.75,6500.0,SL Hit (40% Premium Appreciation),-1599.0,-24.6
NIFTY,NIFTY SPOT,CE_SPREAD,2026-05-05 09:55:00,2026-05-06 14:20:00,1 days 04:25:00,128,24150.0 / 24250.0,65,42.35,6500.0,SL Hit (40% Premium Appreciation),-1465.75,-22.55
NIFTY,NIFTY SPOT,CE_SPREAD,2026-05-05 10:00:00,2026-05-06 14:20:00,1 days 04:20:00,127,24150.0 / 24250.0,65,40.45,6500.0,SL Hit (40% Premium Appreciation),-1589.25,-24.45
NIFTY,NIFTY SPOT,CE_SPREAD,2026-05-11 10:55:00,2026-05-11 13:45:00,0 days 02:50:00,34,24000.0 / 24100.0,65,30.15,6500.0,SL Hit (40% Premium Appreciation),-793.0,-12.2
NIFTY,NIFTY SPOT,CE_SPREAD,2026-05-11 11:00:00,2026-05-11 13:50:00,0 days 02:50:00,34,24000.0 / 24100.0,65,30.95,6500.0,SL Hit (40% Premium Appreciation),-929.5,-14.3
NIFTY,NIFTY SPOT,CE_SPREAD,2026-05-11 11:05:00,2026-05-12 09:15:00,0 days 22:10:00,53,24000.0 / 24100.0,65,32.4,6500.0,Target Hit (50% Premium Decay),1878.5,28.9
NIFTY,NIFTY SPOT,CE_SPREAD,2026-05-11 14:35:00,2026-05-11 15:25:00,0 days 00:50:00,10,24050.0 / 24150.0,65,24.7,6500.0,Target Hit (50% Premium Decay),838.5,12.9
NIFTY,NIFTY SPOT,CE_SPREAD,2026-05-11 14:40:00,2026-05-12 09:15:00,0 days 18:35:00,10,24050.0 / 24150.0,65,23.35,6500.0,Target Hit (50% Premium Decay),1384.5,21.3
NIFTY,NIFTY SPOT,CE_SPREAD,2026-05-12 10:15:00,2026-05-13 09:35:00,0 days 23:20:00,67,23750.0 / 23850.0,65,43.0,6500.0,Target Hit (50% Premium Decay),1439.75,22.15
NIFTY,NIFTY SPOT,CE_SPREAD,2026-05-12 10:20:00,2026-05-15 10:25:00,3 days 00:05:00,226,23750.0 / 23850.0,65,40.55,6500.0,Time Stop (Max 3 Days Hit),-916.5,-14.1
NIFTY,NIFTY SPOT,CE_SPREAD,2026-05-12 10:25:00,2026-05-15 10:30:00,3 days 00:05:00,226,23750.0 / 23850.0,65,40.15,6500.0,Time Stop (Max 3 Days Hit),-910.0,-14.0
NIFTY,NIFTY SPOT,CE_SPREAD,2026-05-13 15:05:00,2026-05-14 12:20:00,0 days 21:15:00,42,23500.0 / 23600.0,65,47.15,6500.0,SL Hit (40% Premium Appreciation),-1306.5,-20.1
NIFTY,NIFTY SPOT,CE_SPREAD,2026-05-18 10:20:00,2026-05-18 11:15:00,0 days 00:55:00,11,23500.0 / 23600.0,65,30.05,6500.0,SL Hit (40% Premium Appreciation),-802.75,-12.35
NIFTY,NIFTY SPOT,CE_SPREAD,2026-05-18 10:25:00,2026-05-18 11:15:00,0 days 00:50:00,10,23500.0 / 23600.0,65,29.3,6500.0,SL Hit (40% Premium Appreciation),-851.5,-13.1
NIFTY,NIFTY SPOT,CE_SPREAD,2026-05-18 10:30:00,2026-05-18 11:35:00,0 days 01:05:00,13,23500.0 / 23600.0,65,33.8,6500.0,SL Hit (40% Premium Appreciation),-1202.5,-18.5
NIFTY,NIFTY SPOT,PE_SPREAD,2026-05-18 13:15:00,2026-05-19 09:15:00,0 days 20:00:00,27,23500.0 / 23400.0,65,28.8,6500.0,Target Hit (50% Premium Decay),1449.5,22.3
NIFTY,NIFTY SPOT,PE_SPREAD,2026-05-18 13:25:00,2026-05-19 09:15:00,0 days 19:50:00,25,23550.0 / 23450.0,65,33.5,6500.0,Target Hit (50% Premium Decay),1540.5,23.7
NIFTY,NIFTY SPOT,PE_SPREAD,2026-05-18 13:30:00,2026-05-19 09:15:00,0 days 19:45:00,24,23500.0 / 23400.0,65,27.35,6500.0,Target Hit (50% Premium Decay),1355.25,20.85
NIFTY,NIFTY SPOT,PE_SPREAD,2026-05-19 09:35:00,2026-05-20 09:15:00,0 days 23:40:00,71,23600.0 / 23500.0,65,37.6,6500.0,SL Hit (40% Premium Appreciation),-1170.0,-18.0
NIFTY,NIFTY SPOT,PE_SPREAD,2026-05-19 09:40:00,2026-05-20 09:15:00,0 days 23:35:00,70,23600.0 / 23500.0,65,34.2,6500.0,SL Hit (40% Premium Appreciation),-1391.0,-21.4
NIFTY,NIFTY SPOT,PE_SPREAD,2026-05-19 10:05:00,2026-05-20 09:15:00,0 days 23:10:00,65,23600.0 / 23500.0,65,36.55,6500.0,SL Hit (40% Premium Appreciation),-1238.25,-19.05
NIFTY,NIFTY SPOT,CE_SPREAD,2026-05-20 09:50:00,2026-05-21 09:15:00,0 days 23:25:00,68,23600.0 / 23700.0,65,42.9,6500.0,SL Hit (40% Premium Appreciation),-1277.25,-19.65
NIFTY,NIFTY SPOT,CE_SPREAD,2026-05-20 09:55:00,2026-05-21 09:15:00,0 days 23:20:00,67,23650.0 / 23750.0,65,40.45,6500.0,SL Hit (40% Premium Appreciation),-1160.25,-17.85
NIFTY,NIFTY SPOT,CE_SPREAD,2026-05-20 10:00:00,2026-05-20 14:50:00,0 days 04:50:00,58,23650.0 / 23750.0,65,37.1,6500.0,SL Hit (40% Premium Appreciation),-994.5,-15.3
NIFTY,NIFTY SPOT,PE_SPREAD,2026-05-25 11:00:00,2026-05-25 15:20:00,0 days 04:20:00,52,23900.0 / 23800.0,65,26.75,6500.0,Target Hit (50% Premium Decay),923.0,14.2
NIFTY,NIFTY SPOT,PE_SPREAD,2026-05-25 11:05:00,2026-05-25 15:20:00,0 days 04:15:00,51,23900.0 / 23800.0,65,27.9,6500.0,Target Hit (50% Premium Decay),997.75,15.35
NIFTY,NIFTY SPOT,PE_SPREAD,2026-05-25 11:10:00,2026-05-25 15:20:00,0 days 04:10:00,50,23900.0 / 23800.0,65,26.1,6500.0,Target Hit (50% Premium Decay),880.75,13.55
NIFTY,NIFTY SPOT,PE_SPREAD,2026-05-26 09:15:00,2026-05-29 09:20:00,3 days 00:05:00,151,23900.0 / 23800.0,65,35.0,6500.0,Time Stop (Max 3 Days Hit),71.5,1.1
NIFTY,NIFTY SPOT,PE_SPREAD,2026-05-26 09:20:00,2026-05-29 09:25:00,3 days 00:05:00,151,23900.0 / 23800.0,65,34.35,6500.0,Time Stop (Max 3 Days Hit),-312.0,-4.8
NIFTY,NIFTY SPOT,PE_SPREAD,2026-05-26 09:25:00,2026-05-29 09:30:00,3 days 00:05:00,151,23900.0 / 23800.0,65,32.6,6500.0,Time Stop (Max 3 Days Hit),-422.5,-6.5
NIFTY,NIFTY SPOT,CE_SPREAD,2026-06-01 09:20:00,2026-06-01 11:55:00,0 days 02:35:00,31,23750.0 / 23850.0,65,25.85,6500.0,Target Hit (50% Premium Decay),851.5,13.1
NIFTY,NIFTY SPOT,CE_SPREAD,2026-06-01 09:25:00,2026-06-01 13:05:00,0 days 03:40:00,44,23700.0 / 23800.0,65,31.55,6500.0,Target Hit (50% Premium Decay),1118.0,17.2
NIFTY,NIFTY SPOT,CE_SPREAD,2026-06-01 09:30:00,2026-06-01 11:55:00,0 days 02:25:00,29,23700.0 / 23800.0,65,33.75,6500.0,Target Hit (50% Premium Decay),1098.5,16.9
NIFTY,NIFTY SPOT,CE_SPREAD,2026-06-01 12:00:00,2026-06-01 14:50:00,0 days 02:50:00,34,23600.0 / 23700.0,65,29.95,6500.0,Target Hit (50% Premium Decay),1001.0,15.4
NIFTY,NIFTY SPOT,CE_SPREAD,2026-06-01 13:05:00,2026-06-01 15:25:00,0 days 02:20:00,28,23600.0 / 23700.0,65,26.15,6500.0,Target Hit (50% Premium Decay),968.5,14.9
NIFTY,NIFTY SPOT,CE_SPREAD,2026-06-01 13:50:00,2026-06-02 09:15:00,0 days 19:25:00,20,23550.0 / 23650.0,65,29.7,6500.0,Target Hit (50% Premium Decay),1735.5,26.7
NIFTY,NIFTY SPOT,CE_SPREAD,2026-06-01 14:50:00,2026-06-02 09:15:00,0 days 18:25:00,8,23500.0 / 23600.0,65,26.75,6500.0,Target Hit (50% Premium Decay),1404.0,21.6
NIFTY,NIFTY SPOT,CE_SPREAD,2026-06-02 09:15:00,2026-06-02 13:05:00,0 days 03:50:00,46,23350.0 / 23450.0,65,44.75,6500.0,SL Hit (40% Premium Appreciation),-1170.0,-18.0
NIFTY,NIFTY SPOT,CE_SPREAD,2026-06-02 09:55:00,2026-06-02 13:10:00,0 days 03:15:00,39,23400.0 / 23500.0,65,43.85,6500.0,SL Hit (40% Premium Appreciation),-1153.75,-17.75
NIFTY,NIFTY SPOT,CE_SPREAD,2026-06-02 10:00:00,2026-06-02 13:20:00,0 days 03:20:00,40,23400.0 / 23500.0,65,44.7,6500.0,SL Hit (40% Premium Appreciation),-1183.0,-18.2
NIFTY,NIFTY SPOT,CE_SPREAD,2026-06-03 10:10:00,2026-06-03 13:45:00,0 days 03:35:00,43,23350.0 / 23450.0,65,39.95,6500.0,SL Hit (40% Premium Appreciation),-1098.5,-16.9
NIFTY,NIFTY SPOT,CE_SPREAD,2026-06-03 10:25:00,2026-06-03 13:50:00,0 days 03:25:00,41,23350.0 / 23450.0,65,40.7,6500.0,SL Hit (40% Premium Appreciation),-1075.75,-16.55
NIFTY,NIFTY SPOT,CE_SPREAD,2026-06-03 10:30:00,2026-06-03 13:45:00,0 days 03:15:00,39,23350.0 / 23450.0,65,38.15,6500.0,SL Hit (40% Premium Appreciation),-1215.5,-18.7
NIFTY,NIFTY SPOT,PE_SPREAD,2026-06-03 14:40:00,2026-06-04 09:20:00,0 days 18:40:00,11,23350.0 / 23250.0,65,29.3,6500.0,SL Hit (40% Premium Appreciation),-819.0,-12.6
NIFTY,NIFTY SPOT,PE_SPREAD,2026-06-03 15:05:00,2026-06-05 13:25:00,1 days 22:20:00,130,23350.0 / 23250.0,65,33.2,6500.0,SL Hit (40% Premium Appreciation),-864.5,-13.3
NIFTY,NIFTY SPOT,PE_SPREAD,2026-06-03 15:10:00,2026-06-05 13:25:00,1 days 22:15:00,129,23300.0 / 23200.0,65,28.95,6500.0,SL Hit (40% Premium Appreciation),-822.25,-12.65
NIFTY,NIFTY SPOT,CE_SPREAD,2026-06-08 10:05:00,2026-06-09 10:00:00,0 days 23:55:00,74,23250.0 / 23350.0,65,37.45,6500.0,Target Hit (50% Premium Decay),1313.0,20.2
NIFTY,NIFTY SPOT,CE_SPREAD,2026-06-08 10:10:00,2026-06-08 12:50:00,0 days 02:40:00,32,23300.0 / 23400.0,65,29.05,6500.0,SL Hit (40% Premium Appreciation),-799.5,-12.3
NIFTY,NIFTY SPOT,CE_SPREAD,2026-06-08 10:15:00,2026-06-09 10:00:00,0 days 23:45:00,72,23250.0 / 23350.0,65,37.2,6500.0,Target Hit (50% Premium Decay),1296.75,19.95
NIFTY,NIFTY SPOT,CE_SPREAD,2026-06-08 13:35:00,2026-06-08 15:00:00,0 days 01:25:00,17,23300.0 / 23400.0,65,31.8,6500.0,Target Hit (50% Premium Decay),1033.5,15.9
NIFTY,NIFTY SPOT,CE_SPREAD,2026-06-08 15:05:00,2026-06-09 09:15:00,0 days 18:10:00,5,23200.0 / 23300.0,65,31.35,6500.0,SL Hit (40% Premium Appreciation),-910.0,-14.0
NIFTY,NIFTY SPOT,PE_SPREAD,2026-06-10 11:00:00,2026-06-10 14:45:00,0 days 03:45:00,45,23300.0 / 23200.0,65,35.45,6500.0,SL Hit (40% Premium Appreciation),-971.75,-14.95
NIFTY,NIFTY SPOT,PE_SPREAD,2026-06-10 11:20:00,2026-06-10 14:40:00,0 days 03:20:00,40,23250.0 / 23150.0,65,31.95,6500.0,SL Hit (40% Premium Appreciation),-832.0,-12.8
NIFTY,NIFTY SPOT,PE_SPREAD,2026-06-10 11:25:00,2026-06-10 14:35:00,0 days 03:10:00,38,23300.0 / 23200.0,65,33.15,6500.0,SL Hit (40% Premium Appreciation),-903.5,-13.9
NIFTY,NIFTY SPOT,PE_SPREAD,2026-06-16 13:20:00,2026-06-18 09:40:00,1 days 20:20:00,106,23850.0 / 23750.0,65,35.85,6500.0,Target Hit (50% Premium Decay),1215.5,18.7
NIFTY,NIFTY SPOT,PE_SPREAD,2026-06-16 13:25:00,2026-06-18 09:45:00,1 days 20:20:00,106,23850.0 / 23750.0,65,34.15,6500.0,Target Hit (50% Premium Decay),1202.5,18.5
NIFTY,NIFTY SPOT,PE_SPREAD,2026-06-16 13:55:00,2026-06-18 09:40:00,1 days 19:45:00,99,23850.0 / 23750.0,65,34.5,6500.0,Target Hit (50% Premium Decay),1127.75,17.35
NIFTY,NIFTY SPOT,PE_SPREAD,2026-06-22 10:35:00,2026-06-23 09:55:00,0 days 23:20:00,67,24050.0 / 23950.0,65,20.95,6500.0,Target Hit (50% Premium Decay),734.5,11.3
NIFTY,NIFTY SPOT,PE_SPREAD,2026-06-22 10:40:00,2026-06-23 09:55:00,0 days 23:15:00,66,24050.0 / 23950.0,65,21.25,6500.0,Target Hit (50% Premium Decay),754.0,11.6
NIFTY,NIFTY SPOT,PE_SPREAD,2026-06-22 11:15:00,2026-06-23 09:55:00,0 days 22:40:00,59,24050.0 / 23950.0,65,20.6,6500.0,Target Hit (50% Premium Decay),711.75,10.95
NIFTY,NIFTY SPOT,CE_SPREAD,2026-06-23 13:15:00,2026-06-24 13:30:00,1 days 00:15:00,78,24000.0 / 24100.0,65,40.95,6500.0,SL Hit (40% Premium Appreciation),-1092.0,-16.8
NIFTY,NIFTY SPOT,CE_SPREAD,2026-06-23 14:05:00,2026-06-24 13:10:00,0 days 23:05:00,64,24000.0 / 24100.0,65,37.35,6500.0,SL Hit (40% Premium Appreciation),-984.75,-15.15
NIFTY,NIFTY SPOT,CE_SPREAD,2026-06-23 14:10:00,2026-06-24 13:25:00,0 days 23:15:00,66,24000.0 / 24100.0,65,39.05,6500.0,SL Hit (40% Premium Appreciation),-1046.5,-16.1
NIFTY,NIFTY SPOT,PE_SPREAD,2026-06-24 13:10:00,2026-06-25 09:20:00,0 days 20:10:00,29,23900.0 / 23800.0,65,26.7,6500.0,Target Hit (50% Premium Decay),900.25,13.85
NIFTY,NIFTY SPOT,PE_SPREAD,2026-06-24 14:00:00,2026-06-25 09:45:00,0 days 19:45:00,24,23950.0 / 23850.0,65,29.85,6500.0,Target Hit (50% Premium Decay),1040.0,16.0
NIFTY,NIFTY SPOT,PE_SPREAD,2026-06-24 14:05:00,2026-06-25 09:45:00,0 days 19:40:00,23,23950.0 / 23850.0,65,30.0,6500.0,Target Hit (50% Premium Decay),1049.75,16.15
NIFTY,NIFTY SPOT,CE_SPREAD,2026-06-29 11:20:00,2026-06-29 12:30:00,0 days 01:10:00,14,24200.0 / 24300.0,65,18.7,6500.0,Target Hit (50% Premium Decay),624.0,9.6
NIFTY,NIFTY SPOT,CE_SPREAD,2026-06-29 11:25:00,2026-06-29 12:30:00,0 days 01:05:00,13,24150.0 / 24250.0,65,26.1,6500.0,Target Hit (50% Premium Decay),867.75,13.35
NIFTY,NIFTY SPOT,CE_SPREAD,2026-06-29 11:35:00,2026-06-29 14:55:00,0 days 03:20:00,40,24150.0 / 24250.0,65,22.55,6500.0,Target Hit (50% Premium Decay),741.0,11.4
NIFTY,NIFTY SPOT,CE_SPREAD,2026-06-29 13:00:00,2026-06-30 09:25:00,0 days 20:25:00,32,24050.0 / 24150.0,65,25.55,6500.0,Target Hit (50% Premium Decay),838.5,12.9
NIFTY,NIFTY SPOT,CE_SPREAD,2026-06-29 13:05:00,2026-06-30 09:20:00,0 days 20:15:00,30,24050.0 / 24150.0,65,28.05,6500.0,Target Hit (50% Premium Decay),984.75,15.15
NIFTY,NIFTY SPOT,CE_SPREAD,2026-06-29 14:55:00,2026-06-30 09:30:00,0 days 18:35:00,10,24050.0 / 24150.0,65,21.3,6500.0,Target Hit (50% Premium Decay),705.25,10.85
NIFTY,NIFTY SPOT,CE_SPREAD,2026-06-30 09:20:00,2026-07-02 09:15:00,1 days 23:55:00,149,24050.0 / 24150.0,65,36.1,6500.0,SL Hit (40% Premium Appreciation),-1261.0,-19.4
NIFTY,NIFTY SPOT,CE_SPREAD,2026-06-30 10:00:00,2026-07-02 09:15:00,1 days 23:15:00,141,24000.0 / 24100.0,65,40.9,6500.0,SL Hit (40% Premium Appreciation),-1277.25,-19.65
NIFTY,NIFTY SPOT,CE_SPREAD,2026-06-30 10:50:00,2026-07-02 09:15:00,1 days 22:25:00,131,24000.0 / 24100.0,65,41.0,6500.0,SL Hit (40% Premium Appreciation),-1270.75,-19.55
NIFTY,NIFTY SPOT,PE_SPREAD,2026-07-06 09:20:00,2026-07-06 12:05:00,0 days 02:45:00,33,24250.0 / 24150.0,65,20.3,6500.0,Target Hit (50% Premium Decay),663.0,10.2
NIFTY,NIFTY SPOT,PE_SPREAD,2026-07-06 10:20:00,2026-07-07 09:15:00,0 days 22:55:00,62,24300.0 / 24200.0,65,18.95,6500.0,Target Hit (50% Premium Decay),932.75,14.35
NIFTY,NIFTY SPOT,PE_SPREAD,2026-07-06 10:45:00,2026-07-07 09:15:00,0 days 22:30:00,57,24300.0 / 24200.0,65,16.7,6500.0,Target Hit (50% Premium Decay),786.5,12.1
NIFTY,NIFTY SPOT,PE_SPREAD,2026-07-06 12:10:00,2026-07-07 09:15:00,0 days 21:05:00,40,24350.0 / 24250.0,65,20.1,6500.0,Target Hit (50% Premium Decay),724.75,11.15
NIFTY,NIFTY SPOT,PE_SPREAD,2026-07-07 09:20:00,2026-07-08 09:15:00,0 days 23:55:00,74,24350.0 / 24250.0,65,30.75,6500.0,SL Hit (40% Premium Appreciation),-1472.25,-22.65
NIFTY,NIFTY SPOT,PE_SPREAD,2026-07-07 09:30:00,2026-07-08 09:15:00,0 days 23:45:00,72,24350.0 / 24250.0,65,34.15,6500.0,SL Hit (40% Premium Appreciation),-1251.25,-19.25
NIFTY,NIFTY SPOT,PE_SPREAD,2026-07-07 09:35:00,2026-07-08 09:15:00,0 days 23:40:00,71,24350.0 / 24250.0,65,32.15,6500.0,SL Hit (40% Premium Appreciation),-1381.25,-21.25
NIFTY,NIFTY SPOT,CE_SPREAD,2026-07-08 10:15:00,2026-07-08 14:05:00,0 days 03:50:00,46,24350.0 / 24450.0,65,31.7,6500.0,Target Hit (50% Premium Decay),1030.25,15.85
NIFTY,NIFTY SPOT,CE_SPREAD,2026-07-08 10:25:00,2026-07-08 14:10:00,0 days 03:45:00,45,24300.0 / 24400.0,65,36.55,6500.0,Target Hit (50% Premium Decay),1218.75,18.75
NIFTY,NIFTY SPOT,CE_SPREAD,2026-07-08 10:30:00,2026-07-08 14:05:00,0 days 03:35:00,43,24350.0 / 24450.0,65,32.35,6500.0,Target Hit (50% Premium Decay),1072.5,16.5
NIFTY,NIFTY SPOT,CE_SPREAD,2026-07-08 15:05:00,2026-07-09 09:30:00,0 days 18:25:00,8,23950.0 / 24050.0,65,40.35,6500.0,SL Hit (40% Premium Appreciation),-1056.25,-16.25
NIFTY,NIFTY SPOT,CE_SPREAD,2026-07-08 15:15:00,2026-07-09 09:35:00,0 days 18:20:00,7,24000.0 / 24100.0,65,37.1,6500.0,SL Hit (40% Premium Appreciation),-984.75,-15.15
NIFTY,NIFTY SPOT,CE_SPREAD,2026-07-14 10:30:00,2026-07-17 10:15:00,2 days 23:45:00,222,24200.0 / 24300.0,65,37.0,6500.0,SL Hit (40% Premium Appreciation),-1066.0,-16.4
NIFTY,NIFTY SPOT,CE_SPREAD,2026-07-14 10:35:00,2026-07-17 10:15:00,2 days 23:40:00,221,24200.0 / 24300.0,65,36.95,6500.0,SL Hit (40% Premium Appreciation),-1069.25,-16.45
NIFTY,NIFTY SPOT,CE_SPREAD,2026-07-14 10:40:00,2026-07-17 10:15:00,2 days 23:35:00,220,24200.0 / 24300.0,65,37.65,6500.0,SL Hit (40% Premium Appreciation),-1023.75,-15.75
NIFTY,NIFTY SPOT,CE_SPREAD,2026-07-21 11:20:00,2026-07-22 10:20:00,0 days 23:00:00,63,24300.0 / 24400.0,65,36.2,6500.0,Target Hit (50% Premium Decay),1199.25,18.45
NIFTY,NIFTY SPOT,CE_SPREAD,2026-07-21 11:25:00,2026-07-22 10:35:00,0 days 23:10:00,65,24300.0 / 24400.0,65,34.9,6500.0,Target Hit (50% Premium Decay),1150.5,17.7
NIFTY,NIFTY SPOT,CE_SPREAD,2026-07-21 11:35:00,2026-07-22 10:25:00,0 days 22:50:00,61,24300.0 / 24400.0,65,35.3,6500.0,Target Hit (50% Premium Decay),1147.25,17.65
NIFTY,NIFTY SPOT,CE_SPREAD,2026-07-22 10:50:00,2026-07-23 12:40:00,1 days 01:50:00,97,24100.0 / 24200.0,65,36.0,6500.0,Target Hit (50% Premium Decay),1290.25,19.85
NIFTY,NIFTY SPOT,CE_SPREAD,2026-07-22 10:55:00,2026-07-23 12:35:00,1 days 01:40:00,95,24100.0 / 24200.0,65,36.95,6500.0,Target Hit (50% Premium Decay),1215.5,18.7
NIFTY,NIFTY SPOT,CE_SPREAD,2026-07-22 11:00:00,2026-07-23 12:30:00,1 days 01:30:00,93,24150.0 / 24250.0,65,31.3,6500.0,Target Hit (50% Premium Decay),1033.5,15.9
NIFTY,NIFTY SPOT,PE_SPREAD,2026-07-27 10:00:00,2026-07-27 13:55:00,0 days 03:55:00,47,23850.0 / 23750.0,65,22.0,6500.0,Target Hit (50% Premium Decay),718.25,11.05
NIFTY,NIFTY SPOT,PE_SPREAD,2026-07-27 10:05:00,2026-07-27 13:10:00,0 days 03:05:00,37,23800.0 / 23700.0,65,16.1,6500.0,Target Hit (50% Premium Decay),562.25,8.65
NIFTY,NIFTY SPOT,PE_SPREAD,2026-07-27 10:15:00,2026-07-27 14:00:00,0 days 03:45:00,45,23850.0 / 23750.0,65,20.3,6500.0,Target Hit (50% Premium Decay),669.5,10.3
NIFTY,NIFTY SPOT,PE_SPREAD,2026-07-28 09:20:00,2026-07-29 09:45:00,1 days 00:25:00,80,23950.0 / 23850.0,65,33.9,6500.0,Target Hit (50% Premium Decay),1105.0,17.0
NIFTY,NIFTY SPOT,PE_SPREAD,2026-07-28 09:30:00,2026-07-29 09:15:00,0 days 23:45:00,72,23900.0 / 23800.0,65,31.6,6500.0,Target Hit (50% Premium Decay),1134.25,17.45
NIFTY,NIFTY SPOT,PE_SPREAD,2026-07-28 09:35:00,2026-07-29 09:15:00,0 days 23:40:00,71,23900.0 / 23800.0,65,29.4,6500.0,Target Hit (50% Premium Decay),991.25,15.25
NIFTY,NIFTY SPOT,PE_SPREAD,2026-07-29 10:50:00,2026-07-31 09:15:00,1 days 22:25:00,131,24100.0 / 24000.0,65,28.2,6500.0,Target Hit (50% Premium Decay),1166.75,17.95
NIFTY,NIFTY SPOT,PE_SPREAD,2026-07-29 10:55:00,2026-07-31 09:15:00,1 days 22:20:00,130,24100.0 / 24000.0,65,28.35,6500.0,Target Hit (50% Premium Decay),1176.5,18.1
NIFTY,NIFTY SPOT,PE_SPREAD,2026-07-29 11:00:00,2026-07-31 09:15:00,1 days 22:15:00,129,24100.0 / 24000.0,65,27.2,6500.0,Target Hit (50% Premium Decay),1101.75,16.95
NIFTY,NIFTY SPOT,PE_SPREAD,2026-08-03 10:40:00,2026-08-03 15:15:00,0 days 04:35:00,55,24500.0 / 24400.0,65,18.0,6500.0,15m Spot Close < ATR Trailing SL,48.75,0.75
NIFTY,NIFTY SPOT,PE_SPREAD,2026-08-03 11:15:00,2026-08-03 15:15:00,0 days 04:00:00,48,24500.0 / 24400.0,65,17.2,6500.0,15m Spot Close < ATR Trailing SL,-3.25,-0.05
NIFTY,NIFTY SPOT,PE_SPREAD,2026-08-03 11:20:00,2026-08-03 15:15:00,0 days 03:55:00,47,24500.0 / 24400.0,65,16.8,6500.0,15m Spot Close < ATR Trailing SL,-29.25,-0.45
NIFTY,NIFTY SPOT,PE_SPREAD,2026-08-04 09:15:00,2026-08-04 13:40:00,0 days 04:25:00,53,24600.0 / 24500.0,65,41.1,6500.0,SL Hit (40% Premium Appreciation),-1085.5,-16.7
NIFTY,NIFTY SPOT,CE_SPREAD,2026-08-04 13:25:00,2026-08-05 09:15:00,0 days 19:50:00,25,24600.0 / 24700.0,65,35.16,6500.0,SL Hit (40% Premium Appreciation),-1309.1,-20.14
NIFTY,NIFTY SPOT,CE_SPREAD,2026-08-04 13:30:00,2026-08-05 09:15:00,0 days 19:45:00,24,24550.0 / 24650.0,65,39.45,6500.0,SL Hit (40% Premium Appreciation),-1387.75,-21.35
NIFTY,NIFTY SPOT,CE_SPREAD,2026-08-04 13:55:00,2026-08-05 09:15:00,0 days 19:20:00,19,24550.0 / 24650.0,65,39.05,6500.0,SL Hit (40% Premium Appreciation),-1413.75,-21.75
NIFTY,NIFTY SPOT,PE_SPREAD,2026-08-05 09:55:00,2026-08-05 12:45:00,0 days 02:50:00,34,24500.0 / 24400.0,65,27.25,6500.0,SL Hit (40% Premium Appreciation),-744.25,-11.45
NIFTY,NIFTY SPOT,PE_SPREAD,2026-08-05 10:00:00,2026-08-05 12:30:00,0 days 02:30:00,30,24500.0 / 24400.0,65,25.7,6500.0,SL Hit (40% Premium Appreciation),-715.0,-11.0
NIFTY,NIFTY SPOT,PE_SPREAD,2026-08-05 10:05:00,2026-08-05 12:40:00,0 days 02:35:00,31,24500.0 / 24400.0,65,26.5,6500.0,SL Hit (40% Premium Appreciation),-724.75,-11.15
NIFTY,NIFTY SPOT,CE_SPREAD,2026-08-05 13:15:00,2026-08-10 09:15:00,4 days 20:00:00,177,24650.0 / 24750.0,65,37.65,6500.0,Time Stop (Max 3 Days Hit),149.5,2.3
NIFTY,NIFTY SPOT,CE_SPREAD,2026-08-05 13:20:00,2026-08-06 09:50:00,0 days 20:30:00,33,24650.0 / 24750.0,65,36.2,6500.0,SL Hit (40% Premium Appreciation),-965.25,-14.85
NIFTY,NIFTY SPOT,CE_SPREAD,2026-08-05 13:25:00,2026-08-06 11:15:00,0 days 21:50:00,49,24650.0 / 24750.0,65,36.55,6500.0,SL Hit (40% Premium Appreciation),-1004.25,-15.45
NIFTY,NIFTY SPOT,CE_SPREAD,2026-08-10 09:35:00,2026-08-10 11:00:00,0 days 01:25:00,17,24650.0 / 24750.0,65,26.85,6500.0,SL Hit (40% Premium Appreciation),-702.0,-10.8
NIFTY,NIFTY SPOT,CE_SPREAD,2026-08-11 10:05:00,2026-08-12 11:25:00,1 days 01:20:00,91,24600.0 / 24700.0,65,38.35,6500.0,Target Hit (50% Premium Decay),1290.25,19.85
NIFTY,NIFTY SPOT,CE_SPREAD,2026-08-11 10:30:00,2026-08-12 11:10:00,1 days 00:40:00,83,24600.0 / 24700.0,65,38.55,6500.0,Target Hit (50% Premium Decay),1254.5,19.3
NIFTY,NIFTY SPOT,CE_SPREAD,2026-08-11 10:35:00,2026-08-12 11:25:00,1 days 00:50:00,85,24600.0 / 24700.0,65,38.4,6500.0,Target Hit (50% Premium Decay),1293.5,19.9
NIFTY,NIFTY SPOT,CE_SPREAD,2026-08-12 12:30:00,2026-08-17 09:15:00,4 days 20:45:00,186,24400.0 / 24500.0,65,39.7,6500.0,Time Stop (Max 3 Days Hit),1296.75,19.95
NIFTY,NIFTY SPOT,CE_SPREAD,2026-08-12 12:35:00,2026-08-17 09:15:00,4 days 20:40:00,185,24400.0 / 24500.0,65,39.65,6500.0,Time Stop (Max 3 Days Hit),1293.5,19.9
NIFTY,NIFTY SPOT,CE_SPREAD,2026-08-12 12:40:00,2026-08-12 14:50:00,0 days 02:10:00,26,24400.0 / 24500.0,65,38.75,6500.0,SL Hit (40% Premium Appreciation),-1040.0,-16.0
NIFTY,NIFTY SPOT,CE_SPREAD,2026-08-17 11:30:00,2026-08-17 12:30:00,0 days 01:00:00,12,24350.0 / 24450.0,65,19.4,6500.0,SL Hit (40% Premium Appreciation),-539.5,-8.3
NIFTY,NIFTY SPOT,CE_SPREAD,2026-08-17 11:35:00,2026-08-17 12:30:00,0 days 00:55:00,11,24350.0 / 24450.0,65,19.2,6500.0,SL Hit (40% Premium Appreciation),-552.5,-8.5
NIFTY,NIFTY SPOT,CE_SPREAD,2026-08-17 11:40:00,2026-08-17 12:30:00,0 days 00:50:00,10,24350.0 / 24450.0,65,19.55,6500.0,SL Hit (40% Premium Appreciation),-529.75,-8.15
SENSEX,SENSEX SPOT,CE_SPREAD,2025-08-26 10:25:00,2025-08-28 09:15:00,1 days 22:50:00,61,81300.0 / 81500.0,20,90.4,4000.0,Target Hit (50% Premium Decay),1000.0,25.0
SENSEX,SENSEX SPOT,CE_SPREAD,2025-08-26 10:30:00,2025-08-28 09:15:00,1 days 22:45:00,60,81300.0 / 81500.0,20,86.7,4000.0,Target Hit (50% Premium Decay),926.0,23.15
SENSEX,SENSEX SPOT,CE_SPREAD,2025-08-26 11:00:00,2025-08-28 09:15:00,1 days 22:15:00,54,81300.0 / 81500.0,20,96.4,4000.0,Target Hit (50% Premium Decay),1120.0,28.0
SENSEX,SENSEX SPOT,PE_SPREAD,2025-09-02 09:30:00,2025-09-02 13:50:00,0 days 04:20:00,52,80300.0 / 80100.0,20,48.8,4000.0,SL Hit (40% Premium Appreciation),-431.0,-10.78
SENSEX,SENSEX SPOT,PE_SPREAD,2025-09-02 10:25:00,2025-09-02 13:40:00,0 days 03:15:00,39,80500.0 / 80300.0,20,52.95,4000.0,SL Hit (40% Premium Appreciation),-574.0,-14.35
SENSEX,SENSEX SPOT,PE_SPREAD,2025-09-02 10:30:00,2025-09-02 13:40:00,0 days 03:10:00,38,80500.0 / 80300.0,20,56.4,4000.0,SL Hit (40% Premium Appreciation),-505.0,-12.62
SENSEX,SENSEX SPOT,CE_SPREAD,2025-09-03 09:20:00,2025-09-03 12:10:00,0 days 02:50:00,34,80200.0 / 80400.0,20,73.45,4000.0,SL Hit (40% Premium Appreciation),-640.0,-16.0
SENSEX,SENSEX SPOT,CE_SPREAD,2025-09-03 09:30:00,2025-09-03 12:20:00,0 days 02:50:00,34,80400.0 / 80600.0,20,52.95,4000.0,SL Hit (40% Premium Appreciation),-564.0,-14.1
SENSEX,SENSEX SPOT,CE_SPREAD,2025-09-03 09:35:00,2025-09-03 10:10:00,0 days 00:35:00,7,80300.0 / 80500.0,20,53.65,4000.0,SL Hit (40% Premium Appreciation),-465.0,-11.63
SENSEX,SENSEX SPOT,PE_SPREAD,2025-09-08 10:00:00,2025-09-10 09:15:00,1 days 23:15:00,141,80700.0 / 80500.0,20,53.4,4000.0,Target Hit (50% Premium Decay),798.0,19.95
SENSEX,SENSEX SPOT,PE_SPREAD,2025-09-08 10:05:00,2025-09-10 09:15:00,1 days 23:10:00,140,80800.0 / 80600.0,20,67.05,4000.0,Target Hit (50% Premium Decay),987.0,24.68
SENSEX,SENSEX SPOT,PE_SPREAD,2025-09-08 10:10:00,2025-09-10 09:15:00,1 days 23:05:00,139,80700.0 / 80500.0,20,60.7,4000.0,Target Hit (50% Premium Decay),944.0,23.6
SENSEX,SENSEX SPOT,PE_SPREAD,2025-09-10 10:40:00,2025-09-11 12:15:00,1 days 01:35:00,94,81400.0 / 81200.0,20,57.95,4000.0,Target Hit (50% Premium Decay),591.0,14.77
SENSEX,SENSEX SPOT,PE_SPREAD,2025-09-10 10:45:00,2025-09-11 11:05:00,1 days 00:20:00,79,81300.0 / 81100.0,20,45.05,4000.0,Target Hit (50% Premium Decay),453.0,11.32
SENSEX,SENSEX SPOT,PE_SPREAD,2025-09-10 10:50:00,2025-09-11 11:55:00,1 days 01:05:00,88,81300.0 / 81100.0,20,41.6,4000.0,Target Hit (50% Premium Decay),421.0,10.52
SENSEX,SENSEX SPOT,PE_SPREAD,2025-09-15 12:25:00,2025-09-16 12:30:00,1 days 00:05:00,76,81700.0 / 81500.0,20,52.15,4000.0,Target Hit (50% Premium Decay),528.0,13.2
SENSEX,SENSEX SPOT,PE_SPREAD,2025-09-16 10:50:00,2025-09-16 15:25:00,0 days 04:35:00,55,81900.0 / 81700.0,20,51.35,4000.0,Target Hit (50% Premium Decay),549.0,13.73
SENSEX,SENSEX SPOT,PE_SPREAD,2025-09-16 10:55:00,2025-09-16 15:25:00,0 days 04:30:00,54,81900.0 / 81700.0,20,54.1,4000.0,Target Hit (50% Premium Decay),604.0,15.1
SENSEX,SENSEX SPOT,PE_SPREAD,2025-09-16 13:00:00,2025-09-17 09:15:00,0 days 20:15:00,30,82000.0 / 81800.0,20,47.75,4000.0,Target Hit (50% Premium Decay),554.0,13.85
SENSEX,SENSEX SPOT,PE_SPREAD,2025-09-17 10:15:00,2025-09-18 09:15:00,0 days 23:00:00,63,82400.0 / 82200.0,20,43.75,4000.0,Target Hit (50% Premium Decay),779.0,19.48
SENSEX,SENSEX SPOT,PE_SPREAD,2025-09-17 10:20:00,2025-09-18 09:15:00,0 days 22:55:00,62,82400.0 / 82200.0,20,37.85,4000.0,Target Hit (50% Premium Decay),661.0,16.53
SENSEX,SENSEX SPOT,PE_SPREAD,2025-09-17 10:25:00,2025-09-18 09:15:00,0 days 22:50:00,61,82400.0 / 82200.0,20,37.75,4000.0,Target Hit (50% Premium Decay),659.0,16.48
SENSEX,SENSEX SPOT,CE_SPREAD,2025-09-22 09:50:00,2025-09-23 09:25:00,0 days 23:35:00,70,82700.0 / 82900.0,20,83.85,4000.0,Target Hit (50% Premium Decay),947.0,23.68
SENSEX,SENSEX SPOT,CE_SPREAD,2025-09-22 09:55:00,2025-09-23 09:25:00,0 days 23:30:00,69,82700.0 / 82900.0,20,86.9,4000.0,Target Hit (50% Premium Decay),1008.0,25.2
SENSEX,SENSEX SPOT,CE_SPREAD,2025-09-22 10:00:00,2025-09-22 14:40:00,0 days 04:40:00,56,82700.0 / 82900.0,20,88.95,4000.0,Target Hit (50% Premium Decay),891.0,22.28
SENSEX,SENSEX SPOT,CE_SPREAD,2025-09-23 09:20:00,2025-09-23 11:15:00,0 days 01:55:00,23,82500.0 / 82700.0,20,63.95,4000.0,Target Hit (50% Premium Decay),658.0,16.45
SENSEX,SENSEX SPOT,CE_SPREAD,2025-09-23 09:25:00,2025-09-23 13:30:00,0 days 04:05:00,49,82400.0 / 82600.0,20,65.0,4000.0,SL Hit (40% Premium Appreciation),-626.0,-15.65
SENSEX,SENSEX SPOT,CE_SPREAD,2025-09-23 09:30:00,2025-09-23 13:30:00,0 days 04:00:00,48,82300.0 / 82500.0,20,74.8,4000.0,SL Hit (40% Premium Appreciation),-690.0,-17.25
SENSEX,SENSEX SPOT,CE_SPREAD,2025-09-24 10:10:00,2025-09-24 14:55:00,0 days 04:45:00,57,82100.0 / 82300.0,20,51.7,4000.0,Target Hit (50% Premium Decay),521.0,13.03
SENSEX,SENSEX SPOT,CE_SPREAD,2025-09-24 10:20:00,2025-09-24 14:55:00,0 days 04:35:00,55,82100.0 / 82300.0,20,53.95,4000.0,Target Hit (50% Premium Decay),566.0,14.15
SENSEX,SENSEX SPOT,CE_SPREAD,2025-09-24 11:05:00,2025-09-24 12:10:00,0 days 01:05:00,13,81900.0 / 82100.0,20,52.5,4000.0,SL Hit (40% Premium Appreciation),-495.0,-12.37
SENSEX,SENSEX SPOT,CE_SPREAD,2025-09-29 12:20:00,2025-10-01 10:00:00,1 days 21:40:00,122,80600.0 / 80800.0,20,86.1,4000.0,Target Hit (50% Premium Decay),1014.0,25.35
SENSEX,SENSEX SPOT,CE_SPREAD,2025-09-29 12:30:00,2025-10-01 10:00:00,1 days 21:30:00,120,80600.0 / 80800.0,20,85.8,4000.0,Target Hit (50% Premium Decay),1008.0,25.2
SENSEX,SENSEX SPOT,CE_SPREAD,2025-09-29 12:35:00,2025-09-29 13:20:00,0 days 00:45:00,9,80600.0 / 80800.0,20,72.8,4000.0,SL Hit (40% Premium Appreciation),-583.0,-14.57
SENSEX,SENSEX SPOT,PE_SPREAD,2025-10-06 09:30:00,2025-10-06 11:10:00,0 days 01:40:00,20,81000.0 / 80800.0,20,53.15,4000.0,Target Hit (50% Premium Decay),541.0,13.53
SENSEX,SENSEX SPOT,PE_SPREAD,2025-10-06 09:35:00,2025-10-06 12:50:00,0 days 03:15:00,39,81100.0 / 80900.0,20,55.75,4000.0,Target Hit (50% Premium Decay),585.0,14.62
SENSEX,SENSEX SPOT,PE_SPREAD,2025-10-06 10:35:00,2025-10-06 15:05:00,0 days 04:30:00,54,81300.0 / 81100.0,20,50.7,4000.0,Target Hit (50% Premium Decay),511.0,12.77
SENSEX,SENSEX SPOT,PE_SPREAD,2025-10-06 11:10:00,2025-10-07 09:20:00,0 days 22:10:00,53,81300.0 / 81100.0,20,46.65,4000.0,Target Hit (50% Premium Decay),474.0,11.85
SENSEX,SENSEX SPOT,PE_SPREAD,2025-10-07 09:25:00,2025-10-07 13:05:00,0 days 03:40:00,44,81700.0 / 81500.0,20,48.05,4000.0,Target Hit (50% Premium Decay),508.0,12.7
SENSEX,SENSEX SPOT,PE_SPREAD,2025-10-07 10:25:00,2025-10-07 11:20:00,0 days 00:55:00,11,81900.0 / 81700.0,20,44.1,4000.0,SL Hit (40% Premium Appreciation),-584.0,-14.6
SENSEX,SENSEX SPOT,PE_SPREAD,2025-10-07 10:30:00,2025-10-07 11:20:00,0 days 00:50:00,10,81900.0 / 81700.0,20,44.6,4000.0,SL Hit (40% Premium Appreciation),-574.0,-14.35
SENSEX,SENSEX SPOT,CE_SPREAD,2025-10-14 10:05:00,2025-10-14 12:35:00,0 days 02:30:00,30,82400.0 / 82600.0,20,89.85,4000.0,Target Hit (50% Premium Decay),936.0,23.4
SENSEX,SENSEX SPOT,CE_SPREAD,2025-10-14 10:30:00,2025-10-14 12:35:00,0 days 02:05:00,25,82400.0 / 82600.0,20,95.2,4000.0,Target Hit (50% Premium Decay),1043.0,26.07
SENSEX,SENSEX SPOT,CE_SPREAD,2025-10-14 10:35:00,2025-10-14 12:35:00,0 days 02:00:00,24,82500.0 / 82700.0,20,82.45,4000.0,Target Hit (50% Premium Decay),909.0,22.72
SENSEX,SENSEX SPOT,CE_SPREAD,2025-10-14 13:00:00,2025-10-14 14:35:00,0 days 01:35:00,19,82100.0 / 82300.0,20,72.05,4000.0,SL Hit (40% Premium Appreciation),-622.0,-15.55
SENSEX,SENSEX SPOT,PE_SPREAD,2025-10-15 10:05:00,2025-10-15 10:50:00,0 days 00:45:00,9,82000.0 / 81800.0,20,38.5,4000.0,Target Hit (50% Premium Decay),408.0,10.2
SENSEX,SENSEX SPOT,PE_SPREAD,2025-10-15 10:10:00,2025-10-15 12:40:00,0 days 02:30:00,30,82100.0 / 81900.0,20,39.3,4000.0,Target Hit (50% Premium Decay),417.0,10.42
SENSEX,SENSEX SPOT,PE_SPREAD,2025-10-15 10:55:00,2025-10-16 09:15:00,0 days 22:20:00,55,82300.0 / 82100.0,20,38.8,4000.0,Target Hit (50% Premium Decay),632.0,15.8
SENSEX,SENSEX SPOT,PE_SPREAD,2025-10-15 11:10:00,2025-10-15 13:30:00,0 days 02:20:00,28,82300.0 / 82100.0,20,44.8,4000.0,Target Hit (50% Premium Decay),478.0,11.95
SENSEX,SENSEX SPOT,PE_SPREAD,2025-10-15 12:40:00,2025-10-16 09:15:00,0 days 20:35:00,34,82300.0 / 82100.0,20,33.55,4000.0,Target Hit (50% Premium Decay),527.0,13.18
SENSEX,SENSEX SPOT,PE_SPREAD,2025-10-20 09:50:00,2025-10-20 13:00:00,0 days 03:10:00,38,84100.0 / 83900.0,20,62.8,4000.0,Target Hit (50% Premium Decay),630.0,15.75
SENSEX,SENSEX SPOT,PE_SPREAD,2025-10-20 09:55:00,2025-10-20 13:00:00,0 days 03:05:00,37,84100.0 / 83900.0,20,64.55,4000.0,Target Hit (50% Premium Decay),665.0,16.63
SENSEX,SENSEX SPOT,PE_SPREAD,2025-10-20 10:00:00,2025-10-21 13:45:00,1 days 03:45:00,66,84100.0 / 83900.0,20,53.55,4000.0,Target Hit (50% Premium Decay),544.0,13.6
SENSEX,SENSEX SPOT,PE_SPREAD,2025-10-27 10:40:00,2025-10-28 10:30:00,0 days 23:50:00,73,84600.0 / 84400.0,20,60.8,4000.0,SL Hit (40% Premium Appreciation),-598.0,-14.95
SENSEX,SENSEX SPOT,PE_SPREAD,2025-10-27 10:45:00,2025-10-28 10:30:00,0 days 23:45:00,72,84600.0 / 84400.0,20,60.65,4000.0,SL Hit (40% Premium Appreciation),-601.0,-15.02
SENSEX,SENSEX SPOT,PE_SPREAD,2025-10-27 10:55:00,2025-10-28 10:05:00,0 days 23:10:00,65,84600.0 / 84400.0,20,57.85,4000.0,SL Hit (40% Premium Appreciation),-484.0,-12.1
SENSEX,SENSEX SPOT,CE_SPREAD,2025-10-28 10:50:00,2025-10-29 09:15:00,0 days 22:25:00,56,84700.0 / 84900.0,20,76.45,4000.0,SL Hit (40% Premium Appreciation),-742.0,-18.55
SENSEX,SENSEX SPOT,CE_SPREAD,2025-10-28 11:25:00,2025-10-29 09:20:00,0 days 21:55:00,50,84600.0 / 84800.0,20,88.85,4000.0,SL Hit (40% Premium Appreciation),-733.0,-18.32
SENSEX,SENSEX SPOT,CE_SPREAD,2025-10-28 11:30:00,2025-10-29 09:15:00,0 days 21:45:00,48,84600.0 / 84800.0,20,85.75,4000.0,SL Hit (40% Premium Appreciation),-739.0,-18.47
SENSEX,SENSEX SPOT,PE_SPREAD,2025-10-29 09:40:00,2025-10-29 12:25:00,0 days 02:45:00,33,84500.0 / 84300.0,20,48.8,4000.0,Target Hit (50% Premium Decay),525.0,13.12
SENSEX,SENSEX SPOT,PE_SPREAD,2025-10-29 09:45:00,2025-10-29 12:00:00,0 days 02:15:00,27,84500.0 / 84300.0,20,54.85,4000.0,Target Hit (50% Premium Decay),565.0,14.12
SENSEX,SENSEX SPOT,PE_SPREAD,2025-10-29 09:50:00,2025-10-29 12:40:00,0 days 02:50:00,34,84500.0 / 84300.0,20,44.05,4000.0,Target Hit (50% Premium Decay),453.0,11.32
SENSEX,SENSEX SPOT,PE_SPREAD,2025-10-29 12:00:00,2025-10-30 09:15:00,0 days 21:15:00,42,84700.0 / 84500.0,20,39.9,4000.0,SL Hit (40% Premium Appreciation),-489.0,-12.23
SENSEX,SENSEX SPOT,PE_SPREAD,2025-10-29 12:25:00,2025-10-30 09:15:00,0 days 20:50:00,37,84700.0 / 84500.0,20,34.75,4000.0,SL Hit (40% Premium Appreciation),-592.0,-14.8
SENSEX,SENSEX SPOT,PE_SPREAD,2025-10-29 13:00:00,2025-10-30 09:15:00,0 days 20:15:00,30,84800.0 / 84600.0,20,47.7,4000.0,SL Hit (40% Premium Appreciation),-687.0,-17.17
SENSEX,SENSEX SPOT,CE_SPREAD,2025-11-03 09:20:00,2025-11-03 10:40:00,0 days 01:20:00,16,83900.0 / 84100.0,20,85.4,4000.0,SL Hit (40% Premium Appreciation),-691.0,-17.28
SENSEX,SENSEX SPOT,CE_SPREAD,2025-11-03 12:25:00,2025-11-04 14:10:00,1 days 01:45:00,96,84100.0 / 84300.0,20,77.9,4000.0,Target Hit (50% Premium Decay),859.0,21.48
SENSEX,SENSEX SPOT,CE_SPREAD,2025-11-03 12:30:00,2025-11-04 14:10:00,1 days 01:40:00,95,84000.0 / 84200.0,20,88.65,4000.0,Target Hit (50% Premium Decay),925.0,23.12
SENSEX,SENSEX SPOT,CE_SPREAD,2025-11-04 09:20:00,2025-11-04 14:00:00,0 days 04:40:00,56,84200.0 / 84400.0,20,68.4,4000.0,Target Hit (50% Premium Decay),704.0,17.6
SENSEX,SENSEX SPOT,PE_SPREAD,2025-11-10 10:50:00,2025-11-11 09:45:00,0 days 22:55:00,62,83400.0 / 83200.0,20,62.65,4000.0,SL Hit (40% Premium Appreciation),-550.0,-13.75
SENSEX,SENSEX SPOT,PE_SPREAD,2025-11-10 10:55:00,2025-11-11 09:30:00,0 days 22:35:00,58,83400.0 / 83200.0,20,60.95,4000.0,SL Hit (40% Premium Appreciation),-523.0,-13.08
SENSEX,SENSEX SPOT,PE_SPREAD,2025-11-10 11:45:00,2025-11-11 09:20:00,0 days 21:35:00,46,83500.0 / 83300.0,20,64.15,4000.0,SL Hit (40% Premium Appreciation),-583.0,-14.58
SENSEX,SENSEX SPOT,PE_SPREAD,2025-11-12 10:25:00,2025-11-12 12:35:00,0 days 02:10:00,26,84100.0 / 83900.0,20,42.2,4000.0,Target Hit (50% Premium Decay),422.0,10.55
SENSEX,SENSEX SPOT,PE_SPREAD,2025-11-12 10:30:00,2025-11-13 09:45:00,0 days 23:15:00,66,84100.0 / 83900.0,20,37.05,4000.0,Target Hit (50% Premium Decay),373.0,9.33
SENSEX,SENSEX SPOT,PE_SPREAD,2025-11-12 10:35:00,2025-11-13 10:05:00,0 days 23:30:00,69,84200.0 / 84000.0,20,44.25,4000.0,Target Hit (50% Premium Decay),561.0,14.03
SENSEX,SENSEX SPOT,PE_SPREAD,2025-11-12 12:55:00,2025-11-13 09:15:00,0 days 20:20:00,31,84400.0 / 84200.0,20,49.3,4000.0,SL Hit (40% Premium Appreciation),-745.0,-18.63
SENSEX,SENSEX SPOT,PE_SPREAD,2025-11-17 10:05:00,2025-11-19 12:00:00,2 days 01:55:00,173,84500.0 / 84300.0,20,62.6,4000.0,Target Hit (50% Premium Decay),631.0,15.78
SENSEX,SENSEX SPOT,PE_SPREAD,2025-11-17 10:10:00,2025-11-19 12:20:00,2 days 02:10:00,176,84500.0 / 84300.0,20,61.95,4000.0,Target Hit (50% Premium Decay),643.0,16.07
SENSEX,SENSEX SPOT,PE_SPREAD,2025-11-17 10:15:00,2025-11-18 10:30:00,1 days 00:15:00,78,84500.0 / 84300.0,20,57.05,4000.0,SL Hit (40% Premium Appreciation),-482.0,-12.05
SENSEX,SENSEX SPOT,CE_SPREAD,2025-11-25 09:20:00,2025-11-26 09:50:00,1 days 00:30:00,81,85100.0 / 85300.0,20,79.45,4000.0,SL Hit (40% Premium Appreciation),-671.0,-16.77
SENSEX,SENSEX SPOT,CE_SPREAD,2025-11-25 09:25:00,2025-11-26 09:50:00,1 days 00:25:00,80,85100.0 / 85300.0,20,78.7,4000.0,SL Hit (40% Premium Appreciation),-686.0,-17.15
SENSEX,SENSEX SPOT,CE_SPREAD,2025-11-25 09:30:00,2025-11-25 15:20:00,0 days 05:50:00,70,85100.0 / 85300.0,20,86.9,4000.0,Target Hit (50% Premium Decay),894.0,22.35
SENSEX,SENSEX SPOT,PE_SPREAD,2025-11-26 10:30:00,2025-11-26 12:35:00,0 days 02:05:00,25,84900.0 / 84700.0,20,43.85,4000.0,Target Hit (50% Premium Decay),472.0,11.8
SENSEX,SENSEX SPOT,PE_SPREAD,2025-11-26 10:35:00,2025-11-26 12:55:00,0 days 02:20:00,28,85000.0 / 84800.0,20,48.25,4000.0,Target Hit (50% Premium Decay),487.0,12.18
SENSEX,SENSEX SPOT,PE_SPREAD,2025-11-26 11:20:00,2025-11-27 09:15:00,0 days 21:55:00,50,85200.0 / 85000.0,20,60.7,4000.0,Target Hit (50% Premium Decay),1063.0,26.57
SENSEX,SENSEX SPOT,PE_SPREAD,2025-11-26 12:35:00,2025-11-27 09:15:00,0 days 20:40:00,35,85300.0 / 85100.0,20,54.6,4000.0,Target Hit (50% Premium Decay),872.0,21.8
SENSEX,SENSEX SPOT,PE_SPREAD,2025-11-26 13:00:00,2025-11-27 09:15:00,0 days 20:15:00,30,85300.0 / 85100.0,20,47.8,4000.0,Target Hit (50% Premium Decay),736.0,18.4
SENSEX,SENSEX SPOT,PE_SPREAD,2025-12-01 10:05:00,2025-12-01 11:45:00,0 days 01:40:00,20,85800.0 / 85600.0,20,61.85,4000.0,SL Hit (40% Premium Appreciation),-547.0,-13.68
SENSEX,SENSEX SPOT,PE_SPREAD,2025-12-01 10:20:00,2025-12-01 11:45:00,0 days 01:25:00,17,85800.0 / 85600.0,20,63.65,4000.0,SL Hit (40% Premium Appreciation),-511.0,-12.77
SENSEX,SENSEX SPOT,PE_SPREAD,2025-12-01 10:25:00,2025-12-01 11:45:00,0 days 01:20:00,16,85800.0 / 85600.0,20,62.1,4000.0,SL Hit (40% Premium Appreciation),-542.0,-13.55
SENSEX,SENSEX SPOT,CE_SPREAD,2025-12-01 12:55:00,2025-12-02 12:45:00,0 days 23:50:00,73,85800.0 / 86000.0,20,88.25,4000.0,Target Hit (50% Premium Decay),890.0,22.25
SENSEX,SENSEX SPOT,CE_SPREAD,2025-12-01 13:00:00,2025-12-02 11:25:00,0 days 22:25:00,56,85900.0 / 86100.0,20,79.75,4000.0,Target Hit (50% Premium Decay),819.0,20.47
SENSEX,SENSEX SPOT,CE_SPREAD,2025-12-02 10:30:00,2025-12-03 09:25:00,0 days 22:55:00,62,85500.0 / 85700.0,20,85.9,4000.0,Target Hit (50% Premium Decay),1011.0,25.28
SENSEX,SENSEX SPOT,CE_SPREAD,2025-12-02 11:30:00,2025-12-03 09:25:00,0 days 21:55:00,50,85500.0 / 85700.0,20,74.15,4000.0,Target Hit (50% Premium Decay),776.0,19.4
SENSEX,SENSEX SPOT,CE_SPREAD,2025-12-03 09:20:00,2025-12-03 10:00:00,0 days 00:40:00,8,85400.0 / 85600.0,20,55.05,4000.0,Target Hit (50% Premium Decay),560.0,14.0
SENSEX,SENSEX SPOT,CE_SPREAD,2025-12-03 09:25:00,2025-12-03 13:45:00,0 days 04:20:00,52,85300.0 / 85500.0,20,54.8,4000.0,Target Hit (50% Premium Decay),636.0,15.9
SENSEX,SENSEX SPOT,CE_SPREAD,2025-12-03 09:30:00,2025-12-04 09:30:00,1 days 00:00:00,75,85100.0 / 85300.0,20,67.9,4000.0,SL Hit (40% Premium Appreciation),-582.0,-14.55
SENSEX,SENSEX SPOT,CE_SPREAD,2025-12-03 10:05:00,2025-12-03 15:10:00,0 days 05:05:00,61,85000.0 / 85200.0,20,70.55,4000.0,SL Hit (40% Premium Appreciation),-630.0,-15.75
SENSEX,SENSEX SPOT,CE_SPREAD,2025-12-08 12:05:00,2025-12-09 09:15:00,0 days 21:10:00,41,85600.0 / 85800.0,20,83.8,4000.0,Target Hit (50% Premium Decay),1190.0,29.75
SENSEX,SENSEX SPOT,CE_SPREAD,2025-12-08 12:15:00,2025-12-09 09:15:00,0 days 21:00:00,39,85500.0 / 85700.0,20,90.2,4000.0,Target Hit (50% Premium Decay),1223.0,30.58
SENSEX,SENSEX SPOT,CE_SPREAD,2025-12-08 12:20:00,2025-12-09 09:15:00,0 days 20:55:00,38,85500.0 / 85700.0,20,91.4,4000.0,Target Hit (50% Premium Decay),1247.0,31.18
SENSEX,SENSEX SPOT,CE_SPREAD,2025-12-10 13:00:00,2025-12-11 09:35:00,0 days 20:35:00,34,84700.0 / 84900.0,20,60.15,4000.0,Target Hit (50% Premium Decay),749.0,18.72
SENSEX,SENSEX SPOT,CE_SPREAD,2025-12-16 10:25:00,2025-12-17 10:05:00,0 days 23:40:00,71,85000.0 / 85200.0,20,75.7,4000.0,Target Hit (50% Premium Decay),758.0,18.95
SENSEX,SENSEX SPOT,CE_SPREAD,2025-12-16 10:30:00,2025-12-17 10:05:00,0 days 23:35:00,70,85000.0 / 85200.0,20,76.65,4000.0,Target Hit (50% Premium Decay),777.0,19.42
SENSEX,SENSEX SPOT,CE_SPREAD,2025-12-16 10:35:00,2025-12-17 10:20:00,0 days 23:45:00,72,85000.0 / 85200.0,20,74.3,4000.0,Target Hit (50% Premium Decay),801.0,20.02
SENSEX,SENSEX SPOT,PE_SPREAD,2025-12-22 10:30:00,2025-12-23 13:15:00,1 days 02:45:00,108,85200.0 / 85000.0,20,55.4,4000.0,Target Hit (50% Premium Decay),560.0,14.0
SENSEX,SENSEX SPOT,PE_SPREAD,2025-12-22 10:35:00,2025-12-23 13:05:00,1 days 02:30:00,105,85200.0 / 85000.0,20,56.9,4000.0,Target Hit (50% Premium Decay),570.0,14.25
SENSEX,SENSEX SPOT,PE_SPREAD,2025-12-22 10:40:00,2025-12-23 13:15:00,1 days 02:35:00,106,85200.0 / 85000.0,20,56.6,4000.0,Target Hit (50% Premium Decay),584.0,14.6
SENSEX,SENSEX SPOT,PE_SPREAD,2025-12-24 09:20:00,2025-12-26 09:30:00,2 days 00:10:00,77,85400.0 / 85200.0,20,63.5,4000.0,SL Hit (40% Premium Appreciation),-646.2,-16.16
SENSEX,SENSEX SPOT,PE_SPREAD,2025-12-24 09:45:00,2025-12-26 09:30:00,1 days 23:45:00,72,85400.0 / 85200.0,20,64.7,4000.0,SL Hit (40% Premium Appreciation),-622.2,-15.56
SENSEX,SENSEX SPOT,PE_SPREAD,2025-12-24 09:50:00,2025-12-26 09:15:00,1 days 23:25:00,68,85400.0 / 85200.0,20,61.6,4000.0,SL Hit (40% Premium Appreciation),-524.0,-13.1
SENSEX,SENSEX SPOT,CE_SPREAD,2025-12-29 11:50:00,2025-12-30 11:30:00,0 days 23:40:00,71,85000.0 / 85200.0,20,79.45,4000.0,Target Hit (50% Premium Decay),800.0,20.0
SENSEX,SENSEX SPOT,CE_SPREAD,2025-12-29 11:55:00,2025-12-30 12:10:00,1 days 00:15:00,78,85000.0 / 85200.0,20,77.0,4000.0,Target Hit (50% Premium Decay),813.0,20.32
SENSEX,SENSEX SPOT,CE_SPREAD,2025-12-29 12:00:00,2025-12-30 12:10:00,1 days 00:10:00,77,85000.0 / 85200.0,20,76.25,4000.0,Target Hit (50% Premium Decay),798.0,19.95
SENSEX,SENSEX SPOT,CE_SPREAD,2025-12-30 11:50:00,2025-12-30 15:25:00,0 days 03:35:00,43,84800.0 / 85000.0,20,63.35,4000.0,SL Hit (40% Premium Appreciation),-523.0,-13.07
SENSEX,SENSEX SPOT,CE_SPREAD,2025-12-30 12:15:00,2025-12-30 13:45:00,0 days 01:30:00,18,84700.0 / 84900.0,20,73.15,4000.0,SL Hit (40% Premium Appreciation),-608.0,-15.2
SENSEX,SENSEX SPOT,CE_SPREAD,2025-12-30 12:50:00,2025-12-31 09:15:00,0 days 20:25:00,32,84800.0 / 85000.0,20,67.55,4000.0,SL Hit (40% Premium Appreciation),-940.0,-23.5
SENSEX,SENSEX SPOT,PE_SPREAD,2025-12-31 10:05:00,2025-12-31 11:40:00,0 days 01:35:00,19,84600.0 / 84400.0,20,37.59,4000.0,Target Hit (50% Premium Decay),380.0,9.5
SENSEX,SENSEX SPOT,PE_SPREAD,2025-12-31 10:10:00,2025-12-31 11:40:00,0 days 01:30:00,18,84600.0 / 84400.0,20,37.59,4000.0,Target Hit (50% Premium Decay),380.0,9.5
SENSEX,SENSEX SPOT,PE_SPREAD,2025-12-31 10:15:00,2025-12-31 12:00:00,0 days 01:45:00,21,84600.0 / 84400.0,20,34.7,4000.0,Target Hit (50% Premium Decay),355.0,8.88
SENSEX,SENSEX SPOT,PE_SPREAD,2025-12-31 11:40:00,2025-12-31 12:45:00,0 days 01:05:00,13,84800.0 / 84600.0,20,39.41,4000.0,Target Hit (50% Premium Decay),411.2,10.28
SENSEX,SENSEX SPOT,PE_SPREAD,2025-12-31 12:05:00,2025-12-31 12:55:00,0 days 00:50:00,10,84800.0 / 84600.0,20,33.5,4000.0,Target Hit (50% Premium Decay),335.0,8.38
SENSEX,SENSEX SPOT,PE_SPREAD,2025-12-31 12:10:00,2025-12-31 13:25:00,0 days 01:15:00,15,84900.0 / 84700.0,20,46.1,4000.0,Target Hit (50% Premium Decay),480.0,12.0
SENSEX,SENSEX SPOT,CE_SPREAD,2026-01-06 09:40:00,2026-01-07 09:15:00,0 days 23:35:00,70,85400.0 / 85600.0,20,68.05,4000.0,Target Hit (50% Premium Decay),899.0,22.48
SENSEX,SENSEX SPOT,CE_SPREAD,2026-01-06 10:35:00,2026-01-07 09:15:00,0 days 22:40:00,59,85500.0 / 85700.0,20,58.5,4000.0,Target Hit (50% Premium Decay),836.0,20.9
SENSEX,SENSEX SPOT,CE_SPREAD,2026-01-06 10:40:00,2026-01-07 09:15:00,0 days 22:35:00,58,85400.0 / 85600.0,20,70.15,4000.0,Target Hit (50% Premium Decay),941.0,23.53
SENSEX,SENSEX SPOT,CE_SPREAD,2026-01-07 09:25:00,2026-01-07 11:00:00,0 days 01:35:00,19,85200.0 / 85400.0,20,42.5,4000.0,SL Hit (40% Premium Appreciation),-441.0,-11.03
SENSEX,SENSEX SPOT,CE_SPREAD,2026-01-07 09:30:00,2026-01-07 11:00:00,0 days 01:30:00,18,85100.0 / 85300.0,20,57.35,4000.0,SL Hit (40% Premium Appreciation),-468.0,-11.7
SENSEX,SENSEX SPOT,CE_SPREAD,2026-01-07 09:40:00,2026-01-07 10:05:00,0 days 00:25:00,5,85100.0 / 85300.0,20,47.5,4000.0,SL Hit (40% Premium Appreciation),-548.0,-13.7
SENSEX,SENSEX SPOT,CE_SPREAD,2026-01-07 11:50:00,2026-01-08 09:20:00,0 days 21:30:00,45,85100.0 / 85300.0,20,52.6,4000.0,Target Hit (50% Premium Decay),597.0,14.92
SENSEX,SENSEX SPOT,CE_SPREAD,2026-01-07 11:55:00,2026-01-08 09:20:00,0 days 21:25:00,44,85100.0 / 85300.0,20,51.8,4000.0,Target Hit (50% Premium Decay),581.0,14.52
SENSEX,SENSEX SPOT,CE_SPREAD,2026-01-07 12:35:00,2026-01-08 09:25:00,0 days 20:50:00,37,85000.0 / 85200.0,20,62.4,4000.0,Target Hit (50% Premium Decay),668.0,16.7
SENSEX,SENSEX SPOT,CE_SPREAD,2026-01-12 09:20:00,2026-01-12 12:30:00,0 days 03:10:00,38,83500.0 / 83700.0,20,79.5,4000.0,SL Hit (40% Premium Appreciation),-656.0,-16.4
SENSEX,SENSEX SPOT,CE_SPREAD,2026-01-12 09:55:00,2026-01-12 12:30:00,0 days 02:35:00,31,83400.0 / 83600.0,20,81.95,4000.0,SL Hit (40% Premium Appreciation),-773.0,-19.33
SENSEX,SENSEX SPOT,CE_SPREAD,2026-01-12 10:00:00,2026-01-12 13:30:00,0 days 03:30:00,42,83300.0 / 83500.0,20,99.35,4000.0,SL Hit (40% Premium Appreciation),-881.0,-22.03
SENSEX,SENSEX SPOT,PE_SPREAD,2026-01-13 10:20:00,2026-01-13 12:45:00,0 days 02:25:00,29,83500.0 / 83300.0,20,50.85,4000.0,SL Hit (40% Premium Appreciation),-598.0,-14.95
SENSEX,SENSEX SPOT,PE_SPREAD,2026-01-13 10:25:00,2026-01-13 12:10:00,0 days 01:45:00,21,83600.0 / 83400.0,20,48.3,4000.0,SL Hit (40% Premium Appreciation),-604.0,-15.1
SENSEX,SENSEX SPOT,PE_SPREAD,2026-01-13 10:30:00,2026-01-13 12:10:00,0 days 01:40:00,20,83700.0 / 83500.0,20,57.55,4000.0,SL Hit (40% Premium Appreciation),-645.0,-16.12
SENSEX,SENSEX SPOT,CE_SPREAD,2026-01-19 10:30:00,2026-01-19 14:00:00,0 days 03:30:00,42,83100.0 / 83300.0,20,87.15,4000.0,SL Hit (40% Premium Appreciation),-770.0,-19.25
SENSEX,SENSEX SPOT,CE_SPREAD,2026-01-19 10:55:00,2026-01-20 13:40:00,1 days 02:45:00,108,83200.0 / 83400.0,20,85.1,4000.0,Target Hit (50% Premium Decay),865.0,21.63
SENSEX,SENSEX SPOT,CE_SPREAD,2026-01-19 11:00:00,2026-01-20 13:30:00,1 days 02:30:00,105,83300.0 / 83500.0,20,82.9,4000.0,Target Hit (50% Premium Decay),836.0,20.9
SENSEX,SENSEX SPOT,CE_SPREAD,2026-01-20 09:20:00,2026-01-20 13:40:00,0 days 04:20:00,52,83400.0 / 83600.0,20,61.0,4000.0,Target Hit (50% Premium Decay),655.0,16.38
SENSEX,SENSEX SPOT,CE_SPREAD,2026-01-21 09:20:00,2026-01-21 10:20:00,0 days 01:00:00,12,82400.0 / 82600.0,20,67.9,4000.0,Target Hit (50% Premium Decay),755.0,18.88
SENSEX,SENSEX SPOT,CE_SPREAD,2026-01-21 09:35:00,2026-01-21 10:30:00,0 days 00:55:00,11,82400.0 / 82600.0,20,56.3,4000.0,Target Hit (50% Premium Decay),578.0,14.45
SENSEX,SENSEX SPOT,CE_SPREAD,2026-01-21 09:40:00,2026-01-21 10:40:00,0 days 01:00:00,12,82200.0 / 82400.0,20,79.7,4000.0,Target Hit (50% Premium Decay),994.0,24.85
SENSEX,SENSEX SPOT,CE_SPREAD,2026-01-27 09:20:00,2026-01-27 09:40:00,0 days 00:20:00,4,81500.0 / 81700.0,20,80.65,4000.0,SL Hit (40% Premium Appreciation),-967.0,-24.17
SENSEX,SENSEX SPOT,PE_SPREAD,2026-01-28 09:20:00,2026-01-28 10:10:00,0 days 00:50:00,10,82200.0 / 82000.0,20,63.6,4000.0,SL Hit (40% Premium Appreciation),-527.0,-13.18
SENSEX,SENSEX SPOT,PE_SPREAD,2026-01-28 09:50:00,2026-01-28 13:40:00,0 days 03:50:00,46,82000.0 / 81800.0,20,61.1,4000.0,SL Hit (40% Premium Appreciation),-591.0,-14.77
SENSEX,SENSEX SPOT,PE_SPREAD,2026-01-28 09:55:00,2026-01-28 13:20:00,0 days 03:25:00,41,82000.0 / 81800.0,20,55.45,4000.0,SL Hit (40% Premium Appreciation),-505.0,-12.62
SENSEX,SENSEX SPOT,PE_SPREAD,2026-01-28 10:10:00,2026-01-29 09:50:00,0 days 23:40:00,71,81900.0 / 81700.0,20,63.25,4000.0,SL Hit (40% Premium Appreciation),-852.0,-21.3
SENSEX,SENSEX SPOT,CE_SPREAD,2026-02-01 12:50:00,2026-02-02 11:05:00,0 days 22:15:00,54,81400.0 / 81600.0,20,99.2,4000.0,Target Hit (50% Premium Decay),996.0,24.9
SENSEX,SENSEX SPOT,CE_SPREAD,2026-02-01 13:00:00,2026-02-01 15:15:00,0 days 02:15:00,27,81700.0 / 81900.0,20,96.15,4000.0,Target Hit (50% Premium Decay),994.0,24.85
SENSEX,SENSEX SPOT,CE_SPREAD,2026-02-02 10:50:00,2026-02-02 12:55:00,0 days 02:05:00,25,81100.0 / 81300.0,20,82.05,4000.0,SL Hit (40% Premium Appreciation),-664.0,-16.6
SENSEX,SENSEX SPOT,CE_SPREAD,2026-02-02 10:55:00,2026-02-02 12:55:00,0 days 02:00:00,24,81000.0 / 81200.0,20,79.15,4000.0,SL Hit (40% Premium Appreciation),-758.0,-18.95
SENSEX,SENSEX SPOT,PE_SPREAD,2026-02-03 10:10:00,2026-02-04 13:35:00,1 days 03:25:00,116,83400.0 / 83200.0,20,82.9,4000.0,Target Hit (50% Premium Decay),833.0,20.82
SENSEX,SENSEX SPOT,PE_SPREAD,2026-02-03 10:15:00,2026-02-04 14:15:00,1 days 04:00:00,123,83400.0 / 83200.0,20,68.35,4000.0,Target Hit (50% Premium Decay),737.0,18.43
SENSEX,SENSEX SPOT,PE_SPREAD,2026-02-03 10:20:00,2026-02-05 09:40:00,1 days 23:20:00,142,83600.0 / 83400.0,20,76.9,4000.0,SL Hit (40% Premium Appreciation),-725.0,-18.12
SENSEX,SENSEX SPOT,PE_SPREAD,2026-02-09 10:10:00,2026-02-10 09:30:00,0 days 23:20:00,67,83700.0 / 83500.0,20,63.15,4000.0,Target Hit (50% Premium Decay),682.0,17.05
SENSEX,SENSEX SPOT,PE_SPREAD,2026-02-09 10:15:00,2026-02-10 09:30:00,0 days 23:15:00,66,83700.0 / 83500.0,20,59.6,4000.0,Target Hit (50% Premium Decay),611.0,15.28
SENSEX,SENSEX SPOT,PE_SPREAD,2026-02-09 10:20:00,2026-02-10 09:30:00,0 days 23:10:00,65,83700.0 / 83500.0,20,59.55,4000.0,Target Hit (50% Premium Decay),610.0,15.25
SENSEX,SENSEX SPOT,PE_SPREAD,2026-02-10 10:20:00,2026-02-12 09:15:00,1 days 22:55:00,137,84200.0 / 84000.0,20,63.8,4000.0,SL Hit (40% Premium Appreciation),-1500.0,-37.5
SENSEX,SENSEX SPOT,PE_SPREAD,2026-02-10 10:45:00,2026-02-12 09:15:00,1 days 22:30:00,132,84200.0 / 84000.0,20,64.3,4000.0,SL Hit (40% Premium Appreciation),-1490.0,-37.25
SENSEX,SENSEX SPOT,PE_SPREAD,2026-02-10 10:50:00,2026-02-12 09:15:00,1 days 22:25:00,131,84200.0 / 84000.0,20,64.8,4000.0,SL Hit (40% Premium Appreciation),-1480.0,-37.0
SENSEX,SENSEX SPOT,CE_SPREAD,2026-02-16 09:25:00,2026-02-16 13:35:00,0 days 04:10:00,50,82800.0 / 83000.0,20,82.85,4000.0,SL Hit (40% Premium Appreciation),-692.0,-17.3
SENSEX,SENSEX SPOT,CE_SPREAD,2026-02-16 09:30:00,2026-02-16 14:30:00,0 days 05:00:00,60,82800.0 / 83000.0,20,93.7,4000.0,SL Hit (40% Premium Appreciation),-879.0,-21.98
SENSEX,SENSEX SPOT,CE_SPREAD,2026-02-16 09:35:00,2026-02-16 14:25:00,0 days 04:50:00,58,83000.0 / 83200.0,20,69.85,4000.0,SL Hit (40% Premium Appreciation),-762.0,-19.05
SENSEX,SENSEX SPOT,PE_SPREAD,2026-02-17 09:35:00,2026-02-17 12:20:00,0 days 02:45:00,33,82900.0 / 82700.0,20,61.35,4000.0,Target Hit (50% Premium Decay),623.0,15.57
SENSEX,SENSEX SPOT,PE_SPREAD,2026-02-17 09:40:00,2026-02-18 09:15:00,0 days 23:35:00,70,82900.0 / 82700.0,20,53.75,4000.0,Target Hit (50% Premium Decay),636.0,15.9
SENSEX,SENSEX SPOT,PE_SPREAD,2026-02-17 09:45:00,2026-02-18 09:15:00,0 days 23:30:00,69,83000.0 / 82800.0,20,62.4,4000.0,Target Hit (50% Premium Decay),687.0,17.18
SENSEX,SENSEX SPOT,PE_SPREAD,2026-02-17 12:20:00,2026-02-17 14:10:00,0 days 01:50:00,22,83400.0 / 83200.0,20,64.75,4000.0,SL Hit (40% Premium Appreciation),-540.0,-13.5
SENSEX,SENSEX SPOT,PE_SPREAD,2026-02-23 10:15:00,2026-02-24 09:15:00,0 days 23:00:00,63,83100.0 / 82900.0,20,65.8,4000.0,SL Hit (40% Premium Appreciation),-912.0,-22.8
SENSEX,SENSEX SPOT,PE_SPREAD,2026-02-23 10:20:00,2026-02-24 09:15:00,0 days 22:55:00,62,83100.0 / 82900.0,20,66.9,4000.0,SL Hit (40% Premium Appreciation),-890.0,-22.25
SENSEX,SENSEX SPOT,PE_SPREAD,2026-02-23 10:25:00,2026-02-24 09:15:00,0 days 22:50:00,61,83100.0 / 82900.0,20,69.95,4000.0,SL Hit (40% Premium Appreciation),-829.0,-20.72
SENSEX,SENSEX SPOT,CE_SPREAD,2026-02-24 10:25:00,2026-02-25 10:05:00,0 days 23:40:00,71,82700.0 / 82900.0,20,83.6,4000.0,SL Hit (40% Premium Appreciation),-686.0,-17.15
SENSEX,SENSEX SPOT,CE_SPREAD,2026-02-24 10:35:00,2026-02-25 12:45:00,1 days 02:10:00,101,82700.0 / 82900.0,20,87.9,4000.0,Target Hit (50% Premium Decay),898.0,22.45
SENSEX,SENSEX SPOT,CE_SPREAD,2026-02-24 10:45:00,2026-02-25 10:00:00,0 days 23:15:00,66,82700.0 / 82900.0,20,79.3,4000.0,SL Hit (40% Premium Appreciation),-714.0,-17.85
SENSEX,SENSEX SPOT,PE_SPREAD,2026-02-25 10:40:00,2026-02-25 12:30:00,0 days 01:50:00,22,82700.0 / 82500.0,20,60.9,4000.0,SL Hit (40% Premium Appreciation),-1017.0,-25.42
SENSEX,SENSEX SPOT,PE_SPREAD,2026-02-25 10:45:00,2026-02-25 12:30:00,0 days 01:45:00,21,82600.0 / 82400.0,20,52.65,4000.0,SL Hit (40% Premium Appreciation),-958.0,-23.95
SENSEX,SENSEX SPOT,CE_SPREAD,2026-03-02 11:00:00,2026-03-04 09:15:00,1 days 22:15:00,54,80400.0 / 80600.0,20,96.9,4000.0,Target Hit (50% Premium Decay),1603.0,40.07
SENSEX,SENSEX SPOT,CE_SPREAD,2026-03-02 11:05:00,2026-03-04 09:15:00,1 days 22:10:00,53,80400.0 / 80600.0,20,97.75,4000.0,Target Hit (50% Premium Decay),1620.0,40.5
SENSEX,SENSEX SPOT,CE_SPREAD,2026-03-02 11:10:00,2026-03-04 09:15:00,1 days 22:05:00,52,80400.0 / 80600.0,20,92.3,4000.0,Target Hit (50% Premium Decay),1511.0,37.78
SENSEX,SENSEX SPOT,CE_SPREAD,2026-03-04 10:35:00,2026-03-04 14:40:00,0 days 04:05:00,49,79000.0 / 79200.0,20,93.2,4000.0,SL Hit (40% Premium Appreciation),-862.0,-21.55
SENSEX,SENSEX SPOT,CE_SPREAD,2026-03-04 10:40:00,2026-03-04 14:10:00,0 days 03:30:00,42,79000.0 / 79200.0,20,91.35,4000.0,SL Hit (40% Premium Appreciation),-775.0,-19.38
SENSEX,SENSEX SPOT,CE_SPREAD,2026-03-04 10:45:00,2026-03-04 14:40:00,0 days 03:55:00,47,79000.0 / 79200.0,20,94.6,4000.0,SL Hit (40% Premium Appreciation),-834.0,-20.85
SENSEX,SENSEX SPOT,CE_SPREAD,2026-03-09 10:15:00,2026-03-09 14:50:00,0 days 04:35:00,55,77000.0 / 77200.0,20,91.45,4000.0,SL Hit (40% Premium Appreciation),-756.0,-18.9
SENSEX,SENSEX SPOT,CE_SPREAD,2026-03-09 10:40:00,2026-03-09 15:10:00,0 days 04:30:00,54,77000.0 / 77200.0,20,97.8,4000.0,SL Hit (40% Premium Appreciation),-920.0,-23.0
SENSEX,SENSEX SPOT,CE_SPREAD,2026-03-09 10:45:00,2026-03-09 15:05:00,0 days 04:20:00,52,77000.0 / 77200.0,20,96.1,4000.0,SL Hit (40% Premium Appreciation),-774.0,-19.35
SENSEX,SENSEX SPOT,CE_SPREAD,2026-03-11 11:05:00,2026-03-11 14:55:00,0 days 03:50:00,46,77800.0 / 78000.0,20,84.0,4000.0,Target Hit (50% Premium Decay),959.0,23.97
SENSEX,SENSEX SPOT,CE_SPREAD,2026-03-11 11:10:00,2026-03-11 14:55:00,0 days 03:45:00,45,77800.0 / 78000.0,20,79.3,4000.0,Target Hit (50% Premium Decay),865.0,21.62
SENSEX,SENSEX SPOT,CE_SPREAD,2026-03-11 12:05:00,2026-03-12 09:15:00,0 days 21:10:00,41,77500.0 / 77700.0,20,87.9,4000.0,Target Hit (50% Premium Decay),1715.0,42.87
SENSEX,SENSEX SPOT,PE_SPREAD,2026-03-17 09:20:00,2026-03-17 14:55:00,0 days 05:35:00,67,75300.0 / 75100.0,20,81.15,4000.0,Target Hit (50% Premium Decay),920.0,23.0
SENSEX,SENSEX SPOT,PE_SPREAD,2026-03-17 09:25:00,2026-03-17 14:55:00,0 days 05:30:00,66,75200.0 / 75000.0,20,74.15,4000.0,Target Hit (50% Premium Decay),831.0,20.77
SENSEX,SENSEX SPOT,PE_SPREAD,2026-03-17 09:30:00,2026-03-17 14:55:00,0 days 05:25:00,65,75200.0 / 75000.0,20,72.3,4000.0,Target Hit (50% Premium Decay),794.0,19.85
SENSEX,SENSEX SPOT,PE_SPREAD,2026-03-18 10:20:00,2026-03-19 09:15:00,0 days 22:55:00,62,76300.0 / 76100.0,20,65.85,4000.0,SL Hit (40% Premium Appreciation),-2541.0,-63.53
SENSEX,SENSEX SPOT,PE_SPREAD,2026-03-18 10:50:00,2026-03-19 09:15:00,0 days 22:25:00,56,76500.0 / 76300.0,20,71.85,4000.0,SL Hit (40% Premium Appreciation),-2343.0,-58.57
SENSEX,SENSEX SPOT,CE_SPREAD,2026-03-23 11:10:00,2026-03-24 11:55:00,1 days 00:45:00,84,73000.0 / 73200.0,20,96.65,4000.0,SL Hit (40% Premium Appreciation),-973.0,-24.32
SENSEX,SENSEX SPOT,CE_SPREAD,2026-03-23 11:15:00,2026-03-24 09:15:00,0 days 22:00:00,51,73000.0 / 73200.0,20,88.75,4000.0,SL Hit (40% Premium Appreciation),-750.0,-18.75
SENSEX,SENSEX SPOT,CE_SPREAD,2026-03-23 11:20:00,2026-03-24 09:20:00,0 days 22:00:00,51,72900.0 / 73100.0,20,99.2,4000.0,SL Hit (40% Premium Appreciation),-803.0,-20.07
SENSEX,SENSEX SPOT,PE_SPREAD,2026-03-24 12:10:00,2026-03-24 13:25:00,0 days 01:15:00,15,73300.0 / 73100.0,20,71.55,4000.0,Target Hit (50% Premium Decay),746.0,18.65
SENSEX,SENSEX SPOT,PE_SPREAD,2026-03-24 12:15:00,2026-03-24 13:25:00,0 days 01:10:00,14,73300.0 / 73100.0,20,71.25,4000.0,Target Hit (50% Premium Decay),740.0,18.5
SENSEX,SENSEX SPOT,PE_SPREAD,2026-03-24 12:20:00,2026-03-25 09:15:00,0 days 20:55:00,38,73300.0 / 73100.0,20,52.95,4000.0,Target Hit (50% Premium Decay),1025.0,25.62
SENSEX,SENSEX SPOT,PE_SPREAD,2026-03-25 11:30:00,2026-03-25 13:50:00,0 days 02:20:00,28,75400.0 / 75200.0,20,70.0,4000.0,SL Hit (40% Premium Appreciation),-941.0,-23.53
SENSEX,SENSEX SPOT,PE_SPREAD,2026-03-25 11:35:00,2026-03-27 09:25:00,1 days 21:50:00,49,75400.0 / 75200.0,20,86.4,4000.0,SL Hit (40% Premium Appreciation),-693.0,-17.32
SENSEX,SENSEX SPOT,PE_SPREAD,2026-03-25 11:40:00,2026-03-25 13:05:00,0 days 01:25:00,17,75300.0 / 75100.0,20,68.95,4000.0,SL Hit (40% Premium Appreciation),-755.0,-18.88
SENSEX,SENSEX SPOT,CE_SPREAD,2026-03-30 09:40:00,2026-03-30 15:00:00,0 days 05:20:00,64,73200.0 / 73400.0,20,88.95,4000.0,Target Hit (50% Premium Decay),970.0,24.25
SENSEX,SENSEX SPOT,CE_SPREAD,2026-03-30 09:45:00,2026-03-30 15:00:00,0 days 05:15:00,63,73200.0 / 73400.0,20,87.7,4000.0,Target Hit (50% Premium Decay),945.0,23.62
SENSEX,SENSEX SPOT,CE_SPREAD,2026-03-30 09:50:00,2026-04-01 09:15:00,1 days 23:25:00,68,73100.0 / 73300.0,20,86.7,4000.0,SL Hit (40% Premium Appreciation),-886.0,-22.15
SENSEX,SENSEX SPOT,PE_SPREAD,2026-04-01 12:05:00,2026-04-01 13:40:00,0 days 01:35:00,19,73500.0 / 73300.0,20,70.45,4000.0,SL Hit (40% Premium Appreciation),-954.0,-23.85
SENSEX,SENSEX SPOT,PE_SPREAD,2026-04-01 12:30:00,2026-04-01 13:40:00,0 days 01:10:00,14,73500.0 / 73300.0,20,73.0,4000.0,SL Hit (40% Premium Appreciation),-903.0,-22.57
SENSEX,SENSEX SPOT,PE_SPREAD,2026-04-01 12:50:00,2026-04-01 13:35:00,0 days 00:45:00,9,73600.0 / 73400.0,20,69.55,4000.0,SL Hit (40% Premium Appreciation),-574.0,-14.35
SENSEX,SENSEX SPOT,PE_SPREAD,2026-04-06 12:20:00,2026-04-07 15:00:00,1 days 02:40:00,107,72900.0 / 72700.0,20,73.7,4000.0,Target Hit (50% Premium Decay),742.0,18.55
SENSEX,SENSEX SPOT,PE_SPREAD,2026-04-06 12:25:00,2026-04-07 15:00:00,1 days 02:35:00,106,73000.0 / 72800.0,20,78.55,4000.0,Target Hit (50% Premium Decay),799.0,19.97
SENSEX,SENSEX SPOT,PE_SPREAD,2026-04-06 12:35:00,2026-04-07 15:00:00,1 days 02:25:00,104,72900.0 / 72700.0,20,80.8,4000.0,Target Hit (50% Premium Decay),884.0,22.1
SENSEX,SENSEX SPOT,PE_SPREAD,2026-04-08 10:45:00,2026-04-09 09:40:00,0 days 22:55:00,62,77200.0 / 77000.0,20,74.15,4000.0,SL Hit (40% Premium Appreciation),-791.0,-19.77
SENSEX,SENSEX SPOT,PE_SPREAD,2026-04-08 11:30:00,2026-04-09 09:30:00,0 days 22:00:00,51,77300.0 / 77100.0,20,76.25,4000.0,SL Hit (40% Premium Appreciation),-740.0,-18.5
SENSEX,SENSEX SPOT,PE_SPREAD,2026-04-08 11:35:00,2026-04-09 09:30:00,0 days 21:55:00,50,77300.0 / 77100.0,20,78.55,4000.0,SL Hit (40% Premium Appreciation),-694.0,-17.35
SENSEX,SENSEX SPOT,CE_SPREAD,2026-04-13 10:15:00,2026-04-13 13:55:00,0 days 03:40:00,44,76400.0 / 76600.0,20,95.05,4000.0,SL Hit (40% Premium Appreciation),-834.0,-20.85
SENSEX,SENSEX SPOT,CE_SPREAD,2026-04-13 10:25:00,2026-04-15 09:15:00,1 days 22:50:00,61,76600.0 / 76800.0,20,92.4,4000.0,SL Hit (40% Premium Appreciation),-1743.0,-43.58
SENSEX,SENSEX SPOT,CE_SPREAD,2026-04-13 10:30:00,2026-04-15 09:15:00,1 days 22:45:00,60,76600.0 / 76800.0,20,91.05,4000.0,SL Hit (40% Premium Appreciation),-1770.0,-44.25
SENSEX,SENSEX SPOT,PE_SPREAD,2026-04-15 10:45:00,2026-04-16 09:15:00,0 days 22:30:00,57,77900.0 / 77700.0,20,62.35,4000.0,Target Hit (50% Premium Decay),1023.0,25.57
SENSEX,SENSEX SPOT,PE_SPREAD,2026-04-15 10:50:00,2026-04-16 09:15:00,0 days 22:25:00,56,78000.0 / 77800.0,20,80.25,4000.0,Target Hit (50% Premium Decay),1272.0,31.8
SENSEX,SENSEX SPOT,PE_SPREAD,2026-04-15 10:55:00,2026-04-16 09:15:00,0 days 22:20:00,55,77900.0 / 77700.0,20,70.8,4000.0,Target Hit (50% Premium Decay),1192.0,29.8
SENSEX,SENSEX SPOT,PE_SPREAD,2026-04-21 12:30:00,2026-04-22 09:15:00,0 days 20:45:00,36,79000.0 / 78800.0,20,73.15,4000.0,SL Hit (40% Premium Appreciation),-594.0,-14.85
SENSEX,SENSEX SPOT,PE_SPREAD,2026-04-21 12:35:00,2026-04-22 09:15:00,0 days 20:40:00,35,79000.0 / 78800.0,20,71.3,4000.0,SL Hit (40% Premium Appreciation),-631.0,-15.78
SENSEX,SENSEX SPOT,PE_SPREAD,2026-04-21 12:40:00,2026-04-22 09:25:00,0 days 20:45:00,36,79000.0 / 78800.0,20,73.7,4000.0,SL Hit (40% Premium Appreciation),-779.0,-19.48
SENSEX,SENSEX SPOT,CE_SPREAD,2026-04-22 10:35:00,2026-04-23 09:15:00,0 days 22:40:00,59,78800.0 / 79000.0,20,73.3,4000.0,Target Hit (50% Premium Decay),1362.0,34.05
SENSEX,SENSEX SPOT,CE_SPREAD,2026-04-22 10:40:00,2026-04-23 09:15:00,0 days 22:35:00,58,78800.0 / 79000.0,20,77.15,4000.0,Target Hit (50% Premium Decay),1439.0,35.97
SENSEX,SENSEX SPOT,CE_SPREAD,2026-04-22 10:45:00,2026-04-23 09:15:00,0 days 22:30:00,57,78800.0 / 79000.0,20,81.2,4000.0,Target Hit (50% Premium Decay),1520.0,38.0
SENSEX,SENSEX SPOT,PE_SPREAD,2026-04-28 09:55:00,2026-04-28 11:25:00,0 days 01:30:00,18,77100.0 / 76900.0,20,64.05,4000.0,SL Hit (40% Premium Appreciation),-560.0,-14.0
SENSEX,SENSEX SPOT,PE_SPREAD,2026-04-28 10:00:00,2026-04-28 11:25:00,0 days 01:25:00,17,77200.0 / 77000.0,20,68.75,4000.0,SL Hit (40% Premium Appreciation),-603.0,-15.07
SENSEX,SENSEX SPOT,CE_SPREAD,2026-04-28 12:50:00,2026-04-29 09:40:00,0 days 20:50:00,37,77200.0 / 77400.0,20,79.4,4000.0,SL Hit (40% Premium Appreciation),-662.0,-16.55
SENSEX,SENSEX SPOT,CE_SPREAD,2026-04-28 12:55:00,2026-04-29 09:25:00,0 days 20:30:00,33,77200.0 / 77400.0,20,74.5,4000.0,SL Hit (40% Premium Appreciation),-616.0,-15.4
SENSEX,SENSEX SPOT,CE_SPREAD,2026-04-28 13:00:00,2026-04-29 09:45:00,0 days 20:45:00,36,77100.0 / 77300.0,20,87.85,4000.0,SL Hit (40% Premium Appreciation),-806.0,-20.15
SENSEX,SENSEX SPOT,PE_SPREAD,2026-04-29 11:20:00,2026-04-29 14:15:00,0 days 02:55:00,35,77600.0 / 77400.0,20,63.6,4000.0,SL Hit (40% Premium Appreciation),-514.0,-12.85
SENSEX,SENSEX SPOT,PE_SPREAD,2026-04-29 11:25:00,2026-04-29 15:10:00,0 days 03:45:00,45,77600.0 / 77400.0,20,65.8,4000.0,SL Hit (40% Premium Appreciation),-549.0,-13.72
SENSEX,SENSEX SPOT,PE_SPREAD,2026-04-29 11:30:00,2026-04-29 14:15:00,0 days 02:45:00,33,77600.0 / 77400.0,20,61.8,4000.0,SL Hit (40% Premium Appreciation),-550.0,-13.75
SENSEX,SENSEX SPOT,PE_SPREAD,2026-05-04 10:05:00,2026-05-04 12:30:00,0 days 02:25:00,29,77500.0 / 77300.0,20,73.25,4000.0,SL Hit (40% Premium Appreciation),-614.0,-15.35
SENSEX,SENSEX SPOT,PE_SPREAD,2026-05-04 10:15:00,2026-05-05 09:25:00,0 days 23:10:00,65,77300.0 / 77100.0,20,82.25,4000.0,SL Hit (40% Premium Appreciation),-684.0,-17.1
SENSEX,SENSEX SPOT,PE_SPREAD,2026-05-04 10:20:00,2026-05-05 09:25:00,0 days 23:05:00,64,77300.0 / 77100.0,20,82.5,4000.0,SL Hit (40% Premium Appreciation),-679.0,-16.98
SENSEX,SENSEX SPOT,CE_SPREAD,2026-05-05 09:40:00,2026-05-06 09:15:00,0 days 23:35:00,70,77200.0 / 77400.0,20,80.1,4000.0,SL Hit (40% Premium Appreciation),-925.0,-23.12
SENSEX,SENSEX SPOT,CE_SPREAD,2026-05-05 09:55:00,2026-05-06 09:15:00,0 days 23:20:00,67,77300.0 / 77500.0,20,79.5,4000.0,SL Hit (40% Premium Appreciation),-821.0,-20.53
SENSEX,SENSEX SPOT,CE_SPREAD,2026-05-05 10:00:00,2026-05-06 09:15:00,0 days 23:15:00,66,77200.0 / 77400.0,20,76.35,4000.0,SL Hit (40% Premium Appreciation),-1000.0,-25.0
SENSEX,SENSEX SPOT,PE_SPREAD,2026-05-06 09:50:00,2026-05-06 12:15:00,0 days 02:25:00,29,77100.0 / 76900.0,20,58.45,4000.0,SL Hit (40% Premium Appreciation),-531.0,-13.28
SENSEX,SENSEX SPOT,PE_SPREAD,2026-05-06 09:55:00,2026-05-06 12:20:00,0 days 02:25:00,29,77200.0 / 77000.0,20,69.45,4000.0,SL Hit (40% Premium Appreciation),-773.0,-19.33
SENSEX,SENSEX SPOT,PE_SPREAD,2026-05-06 10:05:00,2026-05-06 12:35:00,0 days 02:30:00,30,77000.0 / 76800.0,20,62.35,4000.0,SL Hit (40% Premium Appreciation),-548.0,-13.7
SENSEX,SENSEX SPOT,CE_SPREAD,2026-05-11 10:55:00,2026-05-12 09:20:00,0 days 22:25:00,56,76500.0 / 76700.0,20,86.15,4000.0,Target Hit (50% Premium Decay),945.0,23.63
SENSEX,SENSEX SPOT,CE_SPREAD,2026-05-11 11:00:00,2026-05-12 09:20:00,0 days 22:20:00,55,76500.0 / 76700.0,20,88.05,4000.0,Target Hit (50% Premium Decay),983.0,24.57
SENSEX,SENSEX SPOT,CE_SPREAD,2026-05-11 11:05:00,2026-05-12 09:15:00,0 days 22:10:00,53,76500.0 / 76700.0,20,91.05,4000.0,Target Hit (50% Premium Decay),912.0,22.8
SENSEX,SENSEX SPOT,CE_SPREAD,2026-05-12 10:20:00,2026-05-12 14:55:00,0 days 04:35:00,55,75600.0 / 75800.0,20,76.3,4000.0,Target Hit (50% Premium Decay),828.0,20.7
SENSEX,SENSEX SPOT,CE_SPREAD,2026-05-12 10:25:00,2026-05-12 15:00:00,0 days 04:35:00,55,75500.0 / 75700.0,20,77.3,4000.0,Target Hit (50% Premium Decay),826.0,20.65
SENSEX,SENSEX SPOT,CE_SPREAD,2026-05-12 10:45:00,2026-05-12 15:00:00,0 days 04:15:00,51,75500.0 / 75700.0,20,74.15,4000.0,Target Hit (50% Premium Decay),763.0,19.08
SENSEX,SENSEX SPOT,CE_SPREAD,2026-05-18 10:20:00,2026-05-18 11:35:00,0 days 01:15:00,15,74600.0 / 74800.0,20,85.6,4000.0,SL Hit (40% Premium Appreciation),-760.0,-19.0
SENSEX,SENSEX SPOT,CE_SPREAD,2026-05-18 10:25:00,2026-05-18 12:35:00,0 days 02:10:00,26,74600.0 / 74800.0,20,88.9,4000.0,SL Hit (40% Premium Appreciation),-939.0,-23.47
SENSEX,SENSEX SPOT,CE_SPREAD,2026-05-18 10:30:00,2026-05-18 13:00:00,0 days 02:30:00,30,74600.0 / 74800.0,20,99.4,4000.0,SL Hit (40% Premium Appreciation),-865.0,-21.62
SENSEX,SENSEX SPOT,PE_SPREAD,2026-05-19 09:40:00,2026-05-19 15:00:00,0 days 05:20:00,64,75300.0 / 75100.0,20,63.95,4000.0,SL Hit (40% Premium Appreciation),-586.0,-14.65
SENSEX,SENSEX SPOT,PE_SPREAD,2026-05-19 10:05:00,2026-05-19 15:05:00,0 days 05:00:00,60,75300.0 / 75100.0,20,66.9,4000.0,SL Hit (40% Premium Appreciation),-548.0,-13.7
SENSEX,SENSEX SPOT,PE_SPREAD,2026-05-19 10:10:00,2026-05-19 15:00:00,0 days 04:50:00,58,75400.0 / 75200.0,20,70.0,4000.0,SL Hit (40% Premium Appreciation),-601.0,-15.02
SENSEX,SENSEX SPOT,CE_SPREAD,2026-05-20 09:55:00,2026-05-20 11:45:00,0 days 01:50:00,22,75100.0 / 75300.0,20,75.7,4000.0,SL Hit (40% Premium Appreciation),-638.0,-15.95
SENSEX,SENSEX SPOT,CE_SPREAD,2026-05-20 10:00:00,2026-05-20 11:25:00,0 days 01:25:00,17,75100.0 / 75300.0,20,64.8,4000.0,SL Hit (40% Premium Appreciation),-567.0,-14.18
SENSEX,SENSEX SPOT,CE_SPREAD,2026-05-20 10:05:00,2026-05-20 11:25:00,0 days 01:20:00,16,75000.0 / 75200.0,20,72.5,4000.0,SL Hit (40% Premium Appreciation),-584.0,-14.6
SENSEX,SENSEX SPOT,PE_SPREAD,2026-05-25 11:00:00,2026-05-26 14:00:00,1 days 03:00:00,111,76100.0 / 75900.0,20,65.75,4000.0,SL Hit (40% Premium Appreciation),-605.0,-15.12
SENSEX,SENSEX SPOT,PE_SPREAD,2026-05-25 11:05:00,2026-05-26 14:35:00,1 days 03:30:00,117,76100.0 / 75900.0,20,68.75,4000.0,SL Hit (40% Premium Appreciation),-603.0,-15.08
SENSEX,SENSEX SPOT,PE_SPREAD,2026-05-25 11:15:00,2026-05-26 14:00:00,1 days 02:45:00,108,76200.0 / 76000.0,20,75.15,4000.0,SL Hit (40% Premium Appreciation),-630.0,-15.75
SENSEX,SENSEX SPOT,CE_SPREAD,2026-05-27 09:20:00,2026-05-29 15:00:00,2 days 05:40:00,143,76200.0 / 76400.0,20,91.85,4000.0,Target Hit (50% Premium Decay),934.0,23.35
SENSEX,SENSEX SPOT,CE_SPREAD,2026-05-27 09:25:00,2026-05-29 15:00:00,2 days 05:35:00,142,76300.0 / 76500.0,20,85.3,4000.0,Target Hit (50% Premium Decay),873.0,21.82
SENSEX,SENSEX SPOT,CE_SPREAD,2026-05-27 09:30:00,2026-05-29 15:25:00,2 days 05:55:00,146,76100.0 / 76300.0,20,90.55,4000.0,Target Hit (50% Premium Decay),915.0,22.87
SENSEX,SENSEX SPOT,CE_SPREAD,2026-06-01 09:20:00,2026-06-01 14:50:00,0 days 05:30:00,66,75300.0 / 75500.0,20,80.7,4000.0,Target Hit (50% Premium Decay),819.0,20.47
SENSEX,SENSEX SPOT,CE_SPREAD,2026-06-01 09:25:00,2026-06-02 09:15:00,0 days 23:50:00,73,75200.0 / 75400.0,20,88.0,4000.0,Target Hit (50% Premium Decay),1254.0,31.35
SENSEX,SENSEX SPOT,CE_SPREAD,2026-06-01 09:30:00,2026-06-01 14:50:00,0 days 05:20:00,64,75200.0 / 75400.0,20,91.55,4000.0,Target Hit (50% Premium Decay),936.0,23.4
SENSEX,SENSEX SPOT,CE_SPREAD,2026-06-02 10:05:00,2026-06-02 12:45:00,0 days 02:40:00,32,74300.0 / 74500.0,20,77.1,4000.0,SL Hit (40% Premium Appreciation),-962.0,-24.05
SENSEX,SENSEX SPOT,CE_SPREAD,2026-06-02 10:10:00,2026-06-02 12:45:00,0 days 02:35:00,31,74200.0 / 74400.0,20,82.3,4000.0,SL Hit (40% Premium Appreciation),-982.0,-24.55
SENSEX,SENSEX SPOT,CE_SPREAD,2026-06-03 10:25:00,2026-06-03 12:35:00,0 days 02:10:00,26,74000.0 / 74200.0,20,77.8,4000.0,SL Hit (40% Premium Appreciation),-648.0,-16.2
SENSEX,SENSEX SPOT,CE_SPREAD,2026-06-03 10:30:00,2026-06-03 12:30:00,0 days 02:00:00,24,74000.0 / 74200.0,20,67.45,4000.0,SL Hit (40% Premium Appreciation),-561.0,-14.03
SENSEX,SENSEX SPOT,CE_SPREAD,2026-06-03 10:45:00,2026-06-03 12:35:00,0 days 01:50:00,22,74000.0 / 74200.0,20,76.9,4000.0,SL Hit (40% Premium Appreciation),-666.0,-16.65
SENSEX,SENSEX SPOT,CE_SPREAD,2026-06-08 10:25:00,2026-06-10 09:15:00,1 days 22:50:00,136,73900.0 / 74100.0,20,82.15,4000.0,SL Hit (40% Premium Appreciation),-866.0,-21.65
SENSEX,SENSEX SPOT,CE_SPREAD,2026-06-08 10:30:00,2026-06-10 09:25:00,1 days 22:55:00,137,73800.0 / 74000.0,20,96.9,4000.0,SL Hit (40% Premium Appreciation),-784.0,-19.6
SENSEX,SENSEX SPOT,CE_SPREAD,2026-06-08 10:35:00,2026-06-10 09:25:00,1 days 22:50:00,136,73900.0 / 74100.0,20,90.6,4000.0,SL Hit (40% Premium Appreciation),-804.0,-20.1
SENSEX,SENSEX SPOT,PE_SPREAD,2026-06-10 10:10:00,2026-06-10 15:10:00,0 days 05:00:00,60,74200.0 / 74000.0,20,83.6,4000.0,SL Hit (40% Premium Appreciation),-745.0,-18.63
SENSEX,SENSEX SPOT,PE_SPREAD,2026-06-10 10:15:00,2026-06-10 15:10:00,0 days 04:55:00,59,74000.0 / 73800.0,20,62.55,4000.0,SL Hit (40% Premium Appreciation),-625.0,-15.63
SENSEX,SENSEX SPOT,PE_SPREAD,2026-06-10 10:20:00,2026-06-10 15:10:00,0 days 04:50:00,58,74100.0 / 73900.0,20,75.45,4000.0,SL Hit (40% Premium Appreciation),-626.0,-15.65
SENSEX,SENSEX SPOT,PE_SPREAD,2026-06-16 10:20:00,2026-06-17 09:35:00,0 days 23:15:00,66,76400.0 / 76200.0,20,68.9,4000.0,Target Hit (50% Premium Decay),712.0,17.8
SENSEX,SENSEX SPOT,PE_SPREAD,2026-06-16 11:50:00,2026-06-17 09:35:00,0 days 21:45:00,48,76400.0 / 76200.0,20,66.65,4000.0,Target Hit (50% Premium Decay),667.0,16.68
SENSEX,SENSEX SPOT,PE_SPREAD,2026-06-16 11:55:00,2026-06-17 09:35:00,0 days 21:40:00,47,76400.0 / 76200.0,20,67.65,4000.0,Target Hit (50% Premium Decay),687.0,17.17
SENSEX,SENSEX SPOT,PE_SPREAD,2026-06-17 10:10:00,2026-06-18 09:25:00,0 days 23:15:00,66,76900.0 / 76700.0,20,75.35,4000.0,Target Hit (50% Premium Decay),785.0,19.62
SENSEX,SENSEX SPOT,PE_SPREAD,2026-06-17 10:15:00,2026-06-18 09:20:00,0 days 23:05:00,64,76800.0 / 76600.0,20,58.6,4000.0,Target Hit (50% Premium Decay),661.0,16.53
SENSEX,SENSEX SPOT,PE_SPREAD,2026-06-17 10:20:00,2026-06-18 09:40:00,0 days 23:20:00,67,76900.0 / 76700.0,20,63.95,4000.0,Target Hit (50% Premium Decay),752.0,18.8
SENSEX,SENSEX SPOT,PE_SPREAD,2026-06-22 10:35:00,2026-06-23 11:45:00,1 days 01:10:00,89,77000.0 / 76800.0,20,69.35,4000.0,SL Hit (40% Premium Appreciation),-566.0,-14.15
SENSEX,SENSEX SPOT,PE_SPREAD,2026-06-22 10:40:00,2026-06-23 11:50:00,1 days 01:10:00,89,77100.0 / 76900.0,20,78.45,4000.0,SL Hit (40% Premium Appreciation),-640.0,-16.0
SENSEX,SENSEX SPOT,PE_SPREAD,2026-06-22 11:20:00,2026-06-23 11:45:00,1 days 00:25:00,80,77100.0 / 76900.0,20,76.65,4000.0,SL Hit (40% Premium Appreciation),-659.0,-16.47
SENSEX,SENSEX SPOT,PE_SPREAD,2026-06-24 11:35:00,2026-06-24 15:25:00,0 days 03:50:00,46,76600.0 / 76400.0,20,53.45,4000.0,Target Hit (50% Premium Decay),557.0,13.92
SENSEX,SENSEX SPOT,PE_SPREAD,2026-06-24 12:05:00,2026-06-25 09:15:00,0 days 21:10:00,41,76700.0 / 76500.0,20,61.75,4000.0,Target Hit (50% Premium Decay),1104.0,27.6
SENSEX,SENSEX SPOT,PE_SPREAD,2026-06-24 12:10:00,2026-06-25 09:15:00,0 days 21:05:00,40,76700.0 / 76500.0,20,64.6,4000.0,Target Hit (50% Premium Decay),1161.0,29.02
SENSEX,SENSEX SPOT,CE_SPREAD,2026-06-29 11:35:00,2026-06-30 14:00:00,1 days 02:25:00,104,77200.0 / 77400.0,20,81.95,4000.0,Target Hit (50% Premium Decay),892.0,22.3
SENSEX,SENSEX SPOT,CE_SPREAD,2026-06-29 13:00:00,2026-07-02 09:15:00,2 days 20:15:00,180,76900.0 / 77100.0,20,90.95,4000.0,SL Hit (40% Premium Appreciation),-1066.0,-26.65
SENSEX,SENSEX SPOT,CE_SPREAD,2026-06-30 10:00:00,2026-07-01 11:45:00,1 days 01:45:00,96,76800.0 / 77000.0,20,83.95,4000.0,SL Hit (40% Premium Appreciation),-738.0,-18.45
SENSEX,SENSEX SPOT,PE_SPREAD,2026-07-06 10:15:00,2026-07-07 11:00:00,1 days 00:45:00,84,77900.0 / 77700.0,20,63.65,4000.0,Target Hit (50% Premium Decay),638.0,15.95
SENSEX,SENSEX SPOT,PE_SPREAD,2026-07-06 10:20:00,2026-07-07 11:05:00,1 days 00:45:00,84,77900.0 / 77700.0,20,61.6,4000.0,Target Hit (50% Premium Decay),628.0,15.7
SENSEX,SENSEX SPOT,PE_SPREAD,2026-07-06 10:40:00,2026-07-07 11:10:00,1 days 00:30:00,81,77900.0 / 77700.0,20,59.25,4000.0,Target Hit (50% Premium Decay),624.0,15.6
SENSEX,SENSEX SPOT,PE_SPREAD,2026-07-07 11:00:00,2026-07-07 15:00:00,0 days 04:00:00,48,78300.0 / 78100.0,20,62.05,4000.0,SL Hit (40% Premium Appreciation),-568.0,-14.2
SENSEX,SENSEX SPOT,PE_SPREAD,2026-07-07 11:05:00,2026-07-07 13:10:00,0 days 02:05:00,25,78300.0 / 78100.0,20,57.2,4000.0,SL Hit (40% Premium Appreciation),-475.0,-11.88
SENSEX,SENSEX SPOT,PE_SPREAD,2026-07-07 11:50:00,2026-07-07 13:05:00,0 days 01:15:00,15,78400.0 / 78200.0,20,60.85,4000.0,SL Hit (40% Premium Appreciation),-571.0,-14.27
SENSEX,SENSEX SPOT,CE_SPREAD,2026-07-08 10:00:00,2026-07-08 13:45:00,0 days 03:45:00,45,77900.0 / 78100.0,20,53.7,4000.0,Target Hit (50% Premium Decay),608.0,15.2
SENSEX,SENSEX SPOT,CE_SPREAD,2026-07-08 10:15:00,2026-07-08 13:45:00,0 days 03:30:00,42,77900.0 / 78100.0,20,59.6,4000.0,Target Hit (50% Premium Decay),726.0,18.15
SENSEX,SENSEX SPOT,CE_SPREAD,2026-07-08 10:20:00,2026-07-08 10:40:00,0 days 00:20:00,4,77900.0 / 78100.0,20,49.25,4000.0,SL Hit (40% Premium Appreciation),-436.0,-10.9
SENSEX,SENSEX SPOT,CE_SPREAD,2026-07-08 10:40:00,2026-07-08 13:45:00,0 days 03:05:00,37,78000.0 / 78200.0,20,56.45,4000.0,Target Hit (50% Premium Decay),766.0,19.15
SENSEX,SENSEX SPOT,CE_SPREAD,2026-07-14 10:30:00,2026-07-15 09:25:00,0 days 22:55:00,62,77400.0 / 77600.0,20,74.6,4000.0,SL Hit (40% Premium Appreciation),-612.0,-15.3
SENSEX,SENSEX SPOT,CE_SPREAD,2026-07-14 10:35:00,2026-07-15 09:20:00,0 days 22:45:00,60,77400.0 / 77600.0,20,73.1,4000.0,SL Hit (40% Premium Appreciation),-618.0,-15.45
SENSEX,SENSEX SPOT,CE_SPREAD,2026-07-14 10:40:00,2026-07-15 09:25:00,0 days 22:45:00,60,77400.0 / 77600.0,20,74.9,4000.0,SL Hit (40% Premium Appreciation),-606.0,-15.15
SENSEX,SENSEX SPOT,PE_SPREAD,2026-07-15 10:05:00,2026-07-15 12:50:00,0 days 02:45:00,33,77300.0 / 77100.0,20,56.8,4000.0,SL Hit (40% Premium Appreciation),-464.0,-11.6
SENSEX,SENSEX SPOT,PE_SPREAD,2026-07-15 10:40:00,2026-07-15 12:50:00,0 days 02:10:00,26,77400.0 / 77200.0,20,63.35,4000.0,SL Hit (40% Premium Appreciation),-662.0,-16.55
SENSEX,SENSEX SPOT,PE_SPREAD,2026-07-15 10:45:00,2026-07-15 12:50:00,0 days 02:05:00,25,77400.0 / 77200.0,20,64.1,4000.0,SL Hit (40% Premium Appreciation),-647.0,-16.18
SENSEX,SENSEX SPOT,CE_SPREAD,2026-07-20 11:05:00,2026-07-22 09:15:00,1 days 22:10:00,128,77900.0 / 78100.0,20,76.45,4000.0,Target Hit (50% Premium Decay),1122.0,28.05
SENSEX,SENSEX SPOT,CE_SPREAD,2026-07-20 11:10:00,2026-07-22 09:15:00,1 days 22:05:00,127,77900.0 / 78100.0,20,73.2,4000.0,Target Hit (50% Premium Decay),1057.0,26.42
SENSEX,SENSEX SPOT,CE_SPREAD,2026-07-20 11:15:00,2026-07-22 09:15:00,1 days 22:00:00,126,77900.0 / 78100.0,20,72.75,4000.0,Target Hit (50% Premium Decay),1048.0,26.2
SENSEX,SENSEX SPOT,CE_SPREAD,2026-07-22 10:10:00,2026-07-22 14:55:00,0 days 04:45:00,57,77200.0 / 77400.0,20,57.9,4000.0,Target Hit (50% Premium Decay),587.0,14.67
SENSEX,SENSEX SPOT,CE_SPREAD,2026-07-22 10:15:00,2026-07-23 09:15:00,0 days 23:00:00,63,77100.0 / 77300.0,20,63.65,4000.0,Target Hit (50% Premium Decay),1091.0,27.28
SENSEX,SENSEX SPOT,CE_SPREAD,2026-07-22 10:55:00,2026-07-23 09:15:00,0 days 22:20:00,55,77100.0 / 77300.0,20,59.15,4000.0,Target Hit (50% Premium Decay),1001.0,25.02
SENSEX,SENSEX SPOT,PE_SPREAD,2026-07-27 10:10:00,2026-07-29 09:15:00,1 days 23:05:00,139,76400.0 / 76200.0,20,61.45,4000.0,Target Hit (50% Premium Decay),1072.0,26.8
SENSEX,SENSEX SPOT,PE_SPREAD,2026-07-27 10:15:00,2026-07-29 09:15:00,1 days 23:00:00,138,76500.0 / 76300.0,20,73.9,4000.0,Target Hit (50% Premium Decay),1278.0,31.95
SENSEX,SENSEX SPOT,PE_SPREAD,2026-07-27 10:25:00,2026-07-28 11:45:00,1 days 01:20:00,91,76400.0 / 76200.0,20,68.05,4000.0,Target Hit (50% Premium Decay),685.0,17.12
SENSEX,SENSEX SPOT,PE_SPREAD,2026-07-28 12:05:00,2026-07-28 14:30:00,0 days 02:25:00,29,76700.0 / 76500.0,20,55.05,4000.0,SL Hit (40% Premium Appreciation),-443.0,-11.08
SENSEX,SENSEX SPOT,PE_SPREAD,2026-07-29 10:50:00,2026-07-30 09:20:00,0 days 22:30:00,57,77400.0 / 77200.0,20,63.15,4000.0,Target Hit (50% Premium Decay),653.0,16.32
SENSEX,SENSEX SPOT,PE_SPREAD,2026-07-29 10:55:00,2026-07-30 09:20:00,0 days 22:25:00,56,77400.0 / 77200.0,20,63.45,4000.0,Target Hit (50% Premium Decay),659.0,16.48
SENSEX,SENSEX SPOT,PE_SPREAD,2026-07-29 11:00:00,2026-07-30 09:25:00,0 days 22:25:00,56,77400.0 / 77200.0,20,60.65,4000.0,Target Hit (50% Premium Decay),637.0,15.93
SENSEX,SENSEX SPOT,PE_SPREAD,2026-08-03 10:35:00,2026-08-04 11:55:00,1 days 01:20:00,91,78500.0 / 78300.0,20,61.25,4000.0,SL Hit (40% Premium Appreciation),-537.0,-13.42
SENSEX,SENSEX SPOT,PE_SPREAD,2026-08-03 10:40:00,2026-08-04 11:55:00,1 days 01:15:00,90,78500.0 / 78300.0,20,61.95,4000.0,SL Hit (40% Premium Appreciation),-523.0,-13.07
SENSEX,SENSEX SPOT,PE_SPREAD,2026-08-03 10:50:00,2026-08-04 11:45:00,1 days 00:55:00,86,78500.0 / 78300.0,20,60.15,4000.0,SL Hit (40% Premium Appreciation),-494.0,-12.35
SENSEX,SENSEX SPOT,PE_SPREAD,2026-08-05 09:55:00,2026-08-05 12:15:00,0 days 02:20:00,28,78500.0 / 78300.0,20,54.15,4000.0,SL Hit (40% Premium Appreciation),-528.0,-13.2
SENSEX,SENSEX SPOT,PE_SPREAD,2026-08-05 10:00:00,2026-08-05 11:45:00,0 days 01:45:00,21,78500.0 / 78300.0,20,48.8,4000.0,SL Hit (40% Premium Appreciation),-423.0,-10.58
SENSEX,SENSEX SPOT,PE_SPREAD,2026-08-05 10:05:00,2026-08-05 12:10:00,0 days 02:05:00,25,78600.0 / 78400.0,20,60.55,4000.0,SL Hit (40% Premium Appreciation),-494.0,-12.35
SENSEX,SENSEX SPOT,CE_SPREAD,2026-08-11 10:30:00,2026-08-12 09:55:00,0 days 23:25:00,68,78400.0 / 78600.0,20,79.7,4000.0,Target Hit (50% Premium Decay),855.0,21.37
SENSEX,SENSEX SPOT,CE_SPREAD,2026-08-11 10:35:00,2026-08-12 09:55:00,0 days 23:20:00,67,78400.0 / 78600.0,20,78.45,4000.0,Target Hit (50% Premium Decay),830.0,20.75
SENSEX,SENSEX SPOT,CE_SPREAD,2026-08-11 10:40:00,2026-08-12 09:55:00,0 days 23:15:00,66,78400.0 / 78600.0,20,77.15,4000.0,Target Hit (50% Premium Decay),804.0,20.1
SENSEX,SENSEX SPOT,CE_SPREAD,2026-08-12 10:35:00,2026-08-12 12:10:00,0 days 01:35:00,19,78100.0 / 78300.0,20,64.6,4000.0,Target Hit (50% Premium Decay),651.0,16.28
SENSEX,SENSEX SPOT,CE_SPREAD,2026-08-12 10:40:00,2026-08-12 14:00:00,0 days 03:20:00,40,78100.0 / 78300.0,20,59.3,4000.0,Target Hit (50% Premium Decay),599.0,14.97
SENSEX,SENSEX SPOT,CE_SPREAD,2026-08-12 10:45:00,2026-08-13 10:20:00,0 days 23:35:00,70,78000.0 / 78200.0,20,66.6,4000.0,Target Hit (50% Premium Decay),717.0,17.92
SENSEX,SENSEX SPOT,CE_SPREAD,2026-08-12 12:30:00,2026-08-12 14:50:00,0 days 02:20:00,28,77700.0 / 77900.0,20,81.25,4000.0,SL Hit (40% Premium Appreciation),-1088.0,-27.2
SENSEX,SENSEX SPOT,CE_SPREAD,2026-08-17 11:30:00,2026-08-17 12:50:00,0 days 01:20:00,16,77700.0 / 77900.0,20,85.6,4000.0,SL Hit (40% Premium Appreciation),-702.0,-17.55
SENSEX,SENSEX SPOT,CE_SPREAD,2026-08-17 11:35:00,2026-08-17 12:50:00,0 days 01:15:00,15,77700.0 / 77900.0,20,85.25,4000.0,SL Hit (40% Premium Appreciation),-709.0,-17.72
SENSEX,SENSEX SPOT,CE_SPREAD,2026-08-17 11:40:00,2026-08-17 12:50:00,0 days 01:10:00,14,77700.0 / 77900.0,20,85.0,4000.0,SL Hit (40% Premium Appreciation),-714.0,-17.85
SENSEX,SENSEX SPOT,CE_SPREAD,2026-08-18 10:30:00,2026-08-19 09:15:00,0 days 22:45:00,60,77600.0 / 77800.0,20,77.2,4000.0,Target Hit (50% Premium Decay),881.0,22.02
SENSEX,SENSEX SPOT,CE_SPREAD,2026-08-18 10:35:00,2026-08-19 09:15:00,0 days 22:40:00,59,77700.0 / 77900.0,20,63.75,4000.0,Target Hit (50% Premium Decay),743.0,18.57
SENSEX,SENSEX SPOT,CE_SPREAD,2026-08-18 10:40:00,2026-08-19 09:15:00,0 days 22:35:00,58,77600.0 / 77800.0,20,69.7,4000.0,Target Hit (50% Premium Decay),731.0,18.27
SENSEX,SENSEX SPOT,CE_SPREAD,2026-08-19 09:20:00,2026-08-19 14:20:00,0 days 05:00:00,60,77300.0 / 77500.0,20,63.15,4000.0,Target Hit (50% Premium Decay),682.0,17.05
SENSEX,SENSEX SPOT,CE_SPREAD,2026-08-19 09:55:00,2026-08-20 09:15:00,0 days 23:20:00,67,77300.0 / 77500.0,20,56.85,4000.0,SL Hit (40% Premium Appreciation),-1054.0,-26.35
SENSEX,SENSEX SPOT,CE_SPREAD,2026-08-19 11:00:00,2026-08-20 09:15:00,0 days 22:15:00,54,77100.0 / 77300.0,20,63.4,4000.0,SL Hit (40% Premium Appreciation),-1810.0,-45.25
