Symbol,Contract,Type,Entry Time,Exit Time,Duration,Bars in Trade,Strike Pair,Lot Size,Net Credit (₹),Capital Employed (₹),Exit Reason,PnL (₹),PnL (%)
NIFTY,NIFTY SPOT,CE_SPREAD,2025-08-22 09:18:00,2025-08-25 09:21:00,3 days 00:03:00,126,25050.0 / 25150.0,75,40.3,7500.0,Time Stop (Max 3 Days Hit),1218.75,16.25
NIFTY,NIFTY SPOT,CE_SPREAD,2025-08-22 09:57:00,2025-08-25 10:00:00,3 days 00:03:00,126,24950.0 / 25050.0,75,48.1,7500.0,Time Stop (Max 3 Days Hit),660.0,8.8
NIFTY,NIFTY SPOT,CE_SPREAD,2025-08-22 10:12:00,2025-08-25 10:15:00,3 days 00:03:00,126,24950.0 / 25050.0,75,48.2,7500.0,Time Stop (Max 3 Days Hit),915.0,12.2
NIFTY,NIFTY SPOT,PE_SPREAD,2025-08-25 13:48:00,2025-08-25 15:27:00,0 days 01:39:00,33,25000.0 / 24900.0,75,32.45,7500.0,Monday Pre-Expiry Auto Square-Off,-371.25,-4.95
NIFTY,NIFTY SPOT,CE_SPREAD,2025-08-26 10:00:00,2025-08-26 15:09:00,0 days 05:09:00,103,24800.0 / 24900.0,75,35.75,7500.0,Target Hit (50% Premium Decay),1417.5,18.9
NIFTY,NIFTY SPOT,CE_SPREAD,2025-08-26 10:03:00,2025-08-26 15:09:00,0 days 05:06:00,102,24800.0 / 24900.0,75,36.25,7500.0,Target Hit (50% Premium Decay),1455.0,19.4
NIFTY,NIFTY SPOT,CE_SPREAD,2025-08-26 10:06:00,2025-08-26 15:03:00,0 days 04:57:00,99,24800.0 / 24900.0,75,39.0,7500.0,Target Hit (50% Premium Decay),1541.25,20.55
NIFTY,NIFTY SPOT,CE_SPREAD,2025-08-26 15:03:00,2025-08-28 09:15:00,1 days 18:12:00,9,24750.0 / 24850.0,75,28.05,7500.0,Target Hit (50% Premium Decay),1620.0,21.6
NIFTY,NIFTY SPOT,CE_SPREAD,2025-08-28 09:15:00,2025-08-29 10:03:00,1 days 00:48:00,141,24700.0 / 24800.0,75,32.4,7500.0,Target Hit (50% Premium Decay),1241.25,16.55
NIFTY,NIFTY SPOT,CE_SPREAD,2025-08-28 09:18:00,2025-08-29 14:36:00,1 days 05:18:00,231,24600.0 / 24700.0,75,46.75,7500.0,Target Hit (50% Premium Decay),1871.25,24.95
NIFTY,NIFTY SPOT,CE_SPREAD,2025-08-28 09:42:00,2025-08-29 15:06:00,1 days 05:24:00,233,24550.0 / 24650.0,75,53.5,7500.0,Target Hit (50% Premium Decay),2160.0,28.8
NIFTY,NIFTY SPOT,CE_SPREAD,2025-08-29 13:33:00,2025-09-01 13:06:00,2 days 23:33:00,116,24500.0 / 24600.0,75,49.3,7500.0,SL Hit (40% Premium Appreciation),-1511.25,-20.15
NIFTY,NIFTY SPOT,CE_SPREAD,2025-08-29 15:03:00,2025-09-01 09:33:00,2 days 18:30:00,15,24450.0 / 24550.0,75,47.7,7500.0,SL Hit (40% Premium Appreciation),-1556.25,-20.75
NIFTY,NIFTY SPOT,CE_SPREAD,2025-09-01 09:15:00,2025-09-01 15:27:00,0 days 06:12:00,124,24450.0 / 24550.0,75,64.45,7500.0,Monday Pre-Expiry Auto Square-Off,-1803.75,-24.05
NIFTY,NIFTY SPOT,PE_SPREAD,2025-09-01 14:24:00,2025-09-01 15:27:00,0 days 01:03:00,21,24600.0 / 24500.0,75,25.95,7500.0,Monday Pre-Expiry Auto Square-Off,513.75,6.85
NIFTY,NIFTY SPOT,PE_SPREAD,2025-09-01 14:27:00,2025-09-01 15:27:00,0 days 01:00:00,20,24600.0 / 24500.0,75,27.3,7500.0,Monday Pre-Expiry Auto Square-Off,615.0,8.2
NIFTY,NIFTY SPOT,PE_SPREAD,2025-09-01 15:27:00,2025-09-02 09:30:00,0 days 18:03:00,6,24600.0 / 24500.0,75,19.1,7500.0,Target Hit (50% Premium Decay),720.0,9.6
NIFTY,NIFTY SPOT,PE_SPREAD,2025-09-02 09:15:00,2025-09-02 14:06:00,0 days 04:51:00,97,24650.0 / 24550.0,75,34.0,7500.0,SL Hit (40% Premium Appreciation),-1072.5,-14.3
NIFTY,NIFTY SPOT,PE_SPREAD,2025-09-02 09:24:00,2025-09-03 09:21:00,0 days 23:57:00,124,24650.0 / 24550.0,75,36.8,7500.0,SL Hit (40% Premium Appreciation),-1121.25,-14.95
NIFTY,NIFTY SPOT,PE_SPREAD,2025-09-02 09:30:00,2025-09-02 14:03:00,0 days 04:33:00,91,24650.0 / 24550.0,75,33.2,7500.0,SL Hit (40% Premium Appreciation),-1016.25,-13.55
NIFTY,NIFTY SPOT,CE_SPREAD,2025-09-02 14:21:00,2025-09-04 09:15:00,1 days 18:54:00,148,24600.0 / 24700.0,75,48.5,7500.0,SL Hit (40% Premium Appreciation),-2430.0,-32.4
NIFTY,NIFTY SPOT,CE_SPREAD,2025-09-02 14:24:00,2025-09-03 15:06:00,1 days 00:42:00,139,24600.0 / 24700.0,75,44.7,7500.0,SL Hit (40% Premium Appreciation),-1350.0,-18.0
NIFTY,NIFTY SPOT,CE_SPREAD,2025-09-03 09:27:00,2025-09-04 09:15:00,0 days 23:48:00,121,24600.0 / 24700.0,75,48.55,7500.0,SL Hit (40% Premium Appreciation),-2426.25,-32.35
NIFTY,NIFTY SPOT,PE_SPREAD,2025-09-03 15:27:00,2025-09-04 09:18:00,0 days 17:51:00,2,24700.0 / 24600.0,75,34.8,7500.0,Target Hit (50% Premium Decay),1316.25,17.55
NIFTY,NIFTY SPOT,PE_SPREAD,2025-09-04 09:15:00,2025-09-04 15:09:00,0 days 05:54:00,118,25000.0 / 24900.0,75,58.55,7500.0,SL Hit (40% Premium Appreciation),-1758.75,-23.45
NIFTY,NIFTY SPOT,PE_SPREAD,2025-09-04 09:48:00,2025-09-04 10:39:00,0 days 00:51:00,17,24900.0 / 24800.0,75,33.95,7500.0,SL Hit (40% Premium Appreciation),-1290.0,-17.2
NIFTY,NIFTY SPOT,PE_SPREAD,2025-09-04 10:03:00,2025-09-04 10:39:00,0 days 00:36:00,12,24900.0 / 24800.0,75,36.0,7500.0,SL Hit (40% Premium Appreciation),-1136.25,-15.15
NIFTY,NIFTY SPOT,CE_SPREAD,2025-09-05 10:03:00,2025-09-05 12:12:00,0 days 02:09:00,43,24800.0 / 24900.0,75,38.4,7500.0,Target Hit (50% Premium Decay),1443.75,19.25
NIFTY,NIFTY SPOT,CE_SPREAD,2025-09-05 10:06:00,2025-09-05 12:33:00,0 days 02:27:00,49,24750.0 / 24850.0,75,46.75,7500.0,Target Hit (50% Premium Decay),1848.75,24.65
NIFTY,NIFTY SPOT,CE_SPREAD,2025-09-05 10:30:00,2025-09-05 13:57:00,0 days 03:27:00,69,24700.0 / 24800.0,75,42.6,7500.0,SL Hit (40% Premium Appreciation),-1470.0,-19.6
NIFTY,NIFTY SPOT,CE_SPREAD,2025-09-05 12:12:00,2025-09-05 13:45:00,0 days 01:33:00,31,24650.0 / 24750.0,75,44.7,7500.0,SL Hit (40% Premium Appreciation),-1788.75,-23.85
NIFTY,NIFTY SPOT,CE_SPREAD,2025-09-05 12:33:00,2025-09-05 13:42:00,0 days 01:09:00,23,24650.0 / 24750.0,75,39.8,7500.0,SL Hit (40% Premium Appreciation),-1312.5,-17.5
NIFTY,NIFTY SPOT,PE_SPREAD,2025-09-05 14:18:00,2025-09-08 09:39:00,2 days 19:21:00,32,24750.0 / 24650.0,75,32.55,7500.0,Target Hit (50% Premium Decay),1275.0,17.0
NIFTY,NIFTY SPOT,PE_SPREAD,2025-09-05 14:27:00,2025-09-08 09:39:00,2 days 19:12:00,29,24750.0 / 24650.0,75,32.35,7500.0,Target Hit (50% Premium Decay),1260.0,16.8
NIFTY,NIFTY SPOT,PE_SPREAD,2025-09-05 14:30:00,2025-09-08 09:39:00,2 days 19:09:00,28,24750.0 / 24650.0,75,33.1,7500.0,Target Hit (50% Premium Decay),1316.25,17.55
NIFTY,NIFTY SPOT,PE_SPREAD,2025-09-08 09:54:00,2025-09-08 12:39:00,0 days 02:45:00,55,24800.0 / 24700.0,75,29.15,7500.0,Target Hit (50% Premium Decay),1102.5,14.7
NIFTY,NIFTY SPOT,PE_SPREAD,2025-09-08 09:57:00,2025-09-08 12:39:00,0 days 02:42:00,54,24800.0 / 24700.0,75,30.2,7500.0,Target Hit (50% Premium Decay),1181.25,15.75
NIFTY,NIFTY SPOT,PE_SPREAD,2025-09-08 10:00:00,2025-09-08 14:30:00,0 days 04:30:00,90,24800.0 / 24700.0,75,26.6,7500.0,Target Hit (50% Premium Decay),1072.5,14.3
NIFTY,NIFTY SPOT,PE_SPREAD,2025-09-08 12:54:00,2025-09-08 14:48:00,0 days 01:54:00,38,24850.0 / 24750.0,75,26.1,7500.0,SL Hit (40% Premium Appreciation),-783.75,-10.45
NIFTY,NIFTY SPOT,PE_SPREAD,2025-09-08 13:03:00,2025-09-08 14:51:00,0 days 01:48:00,36,24850.0 / 24750.0,75,26.25,7500.0,SL Hit (40% Premium Appreciation),-787.5,-10.5
NIFTY,NIFTY SPOT,PE_SPREAD,2025-09-10 10:12:00,2025-09-12 10:51:00,2 days 00:39:00,263,25000.0 / 24900.0,75,36.15,7500.0,Target Hit (50% Premium Decay),1380.0,18.4
NIFTY,NIFTY SPOT,PE_SPREAD,2025-09-10 10:15:00,2025-09-12 10:51:00,2 days 00:36:00,262,25000.0 / 24900.0,75,35.85,7500.0,Target Hit (50% Premium Decay),1357.5,18.1
NIFTY,NIFTY SPOT,PE_SPREAD,2025-09-10 10:18:00,2025-09-12 11:06:00,2 days 00:48:00,266,25000.0 / 24900.0,75,35.15,7500.0,Target Hit (50% Premium Decay),1368.75,18.25
NIFTY,NIFTY SPOT,PE_SPREAD,2025-09-12 11:00:00,2025-09-15 11:03:00,3 days 00:03:00,126,25100.0 / 25000.0,75,34.5,7500.0,Time Stop (Max 3 Days Hit),82.5,1.1
NIFTY,NIFTY SPOT,PE_SPREAD,2025-09-12 11:03:00,2025-09-15 11:06:00,3 days 00:03:00,126,25100.0 / 25000.0,75,33.05,7500.0,Time Stop (Max 3 Days Hit),-82.5,-1.1
NIFTY,NIFTY SPOT,PE_SPREAD,2025-09-12 11:06:00,2025-09-15 11:09:00,3 days 00:03:00,126,25100.0 / 25000.0,75,32.05,7500.0,Time Stop (Max 3 Days Hit),-240.0,-3.2
NIFTY,NIFTY SPOT,PE_SPREAD,2025-09-16 10:24:00,2025-09-17 09:21:00,0 days 22:57:00,104,25150.0 / 25050.0,75,32.5,7500.0,Target Hit (50% Premium Decay),1275.0,17.0
NIFTY,NIFTY SPOT,PE_SPREAD,2025-09-16 10:27:00,2025-09-17 09:21:00,0 days 22:54:00,103,25150.0 / 25050.0,75,32.5,7500.0,Target Hit (50% Premium Decay),1275.0,17.0
NIFTY,NIFTY SPOT,PE_SPREAD,2025-09-16 10:33:00,2025-09-17 09:21:00,0 days 22:48:00,101,25150.0 / 25050.0,75,32.6,7500.0,Target Hit (50% Premium Decay),1282.5,17.1
NIFTY,NIFTY SPOT,PE_SPREAD,2025-09-17 09:30:00,2025-09-18 09:15:00,0 days 23:45:00,120,25300.0 / 25200.0,75,32.0,7500.0,Target Hit (50% Premium Decay),1200.0,16.0
NIFTY,NIFTY SPOT,PE_SPREAD,2025-09-17 09:48:00,2025-09-18 09:21:00,0 days 23:33:00,116,25300.0 / 25200.0,75,29.75,7500.0,Target Hit (50% Premium Decay),1166.25,15.55
NIFTY,NIFTY SPOT,PE_SPREAD,2025-09-17 09:51:00,2025-09-18 09:21:00,0 days 23:30:00,115,25300.0 / 25200.0,75,30.3,7500.0,Target Hit (50% Premium Decay),1207.5,16.1
NIFTY,NIFTY SPOT,PE_SPREAD,2025-09-18 09:42:00,2025-09-18 13:00:00,0 days 03:18:00,66,25400.0 / 25300.0,75,26.3,7500.0,SL Hit (40% Premium Appreciation),-791.25,-10.55
NIFTY,NIFTY SPOT,PE_SPREAD,2025-09-18 09:54:00,2025-09-19 09:18:00,0 days 23:24:00,113,25400.0 / 25300.0,75,27.35,7500.0,SL Hit (40% Premium Appreciation),-896.25,-11.95
NIFTY,NIFTY SPOT,PE_SPREAD,2025-09-18 09:57:00,2025-09-19 09:15:00,0 days 23:18:00,111,25400.0 / 25300.0,75,27.2,7500.0,SL Hit (40% Premium Appreciation),-825.0,-11.0
NIFTY,NIFTY SPOT,PE_SPREAD,2025-09-19 09:15:00,2025-09-19 10:00:00,0 days 00:45:00,15,25400.0 / 25300.0,75,38.2,7500.0,SL Hit (40% Premium Appreciation),-1196.25,-15.95
NIFTY,NIFTY SPOT,CE_SPREAD,2025-09-19 09:57:00,2025-09-22 09:15:00,2 days 23:18:00,111,25350.0 / 25450.0,75,36.4,7500.0,Target Hit (50% Premium Decay),1736.25,23.15
NIFTY,NIFTY SPOT,CE_SPREAD,2025-09-19 10:18:00,2025-09-22 09:15:00,2 days 22:57:00,104,25300.0 / 25400.0,75,47.55,7500.0,Target Hit (50% Premium Decay),1860.0,24.8
NIFTY,NIFTY SPOT,CE_SPREAD,2025-09-19 10:24:00,2025-09-22 09:15:00,2 days 22:51:00,102,25350.0 / 25450.0,75,40.75,7500.0,Target Hit (50% Premium Decay),2062.5,27.5
NIFTY,NIFTY SPOT,CE_SPREAD,2025-09-22 09:33:00,2025-09-22 14:30:00,0 days 04:57:00,99,25300.0 / 25400.0,75,44.8,7500.0,Target Hit (50% Premium Decay),1698.75,22.65
NIFTY,NIFTY SPOT,CE_SPREAD,2025-09-22 09:36:00,2025-09-22 14:30:00,0 days 04:54:00,98,25300.0 / 25400.0,75,47.35,7500.0,Target Hit (50% Premium Decay),1890.0,25.2
NIFTY,NIFTY SPOT,CE_SPREAD,2025-09-22 09:39:00,2025-09-22 14:30:00,0 days 04:51:00,97,25300.0 / 25400.0,75,45.9,7500.0,Target Hit (50% Premium Decay),1781.25,23.75
NIFTY,NIFTY SPOT,CE_SPREAD,2025-09-22 14:57:00,2025-09-22 15:27:00,0 days 00:30:00,10,25200.0 / 25300.0,75,46.0,7500.0,Monday Pre-Expiry Auto Square-Off,187.5,2.5
NIFTY,NIFTY SPOT,CE_SPREAD,2025-09-22 15:00:00,2025-09-22 15:27:00,0 days 00:27:00,9,25200.0 / 25300.0,75,50.1,7500.0,Monday Pre-Expiry Auto Square-Off,495.0,6.6
NIFTY,NIFTY SPOT,CE_SPREAD,2025-09-22 15:03:00,2025-09-22 15:27:00,0 days 00:24:00,8,25200.0 / 25300.0,75,49.4,7500.0,Monday Pre-Expiry Auto Square-Off,442.5,5.9
NIFTY,NIFTY SPOT,CE_SPREAD,2025-09-22 15:27:00,2025-09-23 09:33:00,0 days 18:06:00,7,25200.0 / 25300.0,75,43.5,7500.0,Target Hit (50% Premium Decay),1646.25,21.95
NIFTY,NIFTY SPOT,CE_SPREAD,2025-09-23 09:15:00,2025-09-24 11:06:00,1 days 01:51:00,162,25200.0 / 25300.0,75,55.2,7500.0,Target Hit (50% Premium Decay),2133.75,28.45
NIFTY,NIFTY SPOT,CE_SPREAD,2025-09-23 09:18:00,2025-09-24 11:03:00,1 days 01:45:00,160,25200.0 / 25300.0,75,58.45,7500.0,Target Hit (50% Premium Decay),2268.75,30.25
NIFTY,NIFTY SPOT,CE_SPREAD,2025-09-23 10:00:00,2025-09-25 10:33:00,2 days 00:33:00,261,25150.0 / 25250.0,75,53.15,7500.0,Target Hit (50% Premium Decay),2043.75,27.25
NIFTY,NIFTY SPOT,CE_SPREAD,2025-09-24 11:03:00,2025-09-25 15:03:00,1 days 04:00:00,205,25050.0 / 25150.0,75,51.0,7500.0,Target Hit (50% Premium Decay),1927.5,25.7
NIFTY,NIFTY SPOT,CE_SPREAD,2025-09-24 11:18:00,2025-09-25 15:03:00,1 days 03:45:00,200,25050.0 / 25150.0,75,52.35,7500.0,Target Hit (50% Premium Decay),2028.75,27.05
NIFTY,NIFTY SPOT,CE_SPREAD,2025-09-25 10:33:00,2025-09-26 09:15:00,0 days 22:42:00,99,25050.0 / 25150.0,75,42.7,7500.0,Target Hit (50% Premium Decay),1972.5,26.3
NIFTY,NIFTY SPOT,CE_SPREAD,2025-09-25 15:21:00,2025-09-26 09:36:00,0 days 18:15:00,10,24900.0 / 25000.0,75,55.4,7500.0,Target Hit (50% Premium Decay),2261.25,30.15
NIFTY,NIFTY SPOT,CE_SPREAD,2025-09-26 09:15:00,2025-09-26 13:48:00,0 days 04:33:00,91,24800.0 / 24900.0,75,58.8,7500.0,Target Hit (50% Premium Decay),2403.75,32.05
NIFTY,NIFTY SPOT,CE_SPREAD,2025-09-26 09:48:00,2025-09-26 13:48:00,0 days 04:00:00,80,24800.0 / 24900.0,75,54.15,7500.0,Target Hit (50% Premium Decay),2055.0,27.4
NIFTY,NIFTY SPOT,CE_SPREAD,2025-09-26 09:51:00,2025-09-26 13:48:00,0 days 03:57:00,79,24800.0 / 24900.0,75,53.7,7500.0,Target Hit (50% Premium Decay),2021.25,26.95
NIFTY,NIFTY SPOT,CE_SPREAD,2025-09-26 13:48:00,2025-09-29 09:54:00,2 days 20:06:00,47,24700.0 / 24800.0,75,48.6,7500.0,SL Hit (40% Premium Appreciation),-1638.75,-21.85
NIFTY,NIFTY SPOT,CE_SPREAD,2025-09-26 13:51:00,2025-09-29 09:42:00,2 days 19:51:00,42,24700.0 / 24800.0,75,45.4,7500.0,SL Hit (40% Premium Appreciation),-1503.75,-20.05
NIFTY,NIFTY SPOT,CE_SPREAD,2025-09-26 14:33:00,2025-09-29 09:30:00,2 days 18:57:00,24,24650.0 / 24750.0,75,48.55,7500.0,SL Hit (40% Premium Appreciation),-1578.75,-21.05
NIFTY,NIFTY SPOT,CE_SPREAD,2025-09-29 12:00:00,2025-09-29 15:27:00,0 days 03:27:00,69,24650.0 / 24750.0,75,52.85,7500.0,Monday Pre-Expiry Auto Square-Off,401.25,5.35
NIFTY,NIFTY SPOT,CE_SPREAD,2025-09-29 12:09:00,2025-09-29 14:00:00,0 days 01:51:00,37,24650.0 / 24750.0,75,49.5,7500.0,SL Hit (40% Premium Appreciation),-1642.5,-21.9
NIFTY,NIFTY SPOT,CE_SPREAD,2025-09-29 12:18:00,2025-09-29 14:18:00,0 days 02:00:00,40,24650.0 / 24750.0,75,51.3,7500.0,SL Hit (40% Premium Appreciation),-1593.75,-21.25
NIFTY,NIFTY SPOT,CE_SPREAD,2025-09-29 15:03:00,2025-09-29 15:27:00,0 days 00:24:00,8,24650.0 / 24750.0,75,49.15,7500.0,Monday Pre-Expiry Auto Square-Off,123.75,1.65
NIFTY,NIFTY SPOT,CE_SPREAD,2025-09-30 09:36:00,2025-10-01 14:33:00,1 days 04:57:00,224,24650.0 / 24750.0,75,56.45,7500.0,SL Hit (40% Premium Appreciation),-1713.75,-22.85
NIFTY,NIFTY SPOT,CE_SPREAD,2025-09-30 09:45:00,2025-10-01 14:33:00,1 days 04:48:00,221,24650.0 / 24750.0,75,55.65,7500.0,SL Hit (40% Premium Appreciation),-1773.75,-23.65
NIFTY,NIFTY SPOT,CE_SPREAD,2025-09-30 09:51:00,2025-10-01 14:33:00,1 days 04:42:00,219,24650.0 / 24750.0,75,56.4,7500.0,SL Hit (40% Premium Appreciation),-1717.5,-22.9
NIFTY,NIFTY SPOT,PE_SPREAD,2025-10-01 14:45:00,2025-10-03 09:33:00,1 days 18:48:00,21,24850.0 / 24750.0,75,32.9,7500.0,SL Hit (40% Premium Appreciation),-1061.25,-14.15
NIFTY,NIFTY SPOT,PE_SPREAD,2025-10-01 14:57:00,2025-10-06 09:15:00,4 days 18:18:00,136,24850.0 / 24750.0,75,33.7,7500.0,Time Stop (Max 3 Days Hit),1308.75,17.45
NIFTY,NIFTY SPOT,PE_SPREAD,2025-10-01 15:00:00,2025-10-03 09:15:00,1 days 18:15:00,10,24850.0 / 24750.0,75,31.7,7500.0,SL Hit (40% Premium Appreciation),-1031.25,-13.75
NIFTY,NIFTY SPOT,PE_SPREAD,2025-10-03 12:03:00,2025-10-06 09:15:00,2 days 21:12:00,69,24800.0 / 24700.0,75,23.05,7500.0,Target Hit (50% Premium Decay),956.25,12.75
NIFTY,NIFTY SPOT,PE_SPREAD,2025-10-03 12:06:00,2025-10-06 09:39:00,2 days 21:33:00,76,24850.0 / 24750.0,75,31.65,7500.0,Target Hit (50% Premium Decay),1305.0,17.4
NIFTY,NIFTY SPOT,PE_SPREAD,2025-10-06 09:15:00,2025-10-06 10:36:00,0 days 01:21:00,27,24900.0 / 24800.0,75,25.6,7500.0,Target Hit (50% Premium Decay),975.0,13.0
NIFTY,NIFTY SPOT,PE_SPREAD,2025-10-06 09:24:00,2025-10-06 10:30:00,0 days 01:06:00,22,24950.0 / 24850.0,75,44.25,7500.0,Target Hit (50% Premium Decay),1747.5,23.3
NIFTY,NIFTY SPOT,PE_SPREAD,2025-10-06 09:57:00,2025-10-06 12:18:00,0 days 02:21:00,47,24950.0 / 24850.0,75,30.25,7500.0,Target Hit (50% Premium Decay),1177.5,15.7
NIFTY,NIFTY SPOT,PE_SPREAD,2025-10-06 10:33:00,2025-10-06 12:57:00,0 days 02:24:00,48,25000.0 / 24900.0,75,35.85,7500.0,Target Hit (50% Premium Decay),1383.75,18.45
NIFTY,NIFTY SPOT,PE_SPREAD,2025-10-06 10:45:00,2025-10-06 12:57:00,0 days 02:12:00,44,25000.0 / 24900.0,75,37.25,7500.0,Target Hit (50% Premium Decay),1488.75,19.85
NIFTY,NIFTY SPOT,PE_SPREAD,2025-10-06 13:21:00,2025-10-06 15:27:00,0 days 02:06:00,42,25050.0 / 24950.0,75,26.05,7500.0,Monday Pre-Expiry Auto Square-Off,566.25,7.55
NIFTY,NIFTY SPOT,PE_SPREAD,2025-10-06 13:24:00,2025-10-06 15:27:00,0 days 02:03:00,41,25050.0 / 24950.0,75,25.3,7500.0,Monday Pre-Expiry Auto Square-Off,510.0,6.8
NIFTY,NIFTY SPOT,PE_SPREAD,2025-10-06 13:27:00,2025-10-06 15:27:00,0 days 02:00:00,40,25050.0 / 24950.0,75,21.15,7500.0,Monday Pre-Expiry Auto Square-Off,198.75,2.65
NIFTY,NIFTY SPOT,PE_SPREAD,2025-10-07 09:21:00,2025-10-08 11:18:00,1 days 01:57:00,164,25100.0 / 25000.0,75,33.45,7500.0,SL Hit (40% Premium Appreciation),-1173.75,-15.65
NIFTY,NIFTY SPOT,PE_SPREAD,2025-10-07 09:24:00,2025-10-08 11:18:00,1 days 01:54:00,163,25100.0 / 25000.0,75,33.8,7500.0,SL Hit (40% Premium Appreciation),-1147.5,-15.3
NIFTY,NIFTY SPOT,PE_SPREAD,2025-10-07 09:30:00,2025-10-08 11:18:00,1 days 01:48:00,161,25100.0 / 25000.0,75,32.65,7500.0,SL Hit (40% Premium Appreciation),-1233.75,-16.45
NIFTY,NIFTY SPOT,CE_SPREAD,2025-10-08 11:30:00,2025-10-09 11:06:00,0 days 23:36:00,117,25050.0 / 25150.0,75,45.1,7500.0,SL Hit (40% Premium Appreciation),-1657.5,-22.1
NIFTY,NIFTY SPOT,CE_SPREAD,2025-10-08 11:39:00,2025-10-09 11:06:00,0 days 23:27:00,114,25050.0 / 25150.0,75,46.7,7500.0,SL Hit (40% Premium Appreciation),-1537.5,-20.5
NIFTY,NIFTY SPOT,CE_SPREAD,2025-10-08 11:42:00,2025-10-09 11:06:00,0 days 23:24:00,113,25050.0 / 25150.0,75,45.15,7500.0,SL Hit (40% Premium Appreciation),-1653.75,-22.05
NIFTY,NIFTY SPOT,PE_SPREAD,2025-10-10 09:18:00,2025-10-10 11:03:00,0 days 01:45:00,35,25200.0 / 25100.0,75,29.05,7500.0,Target Hit (50% Premium Decay),1136.25,15.15
NIFTY,NIFTY SPOT,PE_SPREAD,2025-10-10 09:45:00,2025-10-13 09:15:00,2 days 23:30:00,115,25250.0 / 25150.0,75,25.0,7500.0,SL Hit (40% Premium Appreciation),-1083.75,-14.45
NIFTY,NIFTY SPOT,PE_SPREAD,2025-10-10 10:03:00,2025-10-13 09:15:00,2 days 23:12:00,109,25250.0 / 25150.0,75,24.25,7500.0,SL Hit (40% Premium Appreciation),-1140.0,-15.2
NIFTY,NIFTY SPOT,PE_SPREAD,2025-10-10 11:12:00,2025-10-13 09:15:00,2 days 22:03:00,86,25300.0 / 25200.0,75,22.7,7500.0,SL Hit (40% Premium Appreciation),-2107.5,-28.1
NIFTY,NIFTY SPOT,PE_SPREAD,2025-10-13 14:42:00,2025-10-13 15:27:00,0 days 00:45:00,15,25250.0 / 25150.0,75,30.35,7500.0,Monday Pre-Expiry Auto Square-Off,-138.75,-1.85
NIFTY,NIFTY SPOT,PE_SPREAD,2025-10-13 14:45:00,2025-10-13 15:27:00,0 days 00:42:00,14,25250.0 / 25150.0,75,31.75,7500.0,Monday Pre-Expiry Auto Square-Off,-33.75,-0.45
NIFTY,NIFTY SPOT,PE_SPREAD,2025-10-13 14:48:00,2025-10-13 15:27:00,0 days 00:39:00,13,25250.0 / 25150.0,75,31.45,7500.0,Monday Pre-Expiry Auto Square-Off,-56.25,-0.75
NIFTY,NIFTY SPOT,CE_SPREAD,2025-10-14 10:27:00,2025-10-15 13:18:00,1 days 02:51:00,182,25200.0 / 25300.0,75,55.05,7500.0,SL Hit (40% Premium Appreciation),-1672.5,-22.3
NIFTY,NIFTY SPOT,CE_SPREAD,2025-10-14 10:30:00,2025-10-15 13:15:00,1 days 02:45:00,180,25200.0 / 25300.0,75,54.55,7500.0,SL Hit (40% Premium Appreciation),-1683.75,-22.45
NIFTY,NIFTY SPOT,CE_SPREAD,2025-10-14 11:57:00,2025-10-15 10:21:00,0 days 22:24:00,93,25150.0 / 25250.0,75,52.35,7500.0,SL Hit (40% Premium Appreciation),-1575.0,-21.0
NIFTY,NIFTY SPOT,PE_SPREAD,2025-10-15 10:51:00,2025-10-16 09:30:00,0 days 22:39:00,98,25300.0 / 25200.0,75,26.95,7500.0,Target Hit (50% Premium Decay),1012.5,13.5
NIFTY,NIFTY SPOT,PE_SPREAD,2025-10-15 13:15:00,2025-10-16 12:12:00,0 days 22:57:00,104,25350.0 / 25250.0,75,28.0,7500.0,Target Hit (50% Premium Decay),1110.0,14.8
NIFTY,NIFTY SPOT,PE_SPREAD,2025-10-15 13:18:00,2025-10-16 12:12:00,0 days 22:54:00,103,25350.0 / 25250.0,75,27.8,7500.0,Target Hit (50% Premium Decay),1095.0,14.6
NIFTY,NIFTY SPOT,PE_SPREAD,2025-10-16 09:45:00,2025-10-16 14:06:00,0 days 04:21:00,87,25450.0 / 25350.0,75,30.0,7500.0,Target Hit (50% Premium Decay),1162.5,15.5
NIFTY,NIFTY SPOT,PE_SPREAD,2025-10-16 12:12:00,2025-10-17 10:06:00,0 days 21:54:00,83,25450.0 / 25350.0,75,23.85,7500.0,Target Hit (50% Premium Decay),1035.0,13.8
NIFTY,NIFTY SPOT,PE_SPREAD,2025-10-16 12:15:00,2025-10-17 10:06:00,0 days 21:51:00,82,25500.0 / 25400.0,75,30.95,7500.0,Target Hit (50% Premium Decay),1293.75,17.25
NIFTY,NIFTY SPOT,PE_SPREAD,2025-10-16 14:15:00,2025-10-17 10:51:00,0 days 20:36:00,57,25550.0 / 25450.0,75,27.15,7500.0,Target Hit (50% Premium Decay),1050.0,14.0
NIFTY,NIFTY SPOT,PE_SPREAD,2025-10-17 11:48:00,2025-10-17 13:03:00,0 days 01:15:00,25,25750.0 / 25650.0,75,34.5,7500.0,SL Hit (40% Premium Appreciation),-1113.75,-14.85
NIFTY,NIFTY SPOT,PE_SPREAD,2025-10-17 11:51:00,2025-10-17 13:03:00,0 days 01:12:00,24,25750.0 / 25650.0,75,34.1,7500.0,SL Hit (40% Premium Appreciation),-1143.75,-15.25
NIFTY,NIFTY SPOT,PE_SPREAD,2025-10-17 11:54:00,2025-10-17 13:03:00,0 days 01:09:00,23,25750.0 / 25650.0,75,34.35,7500.0,SL Hit (40% Premium Appreciation),-1125.0,-15.0
NIFTY,NIFTY SPOT,PE_SPREAD,2025-10-20 09:39:00,2025-10-20 15:27:00,0 days 05:48:00,116,25850.0 / 25750.0,75,34.4,7500.0,Monday Pre-Expiry Auto Square-Off,243.75,3.25
NIFTY,NIFTY SPOT,PE_SPREAD,2025-10-20 09:42:00,2025-10-20 15:27:00,0 days 05:45:00,115,25850.0 / 25750.0,75,37.5,7500.0,Monday Pre-Expiry Auto Square-Off,476.25,6.35
NIFTY,NIFTY SPOT,PE_SPREAD,2025-10-20 09:45:00,2025-10-20 15:27:00,0 days 05:42:00,114,25850.0 / 25750.0,75,37.95,7500.0,Monday Pre-Expiry Auto Square-Off,510.0,6.8
NIFTY,NIFTY SPOT,PE_SPREAD,2025-10-21 14:03:00,2025-10-23 09:24:00,1 days 19:21:00,17,25900.0 / 25800.0,75,36.55,7500.0,Target Hit (50% Premium Decay),1398.75,18.65
NIFTY,NIFTY SPOT,PE_SPREAD,2025-10-23 09:54:00,2025-10-23 14:18:00,0 days 04:24:00,88,26050.0 / 25950.0,75,31.25,7500.0,SL Hit (40% Premium Appreciation),-1068.75,-14.25
NIFTY,NIFTY SPOT,PE_SPREAD,2025-10-23 09:57:00,2025-10-23 14:09:00,0 days 04:12:00,84,26050.0 / 25950.0,75,30.0,7500.0,SL Hit (40% Premium Appreciation),-1023.75,-13.65
NIFTY,NIFTY SPOT,PE_SPREAD,2025-10-23 10:00:00,2025-10-23 14:09:00,0 days 04:09:00,83,26050.0 / 25950.0,75,29.65,7500.0,SL Hit (40% Premium Appreciation),-1050.0,-14.0
NIFTY,NIFTY SPOT,CE_SPREAD,2025-10-24 10:03:00,2025-10-24 13:27:00,0 days 03:24:00,68,25900.0 / 26000.0,75,52.4,7500.0,Target Hit (50% Premium Decay),2208.75,29.45
NIFTY,NIFTY SPOT,CE_SPREAD,2025-10-24 10:06:00,2025-10-24 13:27:00,0 days 03:21:00,67,25900.0 / 26000.0,75,54.25,7500.0,Target Hit (50% Premium Decay),2347.5,31.3
NIFTY,NIFTY SPOT,CE_SPREAD,2025-10-24 10:09:00,2025-10-24 13:27:00,0 days 03:18:00,66,25900.0 / 26000.0,75,54.15,7500.0,Target Hit (50% Premium Decay),2340.0,31.2
NIFTY,NIFTY SPOT,CE_SPREAD,2025-10-24 13:57:00,2025-10-27 09:15:00,2 days 19:18:00,31,25750.0 / 25850.0,75,43.9,7500.0,SL Hit (40% Premium Appreciation),-2325.0,-31.0
NIFTY,NIFTY SPOT,CE_SPREAD,2025-10-24 14:03:00,2025-10-27 09:15:00,2 days 19:12:00,29,25750.0 / 25850.0,75,44.6,7500.0,SL Hit (40% Premium Appreciation),-2272.5,-30.3
NIFTY,NIFTY SPOT,CE_SPREAD,2025-10-24 14:06:00,2025-10-27 09:15:00,2 days 19:09:00,28,25750.0 / 25850.0,75,45.6,7500.0,SL Hit (40% Premium Appreciation),-2197.5,-29.3
NIFTY,NIFTY SPOT,PE_SPREAD,2025-10-27 10:06:00,2025-10-27 13:30:00,0 days 03:24:00,68,25950.0 / 25850.0,75,22.85,7500.0,SL Hit (40% Premium Appreciation),-708.75,-9.45
NIFTY,NIFTY SPOT,PE_SPREAD,2025-10-27 10:33:00,2025-10-27 15:27:00,0 days 04:54:00,98,25950.0 / 25850.0,75,25.4,7500.0,Monday Pre-Expiry Auto Square-Off,517.5,6.9
NIFTY,NIFTY SPOT,PE_SPREAD,2025-10-27 10:36:00,2025-10-27 15:27:00,0 days 04:51:00,97,25950.0 / 25850.0,75,26.35,7500.0,Monday Pre-Expiry Auto Square-Off,588.75,7.85
NIFTY,NIFTY SPOT,CE_SPREAD,2025-10-28 10:48:00,2025-10-29 12:15:00,1 days 01:27:00,154,25900.0 / 26000.0,75,52.1,7500.0,SL Hit (40% Premium Appreciation),-1586.25,-21.15
NIFTY,NIFTY SPOT,CE_SPREAD,2025-10-28 10:51:00,2025-10-29 12:15:00,1 days 01:24:00,153,25900.0 / 26000.0,75,52.25,7500.0,SL Hit (40% Premium Appreciation),-1575.0,-21.0
NIFTY,NIFTY SPOT,CE_SPREAD,2025-10-28 11:21:00,2025-10-29 12:39:00,1 days 01:18:00,151,25850.0 / 25950.0,75,56.1,7500.0,SL Hit (40% Premium Appreciation),-1683.75,-22.45
NIFTY,NIFTY SPOT,PE_SPREAD,2025-10-29 12:24:00,2025-10-30 09:15:00,0 days 20:51:00,62,26050.0 / 25950.0,75,31.45,7500.0,SL Hit (40% Premium Appreciation),-1053.75,-14.05
NIFTY,NIFTY SPOT,PE_SPREAD,2025-10-29 12:27:00,2025-10-30 09:15:00,0 days 20:48:00,61,26050.0 / 25950.0,75,30.0,7500.0,SL Hit (40% Premium Appreciation),-1162.5,-15.5
NIFTY,NIFTY SPOT,PE_SPREAD,2025-10-29 12:42:00,2025-10-30 09:15:00,0 days 20:33:00,56,26050.0 / 25950.0,75,29.35,7500.0,SL Hit (40% Premium Appreciation),-1211.25,-16.15
NIFTY,NIFTY SPOT,CE_SPREAD,2025-10-30 10:06:00,2025-10-31 11:00:00,1 days 00:54:00,143,25950.0 / 26050.0,75,46.95,7500.0,Target Hit (50% Premium Decay),1863.75,24.85
NIFTY,NIFTY SPOT,CE_SPREAD,2025-10-30 10:09:00,2025-10-31 11:00:00,1 days 00:51:00,142,25950.0 / 26050.0,75,46.85,7500.0,Target Hit (50% Premium Decay),1856.25,24.75
NIFTY,NIFTY SPOT,CE_SPREAD,2025-10-30 10:12:00,2025-10-31 11:00:00,1 days 00:48:00,141,25950.0 / 26050.0,75,50.55,7500.0,Target Hit (50% Premium Decay),2133.75,28.45
NIFTY,NIFTY SPOT,CE_SPREAD,2025-10-31 11:21:00,2025-11-03 09:30:00,2 days 22:09:00,88,25800.0 / 25900.0,75,45.7,7500.0,Target Hit (50% Premium Decay),1875.0,25.0
NIFTY,NIFTY SPOT,CE_SPREAD,2025-10-31 11:24:00,2025-11-03 09:24:00,2 days 22:00:00,85,25800.0 / 25900.0,75,46.75,7500.0,Target Hit (50% Premium Decay),1777.5,23.7
NIFTY,NIFTY SPOT,CE_SPREAD,2025-10-31 11:27:00,2025-11-03 09:30:00,2 days 22:03:00,86,25800.0 / 25900.0,75,43.85,7500.0,Target Hit (50% Premium Decay),1736.25,23.15
NIFTY,NIFTY SPOT,CE_SPREAD,2025-11-03 09:24:00,2025-11-03 09:45:00,0 days 00:21:00,7,25700.0 / 25800.0,75,39.55,7500.0,SL Hit (40% Premium Appreciation),-1335.0,-17.8
NIFTY,NIFTY SPOT,CE_SPREAD,2025-11-03 12:09:00,2025-11-03 15:27:00,0 days 03:18:00,66,25700.0 / 25800.0,75,46.9,7500.0,Monday Pre-Expiry Auto Square-Off,-978.75,-13.05
NIFTY,NIFTY SPOT,CE_SPREAD,2025-11-04 09:48:00,2025-11-06 11:30:00,2 days 01:42:00,159,25700.0 / 25800.0,75,49.6,7500.0,Target Hit (50% Premium Decay),1908.75,25.45
NIFTY,NIFTY SPOT,CE_SPREAD,2025-11-04 10:00:00,2025-11-06 10:33:00,2 days 00:33:00,136,25700.0 / 25800.0,75,52.85,7500.0,Target Hit (50% Premium Decay),2017.5,26.9
NIFTY,NIFTY SPOT,CE_SPREAD,2025-11-04 10:03:00,2025-11-06 10:39:00,2 days 00:36:00,137,25700.0 / 25800.0,75,51.3,7500.0,Target Hit (50% Premium Decay),1983.75,26.45
NIFTY,NIFTY SPOT,CE_SPREAD,2025-11-06 11:33:00,2025-11-07 09:15:00,0 days 21:42:00,79,25550.0 / 25650.0,75,44.8,7500.0,Target Hit (50% Premium Decay),1800.0,24.0
NIFTY,NIFTY SPOT,CE_SPREAD,2025-11-06 11:45:00,2025-11-07 09:15:00,0 days 21:30:00,75,25550.0 / 25650.0,75,47.1,7500.0,Target Hit (50% Premium Decay),1972.5,26.3
NIFTY,NIFTY SPOT,CE_SPREAD,2025-11-06 13:51:00,2025-11-07 09:18:00,0 days 19:27:00,34,25550.0 / 25650.0,75,41.6,7500.0,Target Hit (50% Premium Decay),1713.75,22.85
NIFTY,NIFTY SPOT,CE_SPREAD,2025-11-07 09:15:00,2025-11-07 11:30:00,0 days 02:15:00,45,25450.0 / 25550.0,75,34.2,7500.0,SL Hit (40% Premium Appreciation),-1155.0,-15.4
NIFTY,NIFTY SPOT,CE_SPREAD,2025-11-07 09:48:00,2025-11-07 12:48:00,0 days 03:00:00,60,25400.0 / 25500.0,75,42.9,7500.0,SL Hit (40% Premium Appreciation),-1466.25,-19.55
NIFTY,NIFTY SPOT,CE_SPREAD,2025-11-07 09:51:00,2025-11-07 11:30:00,0 days 01:39:00,33,25400.0 / 25500.0,75,38.3,7500.0,SL Hit (40% Premium Appreciation),-1503.75,-20.05
NIFTY,NIFTY SPOT,PE_SPREAD,2025-11-10 10:39:00,2025-11-10 15:27:00,0 days 04:48:00,96,25600.0 / 25500.0,75,30.6,7500.0,Monday Pre-Expiry Auto Square-Off,41.25,0.55
NIFTY,NIFTY SPOT,PE_SPREAD,2025-11-10 10:42:00,2025-11-10 15:27:00,0 days 04:45:00,95,25600.0 / 25500.0,75,31.5,7500.0,Monday Pre-Expiry Auto Square-Off,108.75,1.45
NIFTY,NIFTY SPOT,PE_SPREAD,2025-11-10 10:45:00,2025-11-10 15:27:00,0 days 04:42:00,94,25600.0 / 25500.0,75,30.95,7500.0,Monday Pre-Expiry Auto Square-Off,67.5,0.9
NIFTY,NIFTY SPOT,CE_SPREAD,2025-11-11 09:18:00,2025-11-11 15:24:00,0 days 06:06:00,122,25550.0 / 25650.0,75,51.45,7500.0,SL Hit (40% Premium Appreciation),-1601.25,-21.35
NIFTY,NIFTY SPOT,CE_SPREAD,2025-11-11 09:21:00,2025-11-11 15:24:00,0 days 06:03:00,121,25550.0 / 25650.0,75,51.7,7500.0,SL Hit (40% Premium Appreciation),-1582.5,-21.1
NIFTY,NIFTY SPOT,CE_SPREAD,2025-11-11 09:45:00,2025-11-11 15:24:00,0 days 05:39:00,113,25550.0 / 25650.0,75,51.7,7500.0,SL Hit (40% Premium Appreciation),-1582.5,-21.1
NIFTY,NIFTY SPOT,PE_SPREAD,2025-11-12 09:39:00,2025-11-13 13:36:00,1 days 03:57:00,204,25800.0 / 25700.0,75,30.95,7500.0,Target Hit (50% Premium Decay),1173.75,15.65
NIFTY,NIFTY SPOT,PE_SPREAD,2025-11-12 09:42:00,2025-11-13 13:39:00,1 days 03:57:00,204,25850.0 / 25750.0,75,36.1,7500.0,Target Hit (50% Premium Decay),1380.0,18.4
NIFTY,NIFTY SPOT,PE_SPREAD,2025-11-12 10:12:00,2025-11-13 13:39:00,1 days 03:27:00,194,25850.0 / 25750.0,75,36.45,7500.0,Target Hit (50% Premium Decay),1406.25,18.75
NIFTY,NIFTY SPOT,PE_SPREAD,2025-11-13 13:36:00,2025-11-13 14:00:00,0 days 00:24:00,8,26000.0 / 25900.0,75,34.15,7500.0,SL Hit (40% Premium Appreciation),-1065.0,-14.2
NIFTY,NIFTY SPOT,CE_SPREAD,2025-11-14 09:33:00,2025-11-17 09:36:00,3 days 00:03:00,126,25850.0 / 25950.0,75,50.95,7500.0,Time Stop (Max 3 Days Hit),-1398.75,-18.65
NIFTY,NIFTY SPOT,CE_SPREAD,2025-11-14 09:36:00,2025-11-17 09:27:00,2 days 23:51:00,122,25850.0 / 25950.0,75,49.4,7500.0,SL Hit (40% Premium Appreciation),-1496.25,-19.95
NIFTY,NIFTY SPOT,CE_SPREAD,2025-11-14 09:39:00,2025-11-17 09:30:00,2 days 23:51:00,122,25850.0 / 25950.0,75,49.55,7500.0,SL Hit (40% Premium Appreciation),-1597.5,-21.3
NIFTY,NIFTY SPOT,PE_SPREAD,2025-11-17 09:42:00,2025-11-17 15:27:00,0 days 05:45:00,115,25950.0 / 25850.0,75,29.25,7500.0,Monday Pre-Expiry Auto Square-Off,487.5,6.5
NIFTY,NIFTY SPOT,PE_SPREAD,2025-11-17 09:45:00,2025-11-17 15:27:00,0 days 05:42:00,114,25950.0 / 25850.0,75,33.9,7500.0,Monday Pre-Expiry Auto Square-Off,836.25,11.15
NIFTY,NIFTY SPOT,PE_SPREAD,2025-11-17 09:48:00,2025-11-17 15:27:00,0 days 05:39:00,113,25950.0 / 25850.0,75,30.75,7500.0,Monday Pre-Expiry Auto Square-Off,600.0,8.0
NIFTY,NIFTY SPOT,PE_SPREAD,2025-11-18 09:15:00,2025-11-20 10:51:00,2 days 01:36:00,282,26000.0 / 25900.0,75,44.45,7500.0,Target Hit (50% Premium Decay),1668.75,22.25
NIFTY,NIFTY SPOT,PE_SPREAD,2025-11-19 15:00:00,2025-11-20 13:48:00,0 days 22:48:00,101,26050.0 / 25950.0,75,38.15,7500.0,Target Hit (50% Premium Decay),1481.25,19.75
NIFTY,NIFTY SPOT,PE_SPREAD,2025-11-19 15:03:00,2025-11-20 13:39:00,0 days 22:36:00,97,26050.0 / 25950.0,75,39.05,7500.0,Target Hit (50% Premium Decay),1466.25,19.55
NIFTY,NIFTY SPOT,PE_SPREAD,2025-11-20 11:00:00,2025-11-24 09:15:00,3 days 22:15:00,215,26150.0 / 26050.0,75,40.15,7500.0,Time Stop (Max 3 Days Hit),-255.0,-3.4
NIFTY,NIFTY SPOT,PE_SPREAD,2025-11-20 13:51:00,2025-11-21 09:15:00,0 days 19:24:00,33,26200.0 / 26100.0,75,31.95,7500.0,SL Hit (40% Premium Appreciation),-1215.0,-16.2
NIFTY,NIFTY SPOT,PE_SPREAD,2025-11-20 14:06:00,2025-11-21 09:42:00,0 days 19:36:00,37,26250.0 / 26150.0,75,40.05,7500.0,SL Hit (40% Premium Appreciation),-1282.5,-17.1
NIFTY,NIFTY SPOT,PE_SPREAD,2025-11-21 13:09:00,2025-11-21 15:21:00,0 days 02:12:00,44,26150.0 / 26050.0,75,37.5,7500.0,SL Hit (40% Premium Appreciation),-1177.5,-15.7
NIFTY,NIFTY SPOT,PE_SPREAD,2025-11-21 13:12:00,2025-11-24 13:15:00,3 days 00:03:00,126,26150.0 / 26050.0,75,40.5,7500.0,Time Stop (Max 3 Days Hit),-536.25,-7.15
NIFTY,NIFTY SPOT,CE_SPREAD,2025-11-24 09:18:00,2025-11-24 15:03:00,0 days 05:45:00,115,26100.0 / 26200.0,75,48.85,7500.0,Target Hit (50% Premium Decay),2287.5,30.5
NIFTY,NIFTY SPOT,CE_SPREAD,2025-11-24 14:33:00,2025-11-24 15:27:00,0 days 00:54:00,18,26050.0 / 26150.0,75,37.95,7500.0,Monday Pre-Expiry Auto Square-Off,1312.5,17.5
NIFTY,NIFTY SPOT,CE_SPREAD,2025-11-24 14:36:00,2025-11-24 15:27:00,0 days 00:51:00,17,26000.0 / 26100.0,75,50.3,7500.0,Monday Pre-Expiry Auto Square-Off,1496.25,19.95
NIFTY,NIFTY SPOT,CE_SPREAD,2025-11-24 15:03:00,2025-11-24 15:27:00,0 days 00:24:00,8,26000.0 / 26100.0,75,38.75,7500.0,Monday Pre-Expiry Auto Square-Off,630.0,8.4
NIFTY,NIFTY SPOT,CE_SPREAD,2025-11-25 09:18:00,2025-11-26 12:06:00,1 days 02:48:00,181,25950.0 / 26050.0,75,52.85,7500.0,SL Hit (40% Premium Appreciation),-1642.5,-21.9
NIFTY,NIFTY SPOT,CE_SPREAD,2025-11-25 09:21:00,2025-11-26 10:45:00,1 days 01:24:00,153,25950.0 / 26050.0,75,52.0,7500.0,SL Hit (40% Premium Appreciation),-1560.0,-20.8
NIFTY,NIFTY SPOT,CE_SPREAD,2025-11-25 09:24:00,2025-11-26 12:09:00,1 days 02:45:00,180,25950.0 / 26050.0,75,53.7,7500.0,SL Hit (40% Premium Appreciation),-1638.75,-21.85
NIFTY,NIFTY SPOT,PE_SPREAD,2025-11-26 11:39:00,2025-11-27 09:57:00,0 days 22:18:00,91,26150.0 / 26050.0,75,39.35,7500.0,Target Hit (50% Premium Decay),1477.5,19.7
NIFTY,NIFTY SPOT,PE_SPREAD,2025-11-26 12:21:00,2025-11-27 10:48:00,0 days 22:27:00,94,26150.0 / 26050.0,75,35.15,7500.0,Target Hit (50% Premium Decay),1361.25,18.15
NIFTY,NIFTY SPOT,PE_SPREAD,2025-11-26 12:24:00,2025-11-27 10:48:00,0 days 22:24:00,93,26150.0 / 26050.0,75,35.7,7500.0,Target Hit (50% Premium Decay),1402.5,18.7
NIFTY,NIFTY SPOT,PE_SPREAD,2025-11-27 10:12:00,2025-11-27 13:09:00,0 days 02:57:00,59,26250.0 / 26150.0,75,30.75,7500.0,SL Hit (40% Premium Appreciation),-1095.0,-14.6
NIFTY,NIFTY SPOT,PE_SPREAD,2025-11-27 10:57:00,2025-11-27 13:09:00,0 days 02:12:00,44,26300.0 / 26200.0,75,36.45,7500.0,SL Hit (40% Premium Appreciation),-1158.75,-15.45
NIFTY,NIFTY SPOT,PE_SPREAD,2025-11-27 11:00:00,2025-11-27 13:09:00,0 days 02:09:00,43,26300.0 / 26200.0,75,36.9,7500.0,SL Hit (40% Premium Appreciation),-1125.0,-15.0
NIFTY,NIFTY SPOT,PE_SPREAD,2025-11-28 09:33:00,2025-12-01 09:36:00,3 days 00:03:00,126,26250.0 / 26150.0,75,36.4,7500.0,Time Stop (Max 3 Days Hit),937.5,12.5
NIFTY,NIFTY SPOT,PE_SPREAD,2025-11-28 09:42:00,2025-12-01 09:45:00,3 days 00:03:00,126,26250.0 / 26150.0,75,38.3,7500.0,Time Stop (Max 3 Days Hit),900.0,12.0
NIFTY,NIFTY SPOT,PE_SPREAD,2025-11-28 09:45:00,2025-12-01 09:48:00,3 days 00:03:00,126,26200.0 / 26100.0,75,30.4,7500.0,Time Stop (Max 3 Days Hit),866.25,11.55
NIFTY,NIFTY SPOT,PE_SPREAD,2025-12-01 09:45:00,2025-12-01 11:42:00,0 days 01:57:00,39,26300.0 / 26200.0,75,35.0,7500.0,SL Hit (40% Premium Appreciation),-1421.25,-18.95
NIFTY,NIFTY SPOT,PE_SPREAD,2025-12-01 09:48:00,2025-12-01 11:42:00,0 days 01:54:00,38,26300.0 / 26200.0,75,35.65,7500.0,SL Hit (40% Premium Appreciation),-1372.5,-18.3
NIFTY,NIFTY SPOT,PE_SPREAD,2025-12-01 09:54:00,2025-12-01 11:42:00,0 days 01:48:00,36,26250.0 / 26150.0,75,29.15,7500.0,SL Hit (40% Premium Appreciation),-990.0,-13.2
NIFTY,NIFTY SPOT,CE_SPREAD,2025-12-01 12:33:00,2025-12-01 15:27:00,0 days 02:54:00,58,26150.0 / 26250.0,75,46.25,7500.0,Monday Pre-Expiry Auto Square-Off,-93.75,-1.25
NIFTY,NIFTY SPOT,CE_SPREAD,2025-12-01 12:51:00,2025-12-01 15:27:00,0 days 02:36:00,52,26150.0 / 26250.0,75,48.2,7500.0,Monday Pre-Expiry Auto Square-Off,52.5,0.7
NIFTY,NIFTY SPOT,CE_SPREAD,2025-12-01 12:54:00,2025-12-01 15:27:00,0 days 02:33:00,51,26150.0 / 26250.0,75,48.15,7500.0,Monday Pre-Expiry Auto Square-Off,48.75,0.65
NIFTY,NIFTY SPOT,CE_SPREAD,2025-12-02 10:21:00,2025-12-05 10:24:00,3 days 00:03:00,376,26050.0 / 26150.0,75,55.6,7500.0,Time Stop (Max 3 Days Hit),-296.25,-3.95
NIFTY,NIFTY SPOT,CE_SPREAD,2025-12-02 10:24:00,2025-12-05 10:27:00,3 days 00:03:00,376,26050.0 / 26150.0,75,55.7,7500.0,Time Stop (Max 3 Days Hit),570.0,7.6
NIFTY,NIFTY SPOT,CE_SPREAD,2025-12-02 10:27:00,2025-12-05 10:30:00,3 days 00:03:00,376,26050.0 / 26150.0,75,56.55,7500.0,Time Stop (Max 3 Days Hit),603.75,8.05
NIFTY,NIFTY SPOT,PE_SPREAD,2025-12-05 12:03:00,2025-12-08 10:57:00,2 days 22:54:00,103,26150.0 / 26050.0,75,35.25,7500.0,SL Hit (40% Premium Appreciation),-1068.75,-14.25
NIFTY,NIFTY SPOT,PE_SPREAD,2025-12-05 12:06:00,2025-12-08 10:57:00,2 days 22:51:00,102,26150.0 / 26050.0,75,35.25,7500.0,SL Hit (40% Premium Appreciation),-1068.75,-14.25
NIFTY,NIFTY SPOT,PE_SPREAD,2025-12-05 12:09:00,2025-12-08 10:57:00,2 days 22:48:00,101,26150.0 / 26050.0,75,34.5,7500.0,SL Hit (40% Premium Appreciation),-1125.0,-15.0
NIFTY,NIFTY SPOT,CE_SPREAD,2025-12-08 11:12:00,2025-12-08 13:27:00,0 days 02:15:00,45,26050.0 / 26150.0,75,51.95,7500.0,Target Hit (50% Premium Decay),1961.25,26.15
NIFTY,NIFTY SPOT,CE_SPREAD,2025-12-08 11:24:00,2025-12-08 13:27:00,0 days 02:03:00,41,26050.0 / 26150.0,75,53.4,7500.0,Target Hit (50% Premium Decay),2070.0,27.6
NIFTY,NIFTY SPOT,CE_SPREAD,2025-12-08 11:27:00,2025-12-08 13:21:00,0 days 01:54:00,38,26100.0 / 26200.0,75,39.4,7500.0,Target Hit (50% Premium Decay),1560.0,20.8
NIFTY,NIFTY SPOT,CE_SPREAD,2025-12-08 13:21:00,2025-12-08 15:27:00,0 days 02:06:00,42,26000.0 / 26100.0,75,39.6,7500.0,Monday Pre-Expiry Auto Square-Off,1248.75,16.65
NIFTY,NIFTY SPOT,CE_SPREAD,2025-12-08 13:51:00,2025-12-08 15:27:00,0 days 01:36:00,32,25950.0 / 26050.0,75,39.25,7500.0,Monday Pre-Expiry Auto Square-Off,360.0,4.8
NIFTY,NIFTY SPOT,CE_SPREAD,2025-12-08 13:57:00,2025-12-08 15:27:00,0 days 01:30:00,30,25900.0 / 26000.0,75,51.35,7500.0,Monday Pre-Expiry Auto Square-Off,405.0,5.4
NIFTY,NIFTY SPOT,CE_SPREAD,2025-12-09 14:18:00,2025-12-12 09:18:00,2 days 19:00:00,275,25850.0 / 25950.0,75,51.1,7500.0,SL Hit (40% Premium Appreciation),-1571.25,-20.95
NIFTY,NIFTY SPOT,CE_SPREAD,2025-12-09 14:42:00,2025-12-12 09:15:00,2 days 18:33:00,266,25850.0 / 25950.0,75,47.3,7500.0,SL Hit (40% Premium Appreciation),-1785.0,-23.8
NIFTY,NIFTY SPOT,CE_SPREAD,2025-12-09 14:45:00,2025-12-12 09:15:00,2 days 18:30:00,265,25850.0 / 25950.0,75,47.7,7500.0,SL Hit (40% Premium Appreciation),-1755.0,-23.4
NIFTY,NIFTY SPOT,PE_SPREAD,2025-12-12 09:51:00,2025-12-15 09:18:00,2 days 23:27:00,114,26000.0 / 25900.0,75,33.05,7500.0,SL Hit (40% Premium Appreciation),-1181.25,-15.75
NIFTY,NIFTY SPOT,PE_SPREAD,2025-12-12 09:57:00,2025-12-15 09:18:00,2 days 23:21:00,112,26000.0 / 25900.0,75,34.6,7500.0,SL Hit (40% Premium Appreciation),-1065.0,-14.2
NIFTY,NIFTY SPOT,PE_SPREAD,2025-12-12 10:00:00,2025-12-15 09:18:00,2 days 23:18:00,111,26000.0 / 25900.0,75,34.3,7500.0,SL Hit (40% Premium Appreciation),-1087.5,-14.5
NIFTY,NIFTY SPOT,CE_SPREAD,2025-12-16 10:21:00,2025-12-18 09:42:00,1 days 23:21:00,237,25900.0 / 26000.0,75,51.75,7500.0,Target Hit (50% Premium Decay),2051.25,27.35
NIFTY,NIFTY SPOT,CE_SPREAD,2025-12-16 10:24:00,2025-12-18 09:42:00,1 days 23:18:00,236,25900.0 / 26000.0,75,52.8,7500.0,Target Hit (50% Premium Decay),2130.0,28.4
NIFTY,NIFTY SPOT,CE_SPREAD,2025-12-16 10:27:00,2025-12-18 09:42:00,1 days 23:15:00,235,25900.0 / 26000.0,75,52.95,7500.0,Target Hit (50% Premium Decay),2141.25,28.55
NIFTY,NIFTY SPOT,PE_SPREAD,2025-12-19 09:51:00,2025-12-22 09:15:00,2 days 23:24:00,113,25950.0 / 25850.0,75,37.0,7500.0,Target Hit (50% Premium Decay),2021.25,26.95
NIFTY,NIFTY SPOT,PE_SPREAD,2025-12-19 09:54:00,2025-12-22 09:15:00,2 days 23:21:00,112,25950.0 / 25850.0,75,36.95,7500.0,Target Hit (50% Premium Decay),2017.5,26.9
NIFTY,NIFTY SPOT,PE_SPREAD,2025-12-19 09:57:00,2025-12-22 09:15:00,2 days 23:18:00,111,25950.0 / 25850.0,75,35.1,7500.0,Target Hit (50% Premium Decay),1878.75,25.05
NIFTY,NIFTY SPOT,PE_SPREAD,2025-12-22 09:54:00,2025-12-22 15:27:00,0 days 05:33:00,111,26100.0 / 26000.0,75,29.9,7500.0,Monday Pre-Expiry Auto Square-Off,813.75,10.85
NIFTY,NIFTY SPOT,PE_SPREAD,2025-12-22 10:12:00,2025-12-22 15:27:00,0 days 05:15:00,105,26150.0 / 26050.0,75,39.75,7500.0,Monday Pre-Expiry Auto Square-Off,626.25,8.35
NIFTY,NIFTY SPOT,PE_SPREAD,2025-12-22 10:15:00,2025-12-22 15:27:00,0 days 05:12:00,104,26150.0 / 26050.0,75,39.85,7500.0,Monday Pre-Expiry Auto Square-Off,633.75,8.45
NIFTY,NIFTY SPOT,PE_SPREAD,2025-12-23 13:18:00,2025-12-26 09:15:00,2 days 19:57:00,169,26200.0 / 26100.0,75,36.25,7500.0,SL Hit (40% Premium Appreciation),-1384.5,-18.46
NIFTY,NIFTY SPOT,PE_SPREAD,2025-12-23 13:24:00,2025-12-26 09:15:00,2 days 19:51:00,167,26200.0 / 26100.0,75,36.31,7500.0,SL Hit (40% Premium Appreciation),-1380.0,-18.4
NIFTY,NIFTY SPOT,PE_SPREAD,2025-12-23 13:27:00,2025-12-26 09:15:00,2 days 19:48:00,166,26200.0 / 26100.0,75,35.85,7500.0,SL Hit (40% Premium Appreciation),-1414.5,-18.86
NIFTY,NIFTY SPOT,CE_SPREAD,2025-12-26 09:18:00,2025-12-29 09:21:00,3 days 00:03:00,126,26100.0 / 26200.0,75,47.35,7500.0,Time Stop (Max 3 Days Hit),1470.0,19.6
NIFTY,NIFTY SPOT,CE_SPREAD,2025-12-26 09:21:00,2025-12-26 14:18:00,0 days 04:57:00,99,26150.0 / 26250.0,75,35.5,7500.0,Target Hit (50% Premium Decay),1410.0,18.8
NIFTY,NIFTY SPOT,CE_SPREAD,2025-12-26 09:27:00,2025-12-26 12:39:00,0 days 03:12:00,64,26150.0 / 26250.0,75,38.1,7500.0,Target Hit (50% Premium Decay),1443.75,19.25
NIFTY,NIFTY SPOT,CE_SPREAD,2025-12-26 12:54:00,2025-12-29 11:06:00,2 days 22:12:00,89,26050.0 / 26150.0,75,39.94,7500.0,Target Hit (50% Premium Decay),1521.75,20.29
NIFTY,NIFTY SPOT,CE_SPREAD,2025-12-26 14:18:00,2025-12-29 11:18:00,2 days 21:00:00,65,26050.0 / 26150.0,75,36.5,7500.0,Target Hit (50% Premium Decay),1402.5,18.7
NIFTY,NIFTY SPOT,CE_SPREAD,2025-12-29 11:00:00,2025-12-29 13:36:00,0 days 02:36:00,52,26000.0 / 26100.0,75,36.76,7500.0,Target Hit (50% Premium Decay),1440.0,19.2
NIFTY,NIFTY SPOT,CE_SPREAD,2025-12-29 11:36:00,2025-12-29 15:27:00,0 days 03:51:00,77,26000.0 / 26100.0,75,29.5,7500.0,Monday Pre-Expiry Auto Square-Off,731.25,9.75
NIFTY,NIFTY SPOT,CE_SPREAD,2025-12-29 11:45:00,2025-12-29 15:27:00,0 days 03:42:00,74,26000.0 / 26100.0,75,32.55,7500.0,Monday Pre-Expiry Auto Square-Off,960.0,12.8
NIFTY,NIFTY SPOT,CE_SPREAD,2025-12-29 13:39:00,2025-12-29 15:27:00,0 days 01:48:00,36,25950.0 / 26050.0,75,28.85,7500.0,Monday Pre-Expiry Auto Square-Off,-333.75,-4.45
NIFTY,NIFTY SPOT,CE_SPREAD,2025-12-30 09:18:00,2025-12-31 10:27:00,1 days 01:09:00,148,25900.0 / 26000.0,65,49.6,6500.0,SL Hit (40% Premium Appreciation),-1339.0,-20.6
NIFTY,NIFTY SPOT,CE_SPREAD,2025-12-30 11:45:00,2025-12-31 11:12:00,0 days 23:27:00,114,25900.0 / 26000.0,65,52.85,6500.0,SL Hit (40% Premium Appreciation),-1388.4,-21.36
NIFTY,NIFTY SPOT,CE_SPREAD,2025-12-30 11:48:00,2025-12-31 10:39:00,0 days 22:51:00,102,25900.0 / 26000.0,65,52.65,6500.0,SL Hit (40% Premium Appreciation),-1374.75,-21.15
NIFTY,NIFTY SPOT,PE_SPREAD,2025-12-31 10:54:00,2026-01-01 09:15:00,0 days 22:21:00,92,26050.0 / 25950.0,65,33.64,6500.0,Target Hit (50% Premium Decay),1094.6,16.84
NIFTY,NIFTY SPOT,PE_SPREAD,2025-12-31 11:24:00,2026-01-01 09:15:00,0 days 21:51:00,82,26050.0 / 25950.0,65,33.65,6500.0,Target Hit (50% Premium Decay),1095.25,16.85
NIFTY,NIFTY SPOT,PE_SPREAD,2025-12-31 11:27:00,2026-01-01 09:15:00,0 days 21:48:00,81,26050.0 / 25950.0,65,34.2,6500.0,Target Hit (50% Premium Decay),1131.0,17.4
NIFTY,NIFTY SPOT,PE_SPREAD,2026-01-01 14:03:00,2026-01-02 09:51:00,0 days 19:48:00,41,26150.0 / 26050.0,65,31.96,6500.0,Target Hit (50% Premium Decay),1066.65,16.41
NIFTY,NIFTY SPOT,PE_SPREAD,2026-01-02 10:09:00,2026-01-05 10:06:00,2 days 23:57:00,124,26250.0 / 26150.0,65,32.05,6500.0,Target Hit (50% Premium Decay),1095.25,16.85
NIFTY,NIFTY SPOT,PE_SPREAD,2026-01-02 10:12:00,2026-01-05 10:06:00,2 days 23:54:00,123,26250.0 / 26150.0,65,30.75,6500.0,Target Hit (50% Premium Decay),1010.75,15.55
NIFTY,NIFTY SPOT,PE_SPREAD,2026-01-02 10:15:00,2026-01-05 10:06:00,2 days 23:51:00,122,26250.0 / 26150.0,65,31.1,6500.0,Target Hit (50% Premium Decay),1033.5,15.9
NIFTY,NIFTY SPOT,PE_SPREAD,2026-01-05 10:48:00,2026-01-05 13:09:00,0 days 02:21:00,47,26350.0 / 26250.0,65,29.35,6500.0,SL Hit (40% Premium Appreciation),-796.25,-12.25
NIFTY,NIFTY SPOT,PE_SPREAD,2026-01-05 10:51:00,2026-01-05 12:00:00,0 days 01:09:00,23,26350.0 / 26250.0,65,28.6,6500.0,SL Hit (40% Premium Appreciation),-773.5,-11.9
NIFTY,NIFTY SPOT,PE_SPREAD,2026-01-05 11:00:00,2026-01-05 11:21:00,0 days 00:21:00,7,26350.0 / 26250.0,65,27.1,6500.0,SL Hit (40% Premium Appreciation),-773.5,-11.9
NIFTY,NIFTY SPOT,CE_SPREAD,2026-01-05 15:03:00,2026-01-05 15:27:00,0 days 00:24:00,8,26250.0 / 26350.0,65,27.69,6500.0,Monday Pre-Expiry Auto Square-Off,191.1,2.94
NIFTY,NIFTY SPOT,CE_SPREAD,2026-01-05 15:06:00,2026-01-05 15:27:00,0 days 00:21:00,7,26250.0 / 26350.0,65,25.55,6500.0,Monday Pre-Expiry Auto Square-Off,52.0,0.8
NIFTY,NIFTY SPOT,CE_SPREAD,2026-01-05 15:09:00,2026-01-05 15:27:00,0 days 00:18:00,6,26250.0 / 26350.0,65,25.3,6500.0,Monday Pre-Expiry Auto Square-Off,35.75,0.55
NIFTY,NIFTY SPOT,CE_SPREAD,2026-01-05 15:27:00,2026-01-06 10:00:00,0 days 18:33:00,16,26250.0 / 26350.0,65,24.75,6500.0,SL Hit (40% Premium Appreciation),-825.5,-12.7
NIFTY,NIFTY SPOT,CE_SPREAD,2026-01-06 09:36:00,2026-01-08 09:24:00,1 days 23:48:00,246,26200.0 / 26300.0,65,53.0,6500.0,Target Hit (50% Premium Decay),1885.0,29.0
NIFTY,NIFTY SPOT,CE_SPREAD,2026-01-06 09:39:00,2026-01-08 09:21:00,1 days 23:42:00,244,26200.0 / 26300.0,65,53.35,6500.0,Target Hit (50% Premium Decay),1735.5,26.7
NIFTY,NIFTY SPOT,CE_SPREAD,2026-01-06 11:06:00,2026-01-08 09:21:00,1 days 22:15:00,215,26200.0 / 26300.0,65,53.9,6500.0,Target Hit (50% Premium Decay),1771.25,27.25
NIFTY,NIFTY SPOT,CE_SPREAD,2026-01-08 11:21:00,2026-01-09 09:36:00,0 days 22:15:00,90,26000.0 / 26100.0,65,43.05,6500.0,Target Hit (50% Premium Decay),1439.75,22.15
NIFTY,NIFTY SPOT,CE_SPREAD,2026-01-08 11:42:00,2026-01-09 09:36:00,0 days 21:54:00,83,26000.0 / 26100.0,65,44.05,6500.0,Target Hit (50% Premium Decay),1504.75,23.15
NIFTY,NIFTY SPOT,CE_SPREAD,2026-01-08 11:45:00,2026-01-09 10:57:00,0 days 23:12:00,109,25950.0 / 26050.0,65,51.75,6500.0,Target Hit (50% Premium Decay),1735.5,26.7
NIFTY,NIFTY SPOT,CE_SPREAD,2026-01-09 10:48:00,2026-01-09 12:27:00,0 days 01:39:00,33,25850.0 / 25950.0,65,50.75,6500.0,Target Hit (50% Premium Decay),1761.5,27.1
NIFTY,NIFTY SPOT,CE_SPREAD,2026-01-09 10:51:00,2026-01-09 12:33:00,0 days 01:42:00,34,25850.0 / 25950.0,65,46.6,6500.0,Target Hit (50% Premium Decay),1566.5,24.1
NIFTY,NIFTY SPOT,CE_SPREAD,2026-01-09 11:33:00,2026-01-09 14:27:00,0 days 02:54:00,58,25800.0 / 25900.0,65,42.4,6500.0,Target Hit (50% Premium Decay),1381.25,21.25
NIFTY,NIFTY SPOT,CE_SPREAD,2026-01-09 12:54:00,2026-01-12 09:21:00,2 days 20:27:00,54,25700.0 / 25800.0,65,46.5,6500.0,Target Hit (50% Premium Decay),1621.75,24.95
NIFTY,NIFTY SPOT,CE_SPREAD,2026-01-09 12:57:00,2026-01-12 09:21:00,2 days 20:24:00,53,25700.0 / 25800.0,65,46.55,6500.0,Target Hit (50% Premium Decay),1625.0,25.0
NIFTY,NIFTY SPOT,CE_SPREAD,2026-01-09 14:27:00,2026-01-12 10:45:00,2 days 20:18:00,51,25650.0 / 25750.0,65,49.7,6500.0,Target Hit (50% Premium Decay),1725.75,26.55
NIFTY,NIFTY SPOT,CE_SPREAD,2026-01-12 09:51:00,2026-01-12 11:30:00,0 days 01:39:00,33,25600.0 / 25700.0,65,43.0,6500.0,Target Hit (50% Premium Decay),1495.0,23.0
NIFTY,NIFTY SPOT,CE_SPREAD,2026-01-12 09:54:00,2026-01-12 11:30:00,0 days 01:36:00,32,25600.0 / 25700.0,65,40.85,6500.0,Target Hit (50% Premium Decay),1355.25,20.85
NIFTY,NIFTY SPOT,CE_SPREAD,2026-01-12 11:48:00,2026-01-12 12:12:00,0 days 00:24:00,8,25500.0 / 25600.0,65,41.71,6500.0,SL Hit (40% Premium Appreciation),-1477.45,-22.73
NIFTY,NIFTY SPOT,CE_SPREAD,2026-01-12 11:51:00,2026-01-12 12:12:00,0 days 00:21:00,7,25500.0 / 25600.0,65,41.91,6500.0,SL Hit (40% Premium Appreciation),-1464.45,-22.53
NIFTY,NIFTY SPOT,CE_SPREAD,2026-01-12 11:57:00,2026-01-12 12:12:00,0 days 00:15:00,5,25500.0 / 25600.0,65,42.91,6500.0,SL Hit (40% Premium Appreciation),-1399.45,-21.53
NIFTY,NIFTY SPOT,PE_SPREAD,2026-01-12 14:03:00,2026-01-12 15:27:00,0 days 01:24:00,28,25750.0 / 25650.0,65,38.35,6500.0,Monday Pre-Expiry Auto Square-Off,1036.75,15.95
NIFTY,NIFTY SPOT,PE_SPREAD,2026-01-12 14:06:00,2026-01-12 15:27:00,0 days 01:21:00,27,25750.0 / 25650.0,65,37.0,6500.0,Monday Pre-Expiry Auto Square-Off,949.0,14.6
NIFTY,NIFTY SPOT,PE_SPREAD,2026-01-12 14:09:00,2026-01-12 15:27:00,0 days 01:18:00,26,25750.0 / 25650.0,65,37.49,6500.0,Monday Pre-Expiry Auto Square-Off,980.85,15.09
NIFTY,NIFTY SPOT,PE_SPREAD,2026-01-13 10:21:00,2026-01-13 12:57:00,0 days 02:36:00,52,25750.0 / 25650.0,65,36.1,6500.0,SL Hit (40% Premium Appreciation),-945.75,-14.55
NIFTY,NIFTY SPOT,PE_SPREAD,2026-01-13 11:18:00,2026-01-13 12:51:00,0 days 01:33:00,31,25800.0 / 25700.0,65,39.3,6500.0,SL Hit (40% Premium Appreciation),-1144.65,-17.61
NIFTY,NIFTY SPOT,PE_SPREAD,2026-01-13 11:21:00,2026-01-13 12:51:00,0 days 01:30:00,30,25800.0 / 25700.0,65,40.45,6500.0,SL Hit (40% Premium Appreciation),-1069.9,-16.46
NIFTY,NIFTY SPOT,CE_SPREAD,2026-01-13 13:12:00,2026-01-16 10:15:00,2 days 21:03:00,191,25650.0 / 25750.0,65,49.8,6500.0,SL Hit (40% Premium Appreciation),-1654.25,-25.45
NIFTY,NIFTY SPOT,CE_SPREAD,2026-01-13 13:15:00,2026-01-16 10:12:00,2 days 20:57:00,189,25650.0 / 25750.0,65,48.55,6500.0,SL Hit (40% Premium Appreciation),-1352.0,-20.8
NIFTY,NIFTY SPOT,CE_SPREAD,2026-01-13 13:18:00,2026-01-16 10:15:00,2 days 20:57:00,189,25650.0 / 25750.0,65,49.8,6500.0,SL Hit (40% Premium Appreciation),-1654.25,-25.45
NIFTY,NIFTY SPOT,PE_SPREAD,2026-01-16 10:45:00,2026-01-16 11:57:00,0 days 01:12:00,24,25850.0 / 25750.0,65,33.35,6500.0,SL Hit (40% Premium Appreciation),-939.25,-14.45
NIFTY,NIFTY SPOT,PE_SPREAD,2026-01-16 10:48:00,2026-01-16 12:27:00,0 days 01:39:00,33,25850.0 / 25750.0,65,35.75,6500.0,SL Hit (40% Premium Appreciation),-1033.5,-15.9
NIFTY,NIFTY SPOT,PE_SPREAD,2026-01-16 10:51:00,2026-01-16 12:27:00,0 days 01:36:00,32,25850.0 / 25750.0,65,34.75,6500.0,SL Hit (40% Premium Appreciation),-1098.5,-16.9
NIFTY,NIFTY SPOT,PE_SPREAD,2026-01-16 12:06:00,2026-01-16 13:00:00,0 days 00:54:00,18,25800.0 / 25700.0,65,34.05,6500.0,SL Hit (40% Premium Appreciation),-971.75,-14.95
NIFTY,NIFTY SPOT,CE_SPREAD,2026-01-19 09:39:00,2026-01-19 14:03:00,0 days 04:24:00,88,25550.0 / 25650.0,65,41.8,6500.0,SL Hit (40% Premium Appreciation),-1170.65,-18.01
NIFTY,NIFTY SPOT,CE_SPREAD,2026-01-19 09:54:00,2026-01-19 14:00:00,0 days 04:06:00,82,25550.0 / 25650.0,65,39.6,6500.0,SL Hit (40% Premium Appreciation),-1059.5,-16.3
NIFTY,NIFTY SPOT,CE_SPREAD,2026-01-19 10:15:00,2026-01-19 13:51:00,0 days 03:36:00,72,25550.0 / 25650.0,65,35.55,6500.0,SL Hit (40% Premium Appreciation),-929.5,-14.3
NIFTY,NIFTY SPOT,CE_SPREAD,2026-01-19 15:18:00,2026-01-19 15:27:00,0 days 00:09:00,3,25600.0 / 25700.0,65,25.1,6500.0,Monday Pre-Expiry Auto Square-Off,88.4,1.36
NIFTY,NIFTY SPOT,CE_SPREAD,2026-01-20 09:18:00,2026-01-20 14:51:00,0 days 05:33:00,111,25600.0 / 25700.0,65,44.05,6500.0,Target Hit (50% Premium Decay),1521.0,23.4
NIFTY,NIFTY SPOT,CE_SPREAD,2026-01-20 09:21:00,2026-01-20 14:57:00,0 days 05:36:00,112,25550.0 / 25650.0,65,46.85,6500.0,Target Hit (50% Premium Decay),1582.75,24.35
NIFTY,NIFTY SPOT,CE_SPREAD,2026-01-20 09:24:00,2026-01-20 15:00:00,0 days 05:36:00,112,25500.0 / 25600.0,65,52.1,6500.0,Target Hit (50% Premium Decay),1761.5,27.1
NIFTY,NIFTY SPOT,CE_SPREAD,2026-01-21 09:15:00,2026-01-21 10:54:00,0 days 01:39:00,33,25150.0 / 25250.0,65,62.6,6500.0,Target Hit (50% Premium Decay),2128.75,32.75
NIFTY,NIFTY SPOT,CE_SPREAD,2026-01-21 09:18:00,2026-01-21 10:54:00,0 days 01:36:00,32,25250.0 / 25350.0,65,49.75,6500.0,Target Hit (50% Premium Decay),1813.5,27.9
NIFTY,NIFTY SPOT,CE_SPREAD,2026-01-21 09:21:00,2026-01-21 10:54:00,0 days 01:33:00,31,25200.0 / 25300.0,65,56.15,6500.0,Target Hit (50% Premium Decay),1972.75,30.35
NIFTY,NIFTY SPOT,PE_SPREAD,2026-01-22 09:57:00,2026-01-22 10:30:00,0 days 00:33:00,11,25400.0 / 25300.0,65,36.85,6500.0,SL Hit (40% Premium Appreciation),-1127.75,-17.35
NIFTY,NIFTY SPOT,PE_SPREAD,2026-01-22 10:00:00,2026-01-22 10:57:00,0 days 00:57:00,19,25400.0 / 25300.0,65,39.15,6500.0,SL Hit (40% Premium Appreciation),-1443.0,-22.2
NIFTY,NIFTY SPOT,CE_SPREAD,2026-01-23 14:03:00,2026-01-27 09:15:00,3 days 19:12:00,29,25050.0 / 25150.0,65,49.95,6500.0,Time Stop (Max 3 Days Hit),533.0,8.2
NIFTY,NIFTY SPOT,CE_SPREAD,2026-01-23 14:06:00,2026-01-27 09:15:00,3 days 19:09:00,28,25050.0 / 25150.0,65,50.55,6500.0,Time Stop (Max 3 Days Hit),572.0,8.8
NIFTY,NIFTY SPOT,CE_SPREAD,2026-01-23 14:12:00,2026-01-27 09:15:00,3 days 19:03:00,26,25050.0 / 25150.0,65,51.4,6500.0,Time Stop (Max 3 Days Hit),627.25,9.65
NIFTY,NIFTY SPOT,CE_SPREAD,2026-01-27 09:15:00,2026-01-28 09:18:00,1 days 00:03:00,126,25050.0 / 25150.0,65,49.5,6500.0,SL Hit (40% Premium Appreciation),-1329.25,-20.45
NIFTY,NIFTY SPOT,CE_SPREAD,2026-01-27 09:18:00,2026-01-28 09:30:00,1 days 00:12:00,129,25000.0 / 25100.0,65,53.8,6500.0,SL Hit (40% Premium Appreciation),-1459.25,-22.45
NIFTY,NIFTY SPOT,CE_SPREAD,2026-01-27 09:21:00,2026-01-28 09:18:00,0 days 23:57:00,124,25000.0 / 25100.0,65,50.7,6500.0,SL Hit (40% Premium Appreciation),-1361.75,-20.95
NIFTY,NIFTY SPOT,PE_SPREAD,2026-01-28 09:36:00,2026-02-01 09:15:00,3 days 23:39:00,368,25300.0 / 25200.0,65,41.35,6500.0,Time Stop (Max 3 Days Hit),-126.75,-1.95
NIFTY,NIFTY SPOT,PE_SPREAD,2026-01-28 09:39:00,2026-02-01 09:15:00,3 days 23:36:00,367,25300.0 / 25200.0,65,39.35,6500.0,Time Stop (Max 3 Days Hit),-256.75,-3.95
NIFTY,NIFTY SPOT,PE_SPREAD,2026-01-28 09:42:00,2026-02-01 09:15:00,3 days 23:33:00,366,25300.0 / 25200.0,65,40.95,6500.0,Time Stop (Max 3 Days Hit),-152.75,-2.35
NIFTY,NIFTY SPOT,CE_SPREAD,2026-02-01 12:42:00,2026-02-01 15:21:00,0 days 02:39:00,53,24950.0 / 25050.0,65,51.7,6500.0,Target Hit (50% Premium Decay),1784.25,27.45
NIFTY,NIFTY SPOT,CE_SPREAD,2026-02-01 12:45:00,2026-02-01 15:15:00,0 days 02:30:00,50,25000.0 / 25100.0,65,50.6,6500.0,Target Hit (50% Premium Decay),1742.0,26.8
NIFTY,NIFTY SPOT,CE_SPREAD,2026-02-01 12:48:00,2026-02-01 15:15:00,0 days 02:27:00,49,25050.0 / 25150.0,65,43.7,6500.0,Target Hit (50% Premium Decay),1566.5,24.1
NIFTY,NIFTY SPOT,CE_SPREAD,2026-02-02 09:21:00,2026-02-02 14:51:00,0 days 05:30:00,110,24800.0 / 24900.0,65,54.65,6500.0,SL Hit (40% Premium Appreciation),-1433.25,-22.05
NIFTY,NIFTY SPOT,CE_SPREAD,2026-02-02 09:24:00,2026-02-02 11:21:00,0 days 01:57:00,39,24900.0 / 25000.0,65,42.6,6500.0,Target Hit (50% Premium Decay),1452.75,22.35
NIFTY,NIFTY SPOT,CE_SPREAD,2026-02-02 09:27:00,2026-02-02 14:48:00,0 days 05:21:00,107,24850.0 / 24950.0,65,47.25,6500.0,SL Hit (40% Premium Appreciation),-1319.5,-20.3
NIFTY,NIFTY SPOT,PE_SPREAD,2026-02-03 09:48:00,2026-02-06 09:24:00,2 days 23:36:00,367,25700.0 / 25600.0,65,41.15,6500.0,SL Hit (40% Premium Appreciation),-1092.0,-16.8
NIFTY,NIFTY SPOT,PE_SPREAD,2026-02-03 10:00:00,2026-02-06 09:42:00,2 days 23:42:00,369,25700.0 / 25600.0,65,45.65,6500.0,SL Hit (40% Premium Appreciation),-1205.75,-18.55
NIFTY,NIFTY SPOT,PE_SPREAD,2026-02-03 10:03:00,2026-02-06 10:06:00,3 days 00:03:00,376,25700.0 / 25600.0,65,47.0,6500.0,Time Stop (Max 3 Days Hit),-1183.0,-18.2
NIFTY,NIFTY SPOT,CE_SPREAD,2026-02-06 09:48:00,2026-02-06 15:03:00,0 days 05:15:00,105,25550.0 / 25650.0,65,45.85,6500.0,SL Hit (40% Premium Appreciation),-1212.25,-18.65
NIFTY,NIFTY SPOT,CE_SPREAD,2026-02-06 09:51:00,2026-02-06 15:06:00,0 days 05:15:00,105,25550.0 / 25650.0,65,46.1,6500.0,SL Hit (40% Premium Appreciation),-1228.5,-18.9
NIFTY,NIFTY SPOT,CE_SPREAD,2026-02-06 10:21:00,2026-02-06 14:54:00,0 days 04:33:00,91,25550.0 / 25650.0,65,43.1,6500.0,SL Hit (40% Premium Appreciation),-1277.25,-19.65
NIFTY,NIFTY SPOT,PE_SPREAD,2026-02-09 09:42:00,2026-02-09 15:27:00,0 days 05:45:00,115,25800.0 / 25700.0,65,37.45,6500.0,Monday Pre-Expiry Auto Square-Off,1033.5,15.9
NIFTY,NIFTY SPOT,PE_SPREAD,2026-02-09 09:45:00,2026-02-09 15:27:00,0 days 05:42:00,114,25800.0 / 25700.0,65,35.0,6500.0,Monday Pre-Expiry Auto Square-Off,874.25,13.45
NIFTY,NIFTY SPOT,PE_SPREAD,2026-02-09 09:48:00,2026-02-09 15:27:00,0 days 05:39:00,113,25800.0 / 25700.0,65,35.0,6500.0,Monday Pre-Expiry Auto Square-Off,874.25,13.45
NIFTY,NIFTY SPOT,PE_SPREAD,2026-02-10 09:18:00,2026-02-12 14:42:00,2 days 05:24:00,358,25900.0 / 25800.0,65,35.3,6500.0,SL Hit (40% Premium Appreciation),-952.25,-14.65
NIFTY,NIFTY SPOT,PE_SPREAD,2026-02-10 09:57:00,2026-02-12 09:30:00,1 days 23:33:00,241,25950.0 / 25850.0,65,38.0,6500.0,SL Hit (40% Premium Appreciation),-1072.5,-16.5
NIFTY,NIFTY SPOT,PE_SPREAD,2026-02-10 10:03:00,2026-02-12 09:30:00,1 days 23:27:00,239,25950.0 / 25850.0,65,38.5,6500.0,SL Hit (40% Premium Appreciation),-1040.0,-16.0
NIFTY,NIFTY SPOT,CE_SPREAD,2026-02-12 11:45:00,2026-02-13 09:15:00,0 days 21:30:00,75,25850.0 / 25950.0,65,45.35,6500.0,Target Hit (50% Premium Decay),1995.5,30.7
NIFTY,NIFTY SPOT,CE_SPREAD,2026-02-12 11:48:00,2026-02-13 09:15:00,0 days 21:27:00,74,25850.0 / 25950.0,65,44.45,6500.0,Target Hit (50% Premium Decay),1937.0,29.8
NIFTY,NIFTY SPOT,CE_SPREAD,2026-02-12 14:45:00,2026-02-13 09:15:00,0 days 18:30:00,15,25800.0 / 25900.0,65,44.65,6500.0,Target Hit (50% Premium Decay),1644.5,25.3
NIFTY,NIFTY SPOT,CE_SPREAD,2026-02-13 09:15:00,2026-02-13 15:24:00,0 days 06:09:00,123,25550.0 / 25650.0,65,58.35,6500.0,Target Hit (50% Premium Decay),1943.5,29.9
NIFTY,NIFTY SPOT,CE_SPREAD,2026-02-13 09:57:00,2026-02-16 10:00:00,3 days 00:03:00,126,25550.0 / 25650.0,65,47.05,6500.0,Time Stop (Max 3 Days Hit),789.75,12.15
NIFTY,NIFTY SPOT,CE_SPREAD,2026-02-13 10:15:00,2026-02-16 10:18:00,3 days 00:03:00,126,25550.0 / 25650.0,65,44.75,6500.0,Time Stop (Max 3 Days Hit),182.0,2.8
NIFTY,NIFTY SPOT,CE_SPREAD,2026-02-13 15:24:00,2026-02-16 10:12:00,2 days 18:48:00,21,25450.0 / 25550.0,65,43.2,6500.0,SL Hit (40% Premium Appreciation),-1387.75,-21.35
NIFTY,NIFTY SPOT,PE_SPREAD,2026-02-16 14:03:00,2026-02-16 15:00:00,0 days 00:57:00,19,25600.0 / 25500.0,65,42.45,6500.0,Target Hit (50% Premium Decay),1459.25,22.45
NIFTY,NIFTY SPOT,PE_SPREAD,2026-02-16 14:06:00,2026-02-16 15:00:00,0 days 00:54:00,18,25550.0 / 25450.0,65,31.2,6500.0,Target Hit (50% Premium Decay),1124.5,17.3
NIFTY,NIFTY SPOT,PE_SPREAD,2026-02-16 14:09:00,2026-02-16 15:00:00,0 days 00:51:00,17,25550.0 / 25450.0,65,30.25,6500.0,Target Hit (50% Premium Decay),1062.75,16.35
NIFTY,NIFTY SPOT,PE_SPREAD,2026-02-16 15:24:00,2026-02-16 15:27:00,0 days 00:03:00,1,25700.0 / 25600.0,65,34.8,6500.0,Monday Pre-Expiry Auto Square-Off,58.5,0.9
NIFTY,NIFTY SPOT,PE_SPREAD,2026-02-17 09:15:00,2026-02-18 14:18:00,1 days 05:03:00,226,25650.0 / 25550.0,65,44.5,6500.0,Target Hit (50% Premium Decay),1465.75,22.55
NIFTY,NIFTY SPOT,PE_SPREAD,2026-02-17 12:18:00,2026-02-19 12:09:00,1 days 23:51:00,247,25750.0 / 25650.0,65,39.9,6500.0,SL Hit (40% Premium Appreciation),-1114.75,-17.15
NIFTY,NIFTY SPOT,PE_SPREAD,2026-02-17 12:30:00,2026-02-19 12:12:00,1 days 23:42:00,244,25750.0 / 25650.0,65,41.05,6500.0,SL Hit (40% Premium Appreciation),-1196.0,-18.4
NIFTY,NIFTY SPOT,PE_SPREAD,2026-02-18 14:45:00,2026-02-19 11:27:00,0 days 20:42:00,59,25800.0 / 25700.0,65,39.5,6500.0,SL Hit (40% Premium Appreciation),-1069.25,-16.45
NIFTY,NIFTY SPOT,CE_SPREAD,2026-02-19 12:24:00,2026-02-19 15:15:00,0 days 02:51:00,57,25650.0 / 25750.0,65,43.35,6500.0,Target Hit (50% Premium Decay),1472.25,22.65
NIFTY,NIFTY SPOT,CE_SPREAD,2026-02-19 12:27:00,2026-02-19 15:15:00,0 days 02:48:00,56,25600.0 / 25700.0,65,50.55,6500.0,Target Hit (50% Premium Decay),1647.75,25.35
NIFTY,NIFTY SPOT,CE_SPREAD,2026-02-19 12:30:00,2026-02-19 15:15:00,0 days 02:45:00,55,25650.0 / 25750.0,65,42.75,6500.0,Target Hit (50% Premium Decay),1433.25,22.05
NIFTY,NIFTY SPOT,CE_SPREAD,2026-02-20 09:18:00,2026-02-20 10:39:00,0 days 01:21:00,27,25450.0 / 25550.0,65,48.4,6500.0,SL Hit (40% Premium Appreciation),-1322.75,-20.35
NIFTY,NIFTY SPOT,CE_SPREAD,2026-02-20 09:21:00,2026-02-20 10:39:00,0 days 01:18:00,26,25450.0 / 25550.0,65,46.75,6500.0,SL Hit (40% Premium Appreciation),-1430.0,-22.0
NIFTY,NIFTY SPOT,CE_SPREAD,2026-02-20 09:24:00,2026-02-20 10:24:00,0 days 01:00:00,20,25450.0 / 25550.0,65,44.0,6500.0,SL Hit (40% Premium Appreciation),-1287.0,-19.8
NIFTY,NIFTY SPOT,PE_SPREAD,2026-02-23 10:03:00,2026-02-23 11:48:00,0 days 01:45:00,35,25750.0 / 25650.0,65,39.6,6500.0,SL Hit (40% Premium Appreciation),-1296.75,-19.95
NIFTY,NIFTY SPOT,PE_SPREAD,2026-02-23 10:06:00,2026-02-23 11:48:00,0 days 01:42:00,34,25750.0 / 25650.0,65,41.15,6500.0,SL Hit (40% Premium Appreciation),-1196.0,-18.4
NIFTY,NIFTY SPOT,PE_SPREAD,2026-02-23 10:09:00,2026-02-23 11:48:00,0 days 01:39:00,33,25700.0 / 25600.0,65,32.3,6500.0,SL Hit (40% Premium Appreciation),-1160.25,-17.85
NIFTY,NIFTY SPOT,CE_SPREAD,2026-02-24 09:51:00,2026-02-27 09:27:00,2 days 23:36:00,367,25500.0 / 25600.0,65,52.7,6500.0,Target Hit (50% Premium Decay),1813.5,27.9
NIFTY,NIFTY SPOT,CE_SPREAD,2026-02-24 10:03:00,2026-02-27 09:27:00,2 days 23:24:00,363,25500.0 / 25600.0,65,54.65,6500.0,Target Hit (50% Premium Decay),1940.25,29.85
NIFTY,NIFTY SPOT,CE_SPREAD,2026-02-24 10:06:00,2026-02-27 09:27:00,2 days 23:21:00,362,25500.0 / 25600.0,65,55.55,6500.0,Target Hit (50% Premium Decay),1998.75,30.75
NIFTY,NIFTY SPOT,CE_SPREAD,2026-02-27 10:27:00,2026-02-27 15:06:00,0 days 04:39:00,93,25300.0 / 25400.0,65,49.7,6500.0,Target Hit (50% Premium Decay),1761.5,27.1
NIFTY,NIFTY SPOT,CE_SPREAD,2026-02-27 10:30:00,2026-02-27 15:03:00,0 days 04:33:00,91,25300.0 / 25400.0,65,51.6,6500.0,Target Hit (50% Premium Decay),1696.5,26.1
NIFTY,NIFTY SPOT,CE_SPREAD,2026-02-27 10:33:00,2026-02-27 15:03:00,0 days 04:30:00,90,25350.0 / 25450.0,65,42.4,6500.0,Target Hit (50% Premium Decay),1550.25,23.85
NIFTY,NIFTY SPOT,CE_SPREAD,2026-02-27 15:03:00,2026-03-02 09:15:00,2 days 18:12:00,9,25200.0 / 25300.0,65,41.8,6500.0,Target Hit (50% Premium Decay),2307.5,35.5
NIFTY,NIFTY SPOT,CE_SPREAD,2026-03-02 09:15:00,2026-03-02 15:27:00,0 days 06:12:00,124,24650.0 / 24750.0,65,73.15,6500.0,Monday Pre-Expiry Auto Square-Off,74.75,1.15
NIFTY,NIFTY SPOT,CE_SPREAD,2026-03-02 09:36:00,2026-03-02 15:27:00,0 days 05:51:00,117,24950.0 / 25050.0,65,59.7,6500.0,Monday Pre-Expiry Auto Square-Off,663.0,10.2
NIFTY,NIFTY SPOT,CE_SPREAD,2026-03-02 09:39:00,2026-03-02 15:27:00,0 days 05:48:00,116,24950.0 / 25050.0,65,58.3,6500.0,Monday Pre-Expiry Auto Square-Off,572.0,8.8
NIFTY,NIFTY SPOT,CE_SPREAD,2026-03-04 09:48:00,2026-03-05 14:42:00,1 days 04:54:00,223,24350.0 / 24450.0,65,56.9,6500.0,SL Hit (40% Premium Appreciation),-1501.5,-23.1
NIFTY,NIFTY SPOT,CE_SPREAD,2026-03-04 10:18:00,2026-03-05 14:51:00,1 days 04:33:00,216,24400.0 / 24500.0,65,56.95,6500.0,SL Hit (40% Premium Appreciation),-1517.75,-23.35
NIFTY,NIFTY SPOT,CE_SPREAD,2026-03-04 10:21:00,2026-03-05 14:54:00,1 days 04:33:00,216,24400.0 / 24500.0,65,57.6,6500.0,SL Hit (40% Premium Appreciation),-1621.75,-24.95
NIFTY,NIFTY SPOT,PE_SPREAD,2026-03-05 15:18:00,2026-03-06 15:00:00,0 days 23:42:00,119,24750.0 / 24650.0,65,42.15,6500.0,SL Hit (40% Premium Appreciation),-1342.25,-20.65
NIFTY,NIFTY SPOT,PE_SPREAD,2026-03-05 15:21:00,2026-03-06 14:48:00,0 days 23:27:00,114,24700.0 / 24600.0,65,38.4,6500.0,SL Hit (40% Premium Appreciation),-1088.75,-16.75
NIFTY,NIFTY SPOT,PE_SPREAD,2026-03-05 15:24:00,2026-03-06 12:27:00,0 days 21:03:00,66,24700.0 / 24600.0,65,36.15,6500.0,SL Hit (40% Premium Appreciation),-971.75,-14.95
NIFTY,NIFTY SPOT,CE_SPREAD,2026-03-09 10:03:00,2026-03-09 15:00:00,0 days 04:57:00,99,23750.0 / 23850.0,65,53.15,6500.0,SL Hit (40% Premium Appreciation),-1391.0,-21.4
NIFTY,NIFTY SPOT,CE_SPREAD,2026-03-09 10:09:00,2026-03-09 15:27:00,0 days 05:18:00,106,23800.0 / 23900.0,65,54.5,6500.0,Monday Pre-Expiry Auto Square-Off,-1335.75,-20.55
NIFTY,NIFTY SPOT,CE_SPREAD,2026-03-09 10:12:00,2026-03-09 15:03:00,0 days 04:51:00,97,23850.0 / 23950.0,65,48.35,6500.0,SL Hit (40% Premium Appreciation),-1387.75,-21.35
NIFTY,NIFTY SPOT,PE_SPREAD,2026-03-10 14:03:00,2026-03-11 11:18:00,0 days 21:15:00,70,24200.0 / 24100.0,65,36.1,6500.0,SL Hit (40% Premium Appreciation),-1017.25,-15.65
NIFTY,NIFTY SPOT,PE_SPREAD,2026-03-10 14:06:00,2026-03-11 11:12:00,0 days 21:06:00,67,24250.0 / 24150.0,65,36.45,6500.0,SL Hit (40% Premium Appreciation),-965.25,-14.85
NIFTY,NIFTY SPOT,PE_SPREAD,2026-03-10 14:09:00,2026-03-11 10:42:00,0 days 20:33:00,56,24250.0 / 24150.0,65,36.1,6500.0,SL Hit (40% Premium Appreciation),-939.25,-14.45
NIFTY,NIFTY SPOT,CE_SPREAD,2026-03-11 10:54:00,2026-03-12 09:15:00,0 days 22:21:00,92,24050.0 / 24150.0,65,55.9,6500.0,Target Hit (50% Premium Decay),2050.75,31.55
NIFTY,NIFTY SPOT,CE_SPREAD,2026-03-11 12:03:00,2026-03-12 09:15:00,0 days 21:12:00,69,24000.0 / 24100.0,65,55.95,6500.0,Target Hit (50% Premium Decay),1891.5,29.1
NIFTY,NIFTY SPOT,CE_SPREAD,2026-03-11 12:06:00,2026-03-12 09:15:00,0 days 21:09:00,68,24000.0 / 24100.0,65,54.95,6500.0,Target Hit (50% Premium Decay),1826.5,28.1
NIFTY,NIFTY SPOT,CE_SPREAD,2026-03-12 09:51:00,2026-03-13 12:18:00,1 days 02:27:00,174,23650.0 / 23750.0,65,53.25,6500.0,Target Hit (50% Premium Decay),1764.75,27.15
NIFTY,NIFTY SPOT,CE_SPREAD,2026-03-12 09:54:00,2026-03-13 10:45:00,1 days 00:51:00,142,23650.0 / 23750.0,65,54.1,6500.0,Target Hit (50% Premium Decay),1761.5,27.1
NIFTY,NIFTY SPOT,CE_SPREAD,2026-03-12 09:57:00,2026-03-13 10:12:00,1 days 00:15:00,130,23650.0 / 23750.0,65,57.35,6500.0,Target Hit (50% Premium Decay),1872.0,28.8
NIFTY,NIFTY SPOT,CE_SPREAD,2026-03-13 10:30:00,2026-03-16 10:18:00,2 days 23:48:00,121,23350.0 / 23450.0,65,51.9,6500.0,Target Hit (50% Premium Decay),1901.25,29.25
NIFTY,NIFTY SPOT,CE_SPREAD,2026-03-13 10:45:00,2026-03-16 10:18:00,2 days 23:33:00,116,23350.0 / 23450.0,65,49.05,6500.0,Target Hit (50% Premium Decay),1716.0,26.4
NIFTY,NIFTY SPOT,CE_SPREAD,2026-03-13 13:03:00,2026-03-16 10:54:00,2 days 21:51:00,82,23250.0 / 23350.0,65,48.9,6500.0,Target Hit (50% Premium Decay),1690.0,26.0
NIFTY,NIFTY SPOT,CE_SPREAD,2026-03-16 11:00:00,2026-03-16 14:18:00,0 days 03:18:00,66,23050.0 / 23150.0,65,47.9,6500.0,SL Hit (40% Premium Appreciation),-1287.0,-19.8
NIFTY,NIFTY SPOT,PE_SPREAD,2026-03-16 14:18:00,2026-03-16 15:27:00,0 days 01:09:00,23,23150.0 / 23050.0,65,32.0,6500.0,Monday Pre-Expiry Auto Square-Off,695.5,10.7
NIFTY,NIFTY SPOT,PE_SPREAD,2026-03-16 14:21:00,2026-03-16 15:27:00,0 days 01:06:00,22,23250.0 / 23150.0,65,36.2,6500.0,Monday Pre-Expiry Auto Square-Off,500.5,7.7
NIFTY,NIFTY SPOT,PE_SPREAD,2026-03-17 09:18:00,2026-03-18 09:15:00,0 days 23:57:00,124,23400.0 / 23300.0,65,41.25,6500.0,Target Hit (50% Premium Decay),1387.75,21.35
NIFTY,NIFTY SPOT,PE_SPREAD,2026-03-17 09:21:00,2026-03-18 09:15:00,0 days 23:54:00,123,23400.0 / 23300.0,65,40.25,6500.0,Target Hit (50% Premium Decay),1322.75,20.35
NIFTY,NIFTY SPOT,PE_SPREAD,2026-03-17 09:24:00,2026-03-18 09:15:00,0 days 23:51:00,122,23400.0 / 23300.0,65,43.7,6500.0,Target Hit (50% Premium Decay),1547.0,23.8
NIFTY,NIFTY SPOT,PE_SPREAD,2026-03-18 09:45:00,2026-03-19 09:15:00,0 days 23:30:00,115,23700.0 / 23600.0,65,39.35,6500.0,SL Hit (40% Premium Appreciation),-2102.75,-32.35
NIFTY,NIFTY SPOT,PE_SPREAD,2026-03-18 09:51:00,2026-03-19 09:15:00,0 days 23:24:00,113,23750.0 / 23650.0,65,41.75,6500.0,SL Hit (40% Premium Appreciation),-2190.5,-33.7
NIFTY,NIFTY SPOT,PE_SPREAD,2026-03-18 09:57:00,2026-03-19 09:15:00,0 days 23:18:00,111,23700.0 / 23600.0,65,41.7,6500.0,SL Hit (40% Premium Appreciation),-1950.0,-30.0
NIFTY,NIFTY SPOT,CE_SPREAD,2026-03-19 10:06:00,2026-03-23 09:15:00,3 days 23:09:00,233,23250.0 / 23350.0,65,50.75,6500.0,Time Stop (Max 3 Days Hit),2613.0,40.2
NIFTY,NIFTY SPOT,CE_SPREAD,2026-03-19 10:12:00,2026-03-23 09:15:00,3 days 23:03:00,231,23250.0 / 23350.0,65,49.4,6500.0,Time Stop (Max 3 Days Hit),2525.25,38.85
NIFTY,NIFTY SPOT,CE_SPREAD,2026-03-19 10:24:00,2026-03-23 09:15:00,3 days 22:51:00,227,23250.0 / 23350.0,65,51.85,6500.0,Time Stop (Max 3 Days Hit),2684.5,41.3
NIFTY,NIFTY SPOT,CE_SPREAD,2026-03-23 09:15:00,2026-03-23 15:27:00,0 days 06:12:00,124,22800.0 / 22900.0,65,41.1,6500.0,Monday Pre-Expiry Auto Square-Off,1342.25,20.65
NIFTY,NIFTY SPOT,CE_SPREAD,2026-03-23 10:39:00,2026-03-23 15:27:00,0 days 04:48:00,96,22550.0 / 22650.0,65,49.25,6500.0,Monday Pre-Expiry Auto Square-Off,461.5,7.1
NIFTY,NIFTY SPOT,CE_SPREAD,2026-03-23 10:42:00,2026-03-23 15:27:00,0 days 04:45:00,95,22550.0 / 22650.0,65,49.05,6500.0,Monday Pre-Expiry Auto Square-Off,448.5,6.9
NIFTY,NIFTY SPOT,PE_SPREAD,2026-03-24 12:06:00,2026-03-25 09:42:00,0 days 21:36:00,77,22750.0 / 22650.0,65,39.9,6500.0,Target Hit (50% Premium Decay),1326.0,20.4
NIFTY,NIFTY SPOT,PE_SPREAD,2026-03-24 12:09:00,2026-03-25 09:42:00,0 days 21:33:00,76,22750.0 / 22650.0,65,41.5,6500.0,Target Hit (50% Premium Decay),1430.0,22.0
NIFTY,NIFTY SPOT,PE_SPREAD,2026-03-24 12:12:00,2026-03-25 09:42:00,0 days 21:30:00,75,22800.0 / 22700.0,65,43.1,6500.0,Target Hit (50% Premium Decay),1436.5,22.1
NIFTY,NIFTY SPOT,PE_SPREAD,2026-03-25 10:09:00,2026-03-27 09:33:00,1 days 23:24:00,113,23300.0 / 23200.0,65,41.25,6500.0,SL Hit (40% Premium Appreciation),-1153.75,-17.75
NIFTY,NIFTY SPOT,PE_SPREAD,2026-03-25 10:12:00,2026-03-27 09:33:00,1 days 23:21:00,112,23300.0 / 23200.0,65,40.6,6500.0,SL Hit (40% Premium Appreciation),-1196.0,-18.4
NIFTY,NIFTY SPOT,PE_SPREAD,2026-03-25 10:24:00,2026-03-27 09:18:00,1 days 22:54:00,103,23300.0 / 23200.0,65,40.3,6500.0,SL Hit (40% Premium Appreciation),-1072.5,-16.5
NIFTY,NIFTY SPOT,CE_SPREAD,2026-03-27 10:06:00,2026-03-30 09:15:00,2 days 23:09:00,108,23000.0 / 23100.0,65,52.45,6500.0,Target Hit (50% Premium Decay),3240.25,49.85
NIFTY,NIFTY SPOT,CE_SPREAD,2026-03-27 10:12:00,2026-03-30 09:15:00,2 days 23:03:00,106,23000.0 / 23100.0,65,50.65,6500.0,Target Hit (50% Premium Decay),3123.25,48.05
NIFTY,NIFTY SPOT,CE_SPREAD,2026-03-27 10:27:00,2026-03-30 09:15:00,2 days 22:48:00,101,23000.0 / 23100.0,65,50.95,6500.0,Target Hit (50% Premium Decay),3142.75,48.35
NIFTY,NIFTY SPOT,CE_SPREAD,2026-03-30 09:15:00,2026-03-30 15:27:00,0 days 06:12:00,124,22550.0 / 22650.0,65,55.75,6500.0,Monday Pre-Expiry Auto Square-Off,607.75,9.35
NIFTY,NIFTY SPOT,CE_SPREAD,2026-03-30 09:36:00,2026-03-30 15:27:00,0 days 05:51:00,117,22650.0 / 22750.0,65,52.9,6500.0,Monday Pre-Expiry Auto Square-Off,383.5,5.9
NIFTY,NIFTY SPOT,CE_SPREAD,2026-03-30 09:39:00,2026-03-30 15:27:00,0 days 05:48:00,116,22700.0 / 22800.0,65,53.45,6500.0,Monday Pre-Expiry Auto Square-Off,494.0,7.6
NIFTY,NIFTY SPOT,PE_SPREAD,2026-04-01 12:03:00,2026-04-02 09:15:00,0 days 21:12:00,69,22800.0 / 22700.0,65,39.35,6500.0,SL Hit (40% Premium Appreciation),-2197.0,-33.8
NIFTY,NIFTY SPOT,PE_SPREAD,2026-04-01 12:24:00,2026-04-02 09:15:00,0 days 20:51:00,62,22850.0 / 22750.0,65,41.65,6500.0,SL Hit (40% Premium Appreciation),-2076.75,-31.95
NIFTY,NIFTY SPOT,PE_SPREAD,2026-04-01 12:27:00,2026-04-02 09:15:00,0 days 20:48:00,61,22850.0 / 22750.0,65,41.8,6500.0,SL Hit (40% Premium Appreciation),-2067.0,-31.8
NIFTY,NIFTY SPOT,CE_SPREAD,2026-04-02 09:15:00,2026-04-02 14:12:00,0 days 04:57:00,99,22400.0 / 22500.0,65,45.2,6500.0,SL Hit (40% Premium Appreciation),-1270.75,-19.55
NIFTY,NIFTY SPOT,CE_SPREAD,2026-04-02 10:15:00,2026-04-02 14:06:00,0 days 03:51:00,77,22250.0 / 22350.0,65,48.5,6500.0,SL Hit (40% Premium Appreciation),-1326.0,-20.4
NIFTY,NIFTY SPOT,CE_SPREAD,2026-04-02 10:18:00,2026-04-02 14:18:00,0 days 04:00:00,80,22200.0 / 22300.0,65,52.35,6500.0,SL Hit (40% Premium Appreciation),-1462.5,-22.5
NIFTY,NIFTY SPOT,PE_SPREAD,2026-04-02 14:39:00,2026-04-06 09:15:00,3 days 18:36:00,17,22650.0 / 22550.0,65,44.55,6500.0,Time Stop (Max 3 Days Hit),58.5,0.9
NIFTY,NIFTY SPOT,PE_SPREAD,2026-04-02 14:42:00,2026-04-06 09:15:00,3 days 18:33:00,16,22600.0 / 22500.0,65,43.45,6500.0,Time Stop (Max 3 Days Hit),204.75,3.15
NIFTY,NIFTY SPOT,PE_SPREAD,2026-04-02 14:45:00,2026-04-06 09:15:00,3 days 18:30:00,15,22600.0 / 22500.0,65,41.85,6500.0,Time Stop (Max 3 Days Hit),100.75,1.55
NIFTY,NIFTY SPOT,PE_SPREAD,2026-04-06 09:15:00,2026-04-06 15:03:00,0 days 05:48:00,116,22800.0 / 22700.0,65,55.35,6500.0,Target Hit (50% Premium Decay),1849.25,28.45
NIFTY,NIFTY SPOT,PE_SPREAD,2026-04-06 12:18:00,2026-04-06 15:00:00,0 days 02:42:00,54,22650.0 / 22550.0,65,38.5,6500.0,Target Hit (50% Premium Decay),1352.0,20.8
NIFTY,NIFTY SPOT,PE_SPREAD,2026-04-06 12:21:00,2026-04-06 15:00:00,0 days 02:39:00,53,22700.0 / 22600.0,65,43.4,6500.0,Target Hit (50% Premium Decay),1472.25,22.65
NIFTY,NIFTY SPOT,PE_SPREAD,2026-04-06 15:00:00,2026-04-06 15:27:00,0 days 00:27:00,9,22900.0 / 22800.0,65,36.9,6500.0,Monday Pre-Expiry Auto Square-Off,35.75,0.55
NIFTY,NIFTY SPOT,PE_SPREAD,2026-04-06 15:03:00,2026-04-06 15:27:00,0 days 00:24:00,8,22950.0 / 22850.0,65,40.2,6500.0,Monday Pre-Expiry Auto Square-Off,-201.5,-3.1
NIFTY,NIFTY SPOT,PE_SPREAD,2026-04-06 15:21:00,2026-04-06 15:27:00,0 days 00:06:00,2,22950.0 / 22850.0,65,38.85,6500.0,Monday Pre-Expiry Auto Square-Off,-289.25,-4.45
NIFTY,NIFTY SPOT,PE_SPREAD,2026-04-06 15:27:00,2026-04-07 09:15:00,0 days 17:48:00,1,22950.0 / 22850.0,65,43.3,6500.0,SL Hit (40% Premium Appreciation),-1774.5,-27.3
NIFTY,NIFTY SPOT,PE_SPREAD,2026-04-07 09:15:00,2026-04-08 09:15:00,1 days 00:00:00,125,22850.0 / 22750.0,65,45.75,6500.0,Target Hit (50% Premium Decay),2691.0,41.4
NIFTY,NIFTY SPOT,PE_SPREAD,2026-04-07 11:48:00,2026-04-08 09:15:00,0 days 21:27:00,74,22900.0 / 22800.0,65,41.75,6500.0,Target Hit (50% Premium Decay),2395.25,36.85
NIFTY,NIFTY SPOT,PE_SPREAD,2026-04-07 11:51:00,2026-04-08 09:15:00,0 days 21:24:00,73,22900.0 / 22800.0,65,41.8,6500.0,Target Hit (50% Premium Decay),2398.5,36.9
NIFTY,NIFTY SPOT,PE_SPREAD,2026-04-08 10:06:00,2026-04-13 09:15:00,4 days 23:09:00,358,23950.0 / 23850.0,65,47.15,6500.0,Time Stop (Max 3 Days Hit),-2964.0,-45.6
NIFTY,NIFTY SPOT,PE_SPREAD,2026-04-08 10:09:00,2026-04-10 15:27:00,2 days 05:18:00,356,23900.0 / 23800.0,65,43.75,6500.0,Target Hit (50% Premium Decay),1433.25,22.05
NIFTY,NIFTY SPOT,PE_SPREAD,2026-04-08 10:12:00,2026-04-10 15:24:00,2 days 05:12:00,354,23900.0 / 23800.0,65,44.9,6500.0,Target Hit (50% Premium Decay),1478.75,22.75
NIFTY,NIFTY SPOT,CE_SPREAD,2026-04-13 09:54:00,2026-04-13 15:27:00,0 days 05:33:00,111,23650.0 / 23750.0,65,53.05,6500.0,Monday Pre-Expiry Auto Square-Off,-1033.5,-15.9
NIFTY,NIFTY SPOT,CE_SPREAD,2026-04-13 09:57:00,2026-04-13 15:27:00,0 days 05:30:00,110,23650.0 / 23750.0,65,54.5,6500.0,Monday Pre-Expiry Auto Square-Off,-939.25,-14.45
NIFTY,NIFTY SPOT,CE_SPREAD,2026-04-13 10:00:00,2026-04-13 15:27:00,0 days 05:27:00,109,23650.0 / 23750.0,65,53.85,6500.0,Monday Pre-Expiry Auto Square-Off,-981.5,-15.1
NIFTY,NIFTY SPOT,PE_SPREAD,2026-04-15 10:39:00,2026-04-16 13:24:00,1 days 02:45:00,180,24250.0 / 24150.0,65,40.6,6500.0,SL Hit (40% Premium Appreciation),-1062.75,-16.35
NIFTY,NIFTY SPOT,PE_SPREAD,2026-04-15 10:42:00,2026-04-20 09:15:00,4 days 22:33:00,346,24250.0 / 24150.0,65,41.0,6500.0,Time Stop (Max 3 Days Hit),354.25,5.45
NIFTY,NIFTY SPOT,PE_SPREAD,2026-04-15 10:45:00,2026-04-16 13:24:00,1 days 02:39:00,178,24250.0 / 24150.0,65,40.5,6500.0,SL Hit (40% Premium Appreciation),-1069.25,-16.45
NIFTY,NIFTY SPOT,PE_SPREAD,2026-04-17 09:48:00,2026-04-20 09:51:00,3 days 00:03:00,126,24200.0 / 24100.0,65,41.95,6500.0,Time Stop (Max 3 Days Hit),692.25,10.65
NIFTY,NIFTY SPOT,PE_SPREAD,2026-04-17 09:51:00,2026-04-20 09:54:00,3 days 00:03:00,126,24200.0 / 24100.0,65,41.3,6500.0,Time Stop (Max 3 Days Hit),747.5,11.5
NIFTY,NIFTY SPOT,PE_SPREAD,2026-04-21 15:18:00,2026-04-22 10:03:00,0 days 18:45:00,20,24600.0 / 24500.0,65,44.2,6500.0,SL Hit (40% Premium Appreciation),-1186.25,-18.25
NIFTY,NIFTY SPOT,PE_SPREAD,2026-04-21 15:24:00,2026-04-22 09:57:00,0 days 18:33:00,16,24600.0 / 24500.0,65,43.45,6500.0,SL Hit (40% Premium Appreciation),-1150.5,-17.7
NIFTY,NIFTY SPOT,PE_SPREAD,2026-04-21 15:27:00,2026-04-22 09:57:00,0 days 18:30:00,15,24550.0 / 24450.0,65,41.25,6500.0,SL Hit (40% Premium Appreciation),-1124.5,-17.3
NIFTY,NIFTY SPOT,CE_SPREAD,2026-04-22 11:03:00,2026-04-23 12:27:00,1 days 01:24:00,153,24450.0 / 24550.0,65,46.45,6500.0,Target Hit (50% Premium Decay),1511.25,23.25
NIFTY,NIFTY SPOT,CE_SPREAD,2026-04-22 11:06:00,2026-04-23 12:27:00,1 days 01:21:00,152,24450.0 / 24550.0,65,46.5,6500.0,Target Hit (50% Premium Decay),1514.5,23.3
NIFTY,NIFTY SPOT,CE_SPREAD,2026-04-22 11:09:00,2026-04-23 12:30:00,1 days 01:21:00,152,24450.0 / 24550.0,65,45.15,6500.0,Target Hit (50% Premium Decay),1475.5,22.7
NIFTY,NIFTY SPOT,CE_SPREAD,2026-04-23 15:03:00,2026-04-24 10:48:00,0 days 19:45:00,40,24200.0 / 24300.0,65,44.55,6500.0,Target Hit (50% Premium Decay),1462.5,22.5
NIFTY,NIFTY SPOT,CE_SPREAD,2026-04-23 15:06:00,2026-04-24 11:09:00,0 days 20:03:00,46,24200.0 / 24300.0,65,43.4,6500.0,Target Hit (50% Premium Decay),1413.75,21.75
NIFTY,NIFTY SPOT,CE_SPREAD,2026-04-23 15:09:00,2026-04-24 11:15:00,0 days 20:06:00,47,24200.0 / 24300.0,65,42.6,6500.0,Target Hit (50% Premium Decay),1407.25,21.65
NIFTY,NIFTY SPOT,CE_SPREAD,2026-04-24 10:54:00,2026-04-27 09:48:00,2 days 22:54:00,103,23950.0 / 24050.0,65,46.8,6500.0,SL Hit (40% Premium Appreciation),-1374.75,-21.15
NIFTY,NIFTY SPOT,CE_SPREAD,2026-04-24 11:09:00,2026-04-27 09:21:00,2 days 22:12:00,89,23950.0 / 24050.0,65,43.75,6500.0,SL Hit (40% Premium Appreciation),-1150.5,-17.7
NIFTY,NIFTY SPOT,CE_SPREAD,2026-04-24 11:21:00,2026-04-27 09:45:00,2 days 22:24:00,93,23950.0 / 24050.0,65,44.85,6500.0,SL Hit (40% Premium Appreciation),-1248.0,-19.2
NIFTY,NIFTY SPOT,PE_SPREAD,2026-04-27 13:03:00,2026-04-27 15:27:00,0 days 02:24:00,48,24100.0 / 24000.0,65,44.5,6500.0,Monday Pre-Expiry Auto Square-Off,513.5,7.9
NIFTY,NIFTY SPOT,PE_SPREAD,2026-04-27 13:06:00,2026-04-27 15:27:00,0 days 02:21:00,47,24050.0 / 23950.0,65,32.45,6500.0,Monday Pre-Expiry Auto Square-Off,276.25,4.25
NIFTY,NIFTY SPOT,PE_SPREAD,2026-04-27 13:09:00,2026-04-27 15:27:00,0 days 02:18:00,46,24100.0 / 24000.0,65,41.5,6500.0,Monday Pre-Expiry Auto Square-Off,318.5,4.9
NIFTY,NIFTY SPOT,PE_SPREAD,2026-04-28 09:33:00,2026-04-29 12:33:00,1 days 03:00:00,185,24100.0 / 24000.0,65,44.7,6500.0,Target Hit (50% Premium Decay),1456.0,22.4
NIFTY,NIFTY SPOT,PE_SPREAD,2026-04-28 09:39:00,2026-04-30 09:18:00,1 days 23:39:00,243,24100.0 / 24000.0,65,42.65,6500.0,SL Hit (40% Premium Appreciation),-1215.5,-18.7
NIFTY,NIFTY SPOT,PE_SPREAD,2026-04-28 09:42:00,2026-04-30 09:18:00,1 days 23:36:00,242,24100.0 / 24000.0,65,41.75,6500.0,SL Hit (40% Premium Appreciation),-1274.0,-19.6
NIFTY,NIFTY SPOT,PE_SPREAD,2026-04-29 12:45:00,2026-04-29 15:18:00,0 days 02:33:00,51,24300.0 / 24200.0,65,37.6,6500.0,SL Hit (40% Premium Appreciation),-1023.75,-15.75
NIFTY,NIFTY SPOT,CE_SPREAD,2026-04-30 09:48:00,2026-04-30 14:42:00,0 days 04:54:00,98,23950.0 / 24050.0,65,42.1,6500.0,SL Hit (40% Premium Appreciation),-1179.75,-18.15
NIFTY,NIFTY SPOT,CE_SPREAD,2026-04-30 10:24:00,2026-04-30 13:42:00,0 days 03:18:00,66,23800.0 / 23900.0,65,47.6,6500.0,SL Hit (40% Premium Appreciation),-1397.5,-21.5
NIFTY,NIFTY SPOT,CE_SPREAD,2026-04-30 10:33:00,2026-04-30 13:42:00,0 days 03:09:00,63,23850.0 / 23950.0,65,45.95,6500.0,SL Hit (40% Premium Appreciation),-1287.0,-19.8
NIFTY,NIFTY SPOT,PE_SPREAD,2026-05-04 09:54:00,2026-05-04 12:12:00,0 days 02:18:00,46,24250.0 / 24150.0,65,37.85,6500.0,SL Hit (40% Premium Appreciation),-1296.75,-19.95
NIFTY,NIFTY SPOT,PE_SPREAD,2026-05-04 09:57:00,2026-05-04 10:21:00,0 days 00:24:00,8,24250.0 / 24150.0,65,35.6,6500.0,SL Hit (40% Premium Appreciation),-1088.75,-16.75
NIFTY,NIFTY SPOT,PE_SPREAD,2026-05-04 10:00:00,2026-05-04 12:12:00,0 days 02:12:00,44,24250.0 / 24150.0,65,38.55,6500.0,SL Hit (40% Premium Appreciation),-1251.25,-19.25
NIFTY,NIFTY SPOT,PE_SPREAD,2026-05-04 10:21:00,2026-05-04 13:27:00,0 days 03:06:00,62,24150.0 / 24050.0,65,39.65,6500.0,SL Hit (40% Premium Appreciation),-1283.75,-19.75
NIFTY,NIFTY SPOT,CE_SPREAD,2026-05-04 13:18:00,2026-05-04 15:27:00,0 days 02:09:00,43,24100.0 / 24200.0,65,42.85,6500.0,Monday Pre-Expiry Auto Square-Off,-289.25,-4.45
NIFTY,NIFTY SPOT,CE_SPREAD,2026-05-04 13:21:00,2026-05-04 15:27:00,0 days 02:06:00,42,24100.0 / 24200.0,65,40.15,6500.0,Monday Pre-Expiry Auto Square-Off,-464.75,-7.15
NIFTY,NIFTY SPOT,CE_SPREAD,2026-05-04 13:30:00,2026-05-04 14:18:00,0 days 00:48:00,16,24000.0 / 24100.0,65,48.65,6500.0,SL Hit (40% Premium Appreciation),-1293.5,-19.9
NIFTY,NIFTY SPOT,CE_SPREAD,2026-05-05 09:36:00,2026-05-06 14:21:00,1 days 04:45:00,220,24050.0 / 24150.0,65,48.95,6500.0,SL Hit (40% Premium Appreciation),-1517.75,-23.35
NIFTY,NIFTY SPOT,CE_SPREAD,2026-05-05 09:39:00,2026-05-06 14:18:00,1 days 04:39:00,218,24050.0 / 24150.0,65,46.95,6500.0,SL Hit (40% Premium Appreciation),-1248.0,-19.2
NIFTY,NIFTY SPOT,CE_SPREAD,2026-05-05 09:42:00,2026-05-06 14:21:00,1 days 04:39:00,218,24000.0 / 24100.0,65,50.1,6500.0,SL Hit (40% Premium Appreciation),-1592.5,-24.5
NIFTY,NIFTY SPOT,PE_SPREAD,2026-05-06 15:03:00,2026-05-08 09:15:00,1 days 18:12:00,134,24350.0 / 24250.0,65,37.75,6500.0,SL Hit (40% Premium Appreciation),-1407.25,-21.65
NIFTY,NIFTY SPOT,PE_SPREAD,2026-05-06 15:09:00,2026-05-08 09:15:00,1 days 18:06:00,132,24300.0 / 24200.0,65,34.85,6500.0,SL Hit (40% Premium Appreciation),-1251.25,-19.25
NIFTY,NIFTY SPOT,PE_SPREAD,2026-05-06 15:12:00,2026-05-08 09:15:00,1 days 18:03:00,131,24300.0 / 24200.0,65,34.8,6500.0,SL Hit (40% Premium Appreciation),-1254.5,-19.3
NIFTY,NIFTY SPOT,CE_SPREAD,2026-05-08 10:03:00,2026-05-11 09:15:00,2 days 23:12:00,109,24200.0 / 24300.0,65,46.25,6500.0,Target Hit (50% Premium Decay),2034.5,31.3
NIFTY,NIFTY SPOT,CE_SPREAD,2026-05-08 10:06:00,2026-05-11 09:15:00,2 days 23:09:00,108,24200.0 / 24300.0,65,46.25,6500.0,Target Hit (50% Premium Decay),2034.5,31.3
NIFTY,NIFTY SPOT,CE_SPREAD,2026-05-08 10:09:00,2026-05-11 09:15:00,2 days 23:06:00,107,24200.0 / 24300.0,65,44.9,6500.0,Target Hit (50% Premium Decay),1946.75,29.95
NIFTY,NIFTY SPOT,CE_SPREAD,2026-05-11 10:06:00,2026-05-11 15:27:00,0 days 05:21:00,107,23900.0 / 24000.0,65,44.2,6500.0,Monday Pre-Expiry Auto Square-Off,796.25,12.25
NIFTY,NIFTY SPOT,CE_SPREAD,2026-05-11 10:09:00,2026-05-11 15:27:00,0 days 05:18:00,106,23900.0 / 24000.0,65,43.5,6500.0,Monday Pre-Expiry Auto Square-Off,750.75,11.55
NIFTY,NIFTY SPOT,CE_SPREAD,2026-05-11 10:12:00,2026-05-11 15:27:00,0 days 05:15:00,105,23900.0 / 24000.0,65,43.65,6500.0,Monday Pre-Expiry Auto Square-Off,760.5,11.7
NIFTY,NIFTY SPOT,CE_SPREAD,2026-05-12 09:57:00,2026-05-15 10:00:00,3 days 00:03:00,376,23650.0 / 23750.0,65,47.7,6500.0,Time Stop (Max 3 Days Hit),-880.75,-13.55
NIFTY,NIFTY SPOT,CE_SPREAD,2026-05-12 10:09:00,2026-05-15 10:12:00,3 days 00:03:00,376,23650.0 / 23750.0,65,49.55,6500.0,Time Stop (Max 3 Days Hit),-822.25,-12.65
NIFTY,NIFTY SPOT,CE_SPREAD,2026-05-12 10:12:00,2026-05-15 10:15:00,3 days 00:03:00,376,23650.0 / 23750.0,65,49.4,6500.0,Time Stop (Max 3 Days Hit),-731.25,-11.25
NIFTY,NIFTY SPOT,PE_SPREAD,2026-05-15 10:03:00,2026-05-15 14:45:00,0 days 04:42:00,94,23800.0 / 23700.0,65,41.45,6500.0,SL Hit (40% Premium Appreciation),-1189.5,-18.3
NIFTY,NIFTY SPOT,PE_SPREAD,2026-05-15 10:12:00,2026-05-15 14:48:00,0 days 04:36:00,92,23800.0 / 23700.0,65,42.9,6500.0,SL Hit (40% Premium Appreciation),-1280.5,-19.7
NIFTY,NIFTY SPOT,PE_SPREAD,2026-05-15 10:15:00,2026-05-15 14:48:00,0 days 04:33:00,91,23800.0 / 23700.0,65,44.05,6500.0,SL Hit (40% Premium Appreciation),-1205.75,-18.55
NIFTY,NIFTY SPOT,CE_SPREAD,2026-05-18 10:03:00,2026-05-18 11:30:00,0 days 01:27:00,29,23350.0 / 23450.0,65,47.2,6500.0,SL Hit (40% Premium Appreciation),-1241.5,-19.1
NIFTY,NIFTY SPOT,CE_SPREAD,2026-05-18 10:06:00,2026-05-18 11:30:00,0 days 01:24:00,28,23350.0 / 23450.0,65,45.45,6500.0,SL Hit (40% Premium Appreciation),-1355.25,-20.85
NIFTY,NIFTY SPOT,CE_SPREAD,2026-05-18 10:09:00,2026-05-18 11:30:00,0 days 01:21:00,27,23350.0 / 23450.0,65,46.8,6500.0,SL Hit (40% Premium Appreciation),-1267.5,-19.5
NIFTY,NIFTY SPOT,PE_SPREAD,2026-05-18 13:09:00,2026-05-18 15:27:00,0 days 02:18:00,46,23600.0 / 23500.0,65,42.0,6500.0,Monday Pre-Expiry Auto Square-Off,724.75,11.15
NIFTY,NIFTY SPOT,PE_SPREAD,2026-05-18 13:12:00,2026-05-18 15:27:00,0 days 02:15:00,45,23600.0 / 23500.0,65,40.7,6500.0,Monday Pre-Expiry Auto Square-Off,640.25,9.85
NIFTY,NIFTY SPOT,PE_SPREAD,2026-05-18 13:15:00,2026-05-18 15:27:00,0 days 02:12:00,44,23600.0 / 23500.0,65,40.05,6500.0,Monday Pre-Expiry Auto Square-Off,598.0,9.2
NIFTY,NIFTY SPOT,PE_SPREAD,2026-05-19 09:36:00,2026-05-20 09:15:00,0 days 23:39:00,118,23650.0 / 23550.0,65,41.35,6500.0,SL Hit (40% Premium Appreciation),-1199.25,-18.45
NIFTY,NIFTY SPOT,PE_SPREAD,2026-05-19 09:39:00,2026-05-20 09:15:00,0 days 23:36:00,117,23700.0 / 23600.0,65,42.5,6500.0,SL Hit (40% Premium Appreciation),-1319.5,-20.3
NIFTY,NIFTY SPOT,PE_SPREAD,2026-05-19 09:42:00,2026-05-20 09:15:00,0 days 23:33:00,116,23750.0 / 23650.0,65,44.5,6500.0,SL Hit (40% Premium Appreciation),-1404.0,-21.6
NIFTY,NIFTY SPOT,CE_SPREAD,2026-05-20 09:33:00,2026-05-21 09:15:00,0 days 23:42:00,119,23500.0 / 23600.0,65,48.9,6500.0,SL Hit (40% Premium Appreciation),-1524.25,-23.45
NIFTY,NIFTY SPOT,CE_SPREAD,2026-05-20 09:36:00,2026-05-21 09:15:00,0 days 23:39:00,118,23500.0 / 23600.0,65,49.9,6500.0,SL Hit (40% Premium Appreciation),-1459.25,-22.45
NIFTY,NIFTY SPOT,CE_SPREAD,2026-05-20 09:39:00,2026-05-21 09:15:00,0 days 23:36:00,117,23550.0 / 23650.0,65,45.65,6500.0,SL Hit (40% Premium Appreciation),-1501.5,-23.1
NIFTY,NIFTY SPOT,PE_SPREAD,2026-05-21 10:18:00,2026-05-21 12:39:00,0 days 02:21:00,47,23800.0 / 23700.0,65,45.3,6500.0,SL Hit (40% Premium Appreciation),-1355.25,-20.85
NIFTY,NIFTY SPOT,PE_SPREAD,2026-05-21 10:21:00,2026-05-21 12:39:00,0 days 02:18:00,46,23800.0 / 23700.0,65,45.65,6500.0,SL Hit (40% Premium Appreciation),-1332.5,-20.5
NIFTY,NIFTY SPOT,PE_SPREAD,2026-05-21 10:24:00,2026-05-21 12:39:00,0 days 02:15:00,45,23800.0 / 23700.0,65,46.55,6500.0,SL Hit (40% Premium Appreciation),-1274.0,-19.6
NIFTY,NIFTY SPOT,PE_SPREAD,2026-05-22 10:18:00,2026-05-25 09:15:00,2 days 22:57:00,104,23800.0 / 23700.0,65,44.8,6500.0,Target Hit (50% Premium Decay),1781.0,27.4
NIFTY,NIFTY SPOT,PE_SPREAD,2026-05-22 10:21:00,2026-05-25 09:15:00,2 days 22:54:00,103,23750.0 / 23650.0,65,38.2,6500.0,Target Hit (50% Premium Decay),1621.75,24.95
NIFTY,NIFTY SPOT,PE_SPREAD,2026-05-22 10:24:00,2026-05-25 09:15:00,2 days 22:51:00,102,23800.0 / 23700.0,65,44.95,6500.0,Target Hit (50% Premium Decay),1790.75,27.55
NIFTY,NIFTY SPOT,PE_SPREAD,2026-05-25 09:45:00,2026-05-25 15:21:00,0 days 05:36:00,112,23950.0 / 23850.0,65,41.1,6500.0,Target Hit (50% Premium Decay),1449.5,22.3
NIFTY,NIFTY SPOT,PE_SPREAD,2026-05-25 09:51:00,2026-05-25 15:12:00,0 days 05:21:00,107,23950.0 / 23850.0,65,41.85,6500.0,Target Hit (50% Premium Decay),1361.75,20.95
NIFTY,NIFTY SPOT,PE_SPREAD,2026-05-25 09:54:00,2026-05-25 15:21:00,0 days 05:27:00,109,23950.0 / 23850.0,65,40.85,6500.0,Target Hit (50% Premium Decay),1433.25,22.05
NIFTY,NIFTY SPOT,PE_SPREAD,2026-05-25 15:12:00,2026-05-25 15:27:00,0 days 00:15:00,5,24050.0 / 23950.0,65,38.95,6500.0,Monday Pre-Expiry Auto Square-Off,708.5,10.9
NIFTY,NIFTY SPOT,PE_SPREAD,2026-05-25 15:21:00,2026-05-25 15:27:00,0 days 00:06:00,2,24000.0 / 23900.0,65,26.1,6500.0,Monday Pre-Expiry Auto Square-Off,448.5,6.9
NIFTY,NIFTY SPOT,PE_SPREAD,2026-05-25 15:24:00,2026-05-25 15:27:00,0 days 00:03:00,1,24050.0 / 23950.0,65,30.5,6500.0,Monday Pre-Expiry Auto Square-Off,159.25,2.45
NIFTY,NIFTY SPOT,PE_SPREAD,2026-05-25 15:27:00,2026-05-26 09:15:00,0 days 17:48:00,1,24050.0 / 23950.0,65,28.05,6500.0,SL Hit (40% Premium Appreciation),-1712.75,-26.35
NIFTY,NIFTY SPOT,PE_SPREAD,2026-05-26 09:21:00,2026-05-29 09:24:00,3 days 00:03:00,251,24000.0 / 23900.0,65,42.1,6500.0,Time Stop (Max 3 Days Hit),-269.75,-4.15
NIFTY,NIFTY SPOT,PE_SPREAD,2026-05-26 09:24:00,2026-05-29 09:27:00,3 days 00:03:00,251,24000.0 / 23900.0,65,41.9,6500.0,Time Stop (Max 3 Days Hit),-513.5,-7.9
NIFTY,NIFTY SPOT,PE_SPREAD,2026-05-26 09:27:00,2026-05-29 09:30:00,3 days 00:03:00,251,24000.0 / 23900.0,65,41.8,6500.0,Time Stop (Max 3 Days Hit),-477.75,-7.35
NIFTY,NIFTY SPOT,CE_SPREAD,2026-05-29 09:33:00,2026-05-29 15:00:00,0 days 05:27:00,109,23900.0 / 24000.0,65,53.15,6500.0,Target Hit (50% Premium Decay),1898.0,29.2
NIFTY,NIFTY SPOT,CE_SPREAD,2026-05-29 09:36:00,2026-05-29 15:00:00,0 days 05:24:00,108,23900.0 / 24000.0,65,52.75,6500.0,Target Hit (50% Premium Decay),1872.0,28.8
NIFTY,NIFTY SPOT,CE_SPREAD,2026-05-29 09:39:00,2026-05-29 15:00:00,0 days 05:21:00,107,23900.0 / 24000.0,65,51.35,6500.0,Target Hit (50% Premium Decay),1781.0,27.4
NIFTY,NIFTY SPOT,CE_SPREAD,2026-05-29 15:03:00,2026-06-01 13:06:00,2 days 22:03:00,86,23600.0 / 23700.0,65,54.4,6500.0,Target Hit (50% Premium Decay),1790.75,27.55
NIFTY,NIFTY SPOT,CE_SPREAD,2026-06-01 09:15:00,2026-06-01 11:57:00,0 days 02:42:00,54,23650.0 / 23750.0,65,45.9,6500.0,Target Hit (50% Premium Decay),1514.5,23.3
NIFTY,NIFTY SPOT,CE_SPREAD,2026-06-01 09:18:00,2026-06-01 13:00:00,0 days 03:42:00,74,23650.0 / 23750.0,65,43.75,6500.0,Target Hit (50% Premium Decay),1443.0,22.2
NIFTY,NIFTY SPOT,CE_SPREAD,2026-06-01 11:57:00,2026-06-01 14:51:00,0 days 02:54:00,58,23550.0 / 23650.0,65,37.0,6500.0,Target Hit (50% Premium Decay),1205.75,18.55
NIFTY,NIFTY SPOT,CE_SPREAD,2026-06-01 13:03:00,2026-06-01 15:27:00,0 days 02:24:00,48,23500.0 / 23600.0,65,44.5,6500.0,Monday Pre-Expiry Auto Square-Off,1358.5,20.9
NIFTY,NIFTY SPOT,CE_SPREAD,2026-06-01 13:48:00,2026-06-01 15:27:00,0 days 01:39:00,33,23450.0 / 23550.0,65,49.45,6500.0,Monday Pre-Expiry Auto Square-Off,1092.0,16.8
NIFTY,NIFTY SPOT,CE_SPREAD,2026-06-01 14:51:00,2026-06-01 15:27:00,0 days 00:36:00,12,23400.0 / 23500.0,65,42.3,6500.0,Monday Pre-Expiry Auto Square-Off,-39.0,-0.6
NIFTY,NIFTY SPOT,CE_SPREAD,2026-06-02 09:15:00,2026-06-02 12:54:00,0 days 03:39:00,73,23250.0 / 23350.0,65,51.15,6500.0,SL Hit (40% Premium Appreciation),-1342.25,-20.65
NIFTY,NIFTY SPOT,CE_SPREAD,2026-06-02 09:42:00,2026-06-02 13:33:00,0 days 03:51:00,77,23300.0 / 23400.0,65,50.0,6500.0,SL Hit (40% Premium Appreciation),-1303.25,-20.05
NIFTY,NIFTY SPOT,CE_SPREAD,2026-06-02 09:45:00,2026-06-02 13:27:00,0 days 03:42:00,74,23300.0 / 23400.0,65,48.5,6500.0,SL Hit (40% Premium Appreciation),-1335.75,-20.55
NIFTY,NIFTY SPOT,CE_SPREAD,2026-06-03 09:54:00,2026-06-03 13:45:00,0 days 03:51:00,77,23300.0 / 23400.0,65,43.4,6500.0,SL Hit (40% Premium Appreciation),-1134.25,-17.45
NIFTY,NIFTY SPOT,CE_SPREAD,2026-06-03 09:57:00,2026-06-03 14:21:00,0 days 04:24:00,88,23250.0 / 23350.0,65,50.1,6500.0,SL Hit (40% Premium Appreciation),-1332.5,-20.5
NIFTY,NIFTY SPOT,CE_SPREAD,2026-06-03 10:06:00,2026-06-04 15:24:00,1 days 05:18:00,231,23250.0 / 23350.0,65,51.25,6500.0,SL Hit (40% Premium Appreciation),-1339.0,-20.6
NIFTY,NIFTY SPOT,PE_SPREAD,2026-06-03 14:15:00,2026-06-05 13:27:00,1 days 23:12:00,234,23400.0 / 23300.0,65,36.6,6500.0,SL Hit (40% Premium Appreciation),-991.25,-15.25
NIFTY,NIFTY SPOT,PE_SPREAD,2026-06-03 14:30:00,2026-06-04 09:15:00,0 days 18:45:00,20,23400.0 / 23300.0,65,34.3,6500.0,SL Hit (40% Premium Appreciation),-903.5,-13.9
NIFTY,NIFTY SPOT,PE_SPREAD,2026-06-04 09:15:00,2026-06-08 09:15:00,4 days 00:00:00,250,23300.0 / 23200.0,65,38.55,6500.0,Time Stop (Max 3 Days Hit),-1657.5,-25.5
NIFTY,NIFTY SPOT,CE_SPREAD,2026-06-08 10:03:00,2026-06-08 15:27:00,0 days 05:24:00,108,23200.0 / 23300.0,65,41.1,6500.0,Monday Pre-Expiry Auto Square-Off,932.75,14.35
NIFTY,NIFTY SPOT,CE_SPREAD,2026-06-08 10:06:00,2026-06-08 15:27:00,0 days 05:21:00,107,23150.0 / 23250.0,65,52.0,6500.0,Monday Pre-Expiry Auto Square-Off,1069.25,16.45
NIFTY,NIFTY SPOT,CE_SPREAD,2026-06-08 10:09:00,2026-06-08 15:27:00,0 days 05:18:00,106,23200.0 / 23300.0,65,44.9,6500.0,Monday Pre-Expiry Auto Square-Off,1179.75,18.15
NIFTY,NIFTY SPOT,PE_SPREAD,2026-06-10 11:00:00,2026-06-10 15:12:00,0 days 04:12:00,84,23400.0 / 23300.0,65,43.65,6500.0,SL Hit (40% Premium Appreciation),-1163.5,-17.9
NIFTY,NIFTY SPOT,PE_SPREAD,2026-06-10 11:18:00,2026-06-10 15:12:00,0 days 03:54:00,78,23350.0 / 23250.0,65,40.5,6500.0,SL Hit (40% Premium Appreciation),-1072.5,-16.5
NIFTY,NIFTY SPOT,PE_SPREAD,2026-06-10 11:21:00,2026-06-10 15:12:00,0 days 03:51:00,77,23350.0 / 23250.0,65,39.65,6500.0,SL Hit (40% Premium Appreciation),-1127.75,-17.35
NIFTY,NIFTY SPOT,CE_SPREAD,2026-06-11 09:39:00,2026-06-11 11:45:00,0 days 02:06:00,42,23150.0 / 23250.0,65,43.0,6500.0,SL Hit (40% Premium Appreciation),-1124.5,-17.3
NIFTY,NIFTY SPOT,CE_SPREAD,2026-06-11 09:42:00,2026-06-12 09:15:00,0 days 23:33:00,116,23100.0 / 23200.0,65,50.45,6500.0,SL Hit (40% Premium Appreciation),-1989.0,-30.6
NIFTY,NIFTY SPOT,CE_SPREAD,2026-06-11 09:45:00,2026-06-11 12:30:00,0 days 02:45:00,55,23150.0 / 23250.0,65,45.25,6500.0,SL Hit (40% Premium Appreciation),-1316.25,-20.25
NIFTY,NIFTY SPOT,PE_SPREAD,2026-06-11 12:24:00,2026-06-11 15:06:00,0 days 02:42:00,54,23300.0 / 23200.0,65,43.15,6500.0,SL Hit (40% Premium Appreciation),-1127.75,-17.35
NIFTY,NIFTY SPOT,PE_SPREAD,2026-06-11 12:39:00,2026-06-11 15:03:00,0 days 02:24:00,48,23300.0 / 23200.0,65,42.15,6500.0,SL Hit (40% Premium Appreciation),-1105.0,-17.0
NIFTY,NIFTY SPOT,PE_SPREAD,2026-06-12 09:48:00,2026-06-12 14:42:00,0 days 04:54:00,98,23350.0 / 23250.0,65,38.25,6500.0,Target Hit (50% Premium Decay),1287.0,19.8
NIFTY,NIFTY SPOT,PE_SPREAD,2026-06-12 09:51:00,2026-06-12 14:42:00,0 days 04:51:00,97,23400.0 / 23300.0,65,44.85,6500.0,Target Hit (50% Premium Decay),1491.75,22.95
NIFTY,NIFTY SPOT,PE_SPREAD,2026-06-12 09:54:00,2026-06-12 14:27:00,0 days 04:33:00,91,23350.0 / 23250.0,65,40.45,6500.0,Target Hit (50% Premium Decay),1329.25,20.45
NIFTY,NIFTY SPOT,PE_SPREAD,2026-06-12 14:39:00,2026-06-15 09:15:00,2 days 18:36:00,17,23550.0 / 23450.0,65,39.75,6500.0,Target Hit (50% Premium Decay),2310.75,35.55
NIFTY,NIFTY SPOT,PE_SPREAD,2026-06-12 15:03:00,2026-06-15 09:15:00,2 days 18:12:00,9,23600.0 / 23500.0,65,33.8,6500.0,Target Hit (50% Premium Decay),1833.0,28.2
NIFTY,NIFTY SPOT,PE_SPREAD,2026-06-12 15:12:00,2026-06-15 09:15:00,2 days 18:03:00,6,23600.0 / 23500.0,65,37.15,6500.0,Target Hit (50% Premium Decay),2050.75,31.55
NIFTY,NIFTY SPOT,PE_SPREAD,2026-06-15 10:00:00,2026-06-15 15:27:00,0 days 05:27:00,109,23950.0 / 23850.0,65,43.3,6500.0,Monday Pre-Expiry Auto Square-Off,-890.5,-13.7
NIFTY,NIFTY SPOT,PE_SPREAD,2026-06-15 10:03:00,2026-06-15 15:27:00,0 days 05:24:00,108,23950.0 / 23850.0,65,44.75,6500.0,Monday Pre-Expiry Auto Square-Off,-796.25,-12.25
NIFTY,NIFTY SPOT,PE_SPREAD,2026-06-15 10:09:00,2026-06-15 15:27:00,0 days 05:18:00,106,23950.0 / 23850.0,65,47.45,6500.0,Monday Pre-Expiry Auto Square-Off,-620.75,-9.55
NIFTY,NIFTY SPOT,PE_SPREAD,2026-06-16 13:21:00,2026-06-18 13:09:00,1 days 23:48:00,246,23950.0 / 23850.0,65,44.2,6500.0,Target Hit (50% Premium Decay),1439.75,22.15
NIFTY,NIFTY SPOT,PE_SPREAD,2026-06-16 13:24:00,2026-06-18 13:12:00,1 days 23:48:00,246,23950.0 / 23850.0,65,43.8,6500.0,Target Hit (50% Premium Decay),1426.75,21.95
NIFTY,NIFTY SPOT,PE_SPREAD,2026-06-16 13:54:00,2026-06-18 13:12:00,1 days 23:18:00,236,23950.0 / 23850.0,65,43.75,6500.0,Target Hit (50% Premium Decay),1423.5,21.9
NIFTY,NIFTY SPOT,PE_SPREAD,2026-06-18 13:09:00,2026-06-19 09:24:00,0 days 20:15:00,50,24150.0 / 24050.0,65,47.0,6500.0,SL Hit (40% Premium Appreciation),-1238.25,-19.05
NIFTY,NIFTY SPOT,PE_SPREAD,2026-06-18 13:15:00,2026-06-19 10:48:00,0 days 21:33:00,76,24150.0 / 24050.0,65,48.45,6500.0,SL Hit (40% Premium Appreciation),-1296.75,-19.95
NIFTY,NIFTY SPOT,PE_SPREAD,2026-06-18 13:18:00,2026-06-19 09:18:00,0 days 20:00:00,45,24100.0 / 24000.0,65,41.3,6500.0,SL Hit (40% Premium Appreciation),-1134.25,-17.45
NIFTY,NIFTY SPOT,CE_SPREAD,2026-06-19 09:57:00,2026-06-22 09:15:00,2 days 23:18:00,111,24000.0 / 24100.0,65,42.75,6500.0,SL Hit (40% Premium Appreciation),-1420.25,-21.85
NIFTY,NIFTY SPOT,CE_SPREAD,2026-06-19 10:00:00,2026-06-22 09:15:00,2 days 23:15:00,110,24000.0 / 24100.0,65,40.25,6500.0,SL Hit (40% Premium Appreciation),-1582.75,-24.35
NIFTY,NIFTY SPOT,CE_SPREAD,2026-06-19 10:48:00,2026-06-22 09:15:00,2 days 22:27:00,94,23950.0 / 24050.0,65,45.1,6500.0,SL Hit (40% Premium Appreciation),-1898.0,-29.2
NIFTY,NIFTY SPOT,PE_SPREAD,2026-06-22 09:45:00,2026-06-22 15:27:00,0 days 05:42:00,114,24100.0 / 24000.0,65,37.3,6500.0,Monday Pre-Expiry Auto Square-Off,419.25,6.45
NIFTY,NIFTY SPOT,PE_SPREAD,2026-06-22 09:48:00,2026-06-22 15:27:00,0 days 05:39:00,113,24100.0 / 24000.0,65,35.1,6500.0,Monday Pre-Expiry Auto Square-Off,276.25,4.25
NIFTY,NIFTY SPOT,PE_SPREAD,2026-06-22 09:51:00,2026-06-22 15:27:00,0 days 05:36:00,112,24100.0 / 24000.0,65,34.05,6500.0,Monday Pre-Expiry Auto Square-Off,208.0,3.2
NIFTY,NIFTY SPOT,CE_SPREAD,2026-06-23 12:39:00,2026-06-25 09:18:00,1 days 20:39:00,183,23950.0 / 24050.0,65,50.05,6500.0,SL Hit (40% Premium Appreciation),-1326.0,-20.4
NIFTY,NIFTY SPOT,CE_SPREAD,2026-06-23 12:42:00,2026-06-25 09:18:00,1 days 20:36:00,182,23950.0 / 24050.0,65,49.15,6500.0,SL Hit (40% Premium Appreciation),-1384.5,-21.3
NIFTY,NIFTY SPOT,CE_SPREAD,2026-06-23 12:45:00,2026-06-25 09:15:00,1 days 20:30:00,180,23950.0 / 24050.0,65,48.35,6500.0,SL Hit (40% Premium Appreciation),-1264.25,-19.45
NIFTY,NIFTY SPOT,PE_SPREAD,2026-06-25 10:09:00,2026-06-25 14:42:00,0 days 04:33:00,91,24150.0 / 24050.0,65,36.5,6500.0,SL Hit (40% Premium Appreciation),-975.0,-15.0
NIFTY,NIFTY SPOT,PE_SPREAD,2026-06-25 10:12:00,2026-06-25 14:21:00,0 days 04:09:00,83,24150.0 / 24050.0,65,32.9,6500.0,SL Hit (40% Premium Appreciation),-981.5,-15.1
NIFTY,NIFTY SPOT,PE_SPREAD,2026-06-25 10:15:00,2026-06-29 09:15:00,3 days 23:00:00,105,24200.0 / 24100.0,65,43.0,6500.0,Time Stop (Max 3 Days Hit),-1023.75,-15.75
NIFTY,NIFTY SPOT,CE_SPREAD,2026-06-29 11:18:00,2026-06-29 12:30:00,0 days 01:12:00,24,24100.0 / 24200.0,65,38.45,6500.0,Target Hit (50% Premium Decay),1355.25,20.85
NIFTY,NIFTY SPOT,CE_SPREAD,2026-06-29 11:21:00,2026-06-29 12:30:00,0 days 01:09:00,23,24050.0 / 24150.0,65,49.25,6500.0,Target Hit (50% Premium Decay),1618.5,24.9
NIFTY,NIFTY SPOT,CE_SPREAD,2026-06-29 11:24:00,2026-06-29 12:30:00,0 days 01:06:00,22,24100.0 / 24200.0,65,36.85,6500.0,Target Hit (50% Premium Decay),1251.25,19.25
NIFTY,NIFTY SPOT,CE_SPREAD,2026-06-29 12:48:00,2026-06-29 15:27:00,0 days 02:39:00,53,23950.0 / 24050.0,65,40.75,6500.0,Monday Pre-Expiry Auto Square-Off,-136.5,-2.1
NIFTY,NIFTY SPOT,CE_SPREAD,2026-06-29 12:51:00,2026-06-29 15:27:00,0 days 02:36:00,52,23950.0 / 24050.0,65,41.65,6500.0,Monday Pre-Expiry Auto Square-Off,-78.0,-1.2
NIFTY,NIFTY SPOT,CE_SPREAD,2026-06-29 12:54:00,2026-06-29 15:27:00,0 days 02:33:00,51,23950.0 / 24050.0,65,44.2,6500.0,Monday Pre-Expiry Auto Square-Off,87.75,1.35
NIFTY,NIFTY SPOT,CE_SPREAD,2026-06-30 09:18:00,2026-07-02 09:21:00,2 days 00:03:00,251,23950.0 / 24050.0,65,48.4,6500.0,SL Hit (40% Premium Appreciation),-1404.0,-21.6
NIFTY,NIFTY SPOT,CE_SPREAD,2026-06-30 09:21:00,2026-07-02 09:15:00,1 days 23:54:00,248,23950.0 / 24050.0,65,45.5,6500.0,SL Hit (40% Premium Appreciation),-1264.25,-19.45
NIFTY,NIFTY SPOT,CE_SPREAD,2026-06-30 09:57:00,2026-07-02 09:15:00,1 days 23:18:00,236,23900.0 / 24000.0,65,47.75,6500.0,SL Hit (40% Premium Appreciation),-1482.0,-22.8
NIFTY,NIFTY SPOT,PE_SPREAD,2026-07-02 14:57:00,2026-07-03 09:24:00,0 days 18:27:00,14,24200.0 / 24100.0,65,38.35,6500.0,Target Hit (50% Premium Decay),1267.5,19.5
NIFTY,NIFTY SPOT,PE_SPREAD,2026-07-02 15:00:00,2026-07-03 09:24:00,0 days 18:24:00,13,24200.0 / 24100.0,65,40.2,6500.0,Target Hit (50% Premium Decay),1387.75,21.35
NIFTY,NIFTY SPOT,PE_SPREAD,2026-07-02 15:03:00,2026-07-03 09:24:00,0 days 18:21:00,12,24200.0 / 24100.0,65,39.8,6500.0,Target Hit (50% Premium Decay),1361.75,20.95
NIFTY,NIFTY SPOT,PE_SPREAD,2026-07-03 09:51:00,2026-07-06 09:54:00,3 days 00:03:00,126,24350.0 / 24250.0,65,40.25,6500.0,Time Stop (Max 3 Days Hit),601.25,9.25
NIFTY,NIFTY SPOT,PE_SPREAD,2026-07-03 09:54:00,2026-07-06 09:57:00,3 days 00:03:00,126,24350.0 / 24250.0,65,40.0,6500.0,Time Stop (Max 3 Days Hit),650.0,10.0
NIFTY,NIFTY SPOT,PE_SPREAD,2026-07-03 09:57:00,2026-07-06 10:00:00,3 days 00:03:00,126,24350.0 / 24250.0,65,40.45,6500.0,Time Stop (Max 3 Days Hit),620.75,9.55
NIFTY,NIFTY SPOT,PE_SPREAD,2026-07-06 10:09:00,2026-07-06 15:27:00,0 days 05:18:00,106,24400.0 / 24300.0,65,42.15,6500.0,Monday Pre-Expiry Auto Square-Off,936.0,14.4
NIFTY,NIFTY SPOT,PE_SPREAD,2026-07-06 10:12:00,2026-07-06 15:27:00,0 days 05:15:00,105,24400.0 / 24300.0,65,43.0,6500.0,Monday Pre-Expiry Auto Square-Off,991.25,15.25
NIFTY,NIFTY SPOT,PE_SPREAD,2026-07-06 10:15:00,2026-07-06 15:27:00,0 days 05:12:00,104,24350.0 / 24250.0,65,30.7,6500.0,Monday Pre-Expiry Auto Square-Off,851.5,13.1
NIFTY,NIFTY SPOT,PE_SPREAD,2026-07-07 09:18:00,2026-07-07 15:27:00,0 days 06:09:00,123,24450.0 / 24350.0,65,38.2,6500.0,SL Hit (40% Premium Appreciation),-1228.5,-18.9
NIFTY,NIFTY SPOT,PE_SPREAD,2026-07-07 09:24:00,2026-07-08 09:15:00,0 days 23:51:00,122,24450.0 / 24350.0,65,42.0,6500.0,SL Hit (40% Premium Appreciation),-1394.25,-21.45
NIFTY,NIFTY SPOT,PE_SPREAD,2026-07-07 09:27:00,2026-07-07 15:27:00,0 days 06:00:00,120,24450.0 / 24350.0,65,39.6,6500.0,SL Hit (40% Premium Appreciation),-1137.5,-17.5
NIFTY,NIFTY SPOT,CE_SPREAD,2026-07-08 09:51:00,2026-07-08 14:03:00,0 days 04:12:00,84,24250.0 / 24350.0,65,44.25,6500.0,Target Hit (50% Premium Decay),1501.5,23.1
NIFTY,NIFTY SPOT,CE_SPREAD,2026-07-08 09:54:00,2026-07-08 14:03:00,0 days 04:09:00,83,24250.0 / 24350.0,65,43.6,6500.0,Target Hit (50% Premium Decay),1459.25,22.45
NIFTY,NIFTY SPOT,CE_SPREAD,2026-07-08 09:57:00,2026-07-08 14:03:00,0 days 04:06:00,82,24250.0 / 24350.0,65,43.2,6500.0,Target Hit (50% Premium Decay),1433.25,22.05
NIFTY,NIFTY SPOT,CE_SPREAD,2026-07-08 15:03:00,2026-07-09 09:45:00,0 days 18:42:00,19,23900.0 / 24000.0,65,44.7,6500.0,SL Hit (40% Premium Appreciation),-1238.25,-19.05
NIFTY,NIFTY SPOT,CE_SPREAD,2026-07-08 15:06:00,2026-07-09 09:45:00,0 days 18:39:00,18,23850.0 / 23950.0,65,49.3,6500.0,SL Hit (40% Premium Appreciation),-1319.5,-20.3
NIFTY,NIFTY SPOT,CE_SPREAD,2026-07-08 15:09:00,2026-07-09 10:06:00,0 days 18:57:00,24,23850.0 / 23950.0,65,50.45,6500.0,SL Hit (40% Premium Appreciation),-1342.25,-20.65
NIFTY,NIFTY SPOT,CE_SPREAD,2026-07-09 12:36:00,2026-07-10 09:39:00,0 days 21:03:00,66,24050.0 / 24150.0,65,46.7,6500.0,SL Hit (40% Premium Appreciation),-1309.75,-20.15
NIFTY,NIFTY SPOT,CE_SPREAD,2026-07-09 12:39:00,2026-07-10 09:15:00,0 days 20:36:00,57,24050.0 / 24150.0,65,43.65,6500.0,SL Hit (40% Premium Appreciation),-1303.25,-20.05
NIFTY,NIFTY SPOT,CE_SPREAD,2026-07-09 13:24:00,2026-07-10 09:15:00,0 days 19:51:00,42,24050.0 / 24150.0,65,45.4,6500.0,SL Hit (40% Premium Appreciation),-1189.5,-18.3
NIFTY,NIFTY SPOT,PE_SPREAD,2026-07-10 10:12:00,2026-07-13 09:15:00,2 days 23:03:00,106,24200.0 / 24100.0,65,39.15,6500.0,SL Hit (40% Premium Appreciation),-2093.0,-32.2
NIFTY,NIFTY SPOT,PE_SPREAD,2026-07-10 10:24:00,2026-07-13 09:15:00,2 days 22:51:00,102,24200.0 / 24100.0,65,39.2,6500.0,SL Hit (40% Premium Appreciation),-2089.75,-32.15
NIFTY,NIFTY SPOT,PE_SPREAD,2026-07-10 10:27:00,2026-07-13 09:15:00,2 days 22:48:00,101,24200.0 / 24100.0,65,41.1,6500.0,SL Hit (40% Premium Appreciation),-1966.25,-30.25
NIFTY,NIFTY SPOT,CE_SPREAD,2026-07-14 10:03:00,2026-07-17 10:06:00,3 days 00:03:00,376,24100.0 / 24200.0,65,45.55,6500.0,Time Stop (Max 3 Days Hit),-906.75,-13.95
NIFTY,NIFTY SPOT,CE_SPREAD,2026-07-14 10:06:00,2026-07-17 10:09:00,3 days 00:03:00,376,24100.0 / 24200.0,65,46.75,6500.0,Time Stop (Max 3 Days Hit),-845.0,-13.0
NIFTY,NIFTY SPOT,CE_SPREAD,2026-07-14 10:09:00,2026-07-17 10:12:00,3 days 00:03:00,376,24100.0 / 24200.0,65,45.8,6500.0,Time Stop (Max 3 Days Hit),-952.25,-14.65
NIFTY,NIFTY SPOT,PE_SPREAD,2026-07-17 10:06:00,2026-07-20 10:09:00,3 days 00:03:00,126,24200.0 / 24100.0,65,41.45,6500.0,Time Stop (Max 3 Days Hit),-6.5,-0.1
NIFTY,NIFTY SPOT,PE_SPREAD,2026-07-17 10:09:00,2026-07-20 10:12:00,3 days 00:03:00,126,24250.0 / 24150.0,65,47.1,6500.0,Time Stop (Max 3 Days Hit),-338.0,-5.2
NIFTY,NIFTY SPOT,PE_SPREAD,2026-07-17 10:39:00,2026-07-20 09:39:00,2 days 23:00:00,105,24250.0 / 24150.0,65,41.85,6500.0,SL Hit (40% Premium Appreciation),-1124.5,-17.3
NIFTY,NIFTY SPOT,CE_SPREAD,2026-07-21 11:18:00,2026-07-22 12:30:00,1 days 01:12:00,149,24200.0 / 24300.0,65,44.45,6500.0,Target Hit (50% Premium Decay),1446.25,22.25
NIFTY,NIFTY SPOT,CE_SPREAD,2026-07-21 11:21:00,2026-07-23 09:15:00,1 days 21:54:00,208,24200.0 / 24300.0,65,43.5,6500.0,Target Hit (50% Premium Decay),1842.75,28.35
NIFTY,NIFTY SPOT,CE_SPREAD,2026-07-21 11:24:00,2026-07-22 14:27:00,1 days 03:03:00,186,24200.0 / 24300.0,65,44.2,6500.0,Target Hit (50% Premium Decay),1443.0,22.2
NIFTY,NIFTY SPOT,CE_SPREAD,2026-07-22 14:18:00,2026-07-24 09:15:00,1 days 18:57:00,149,24000.0 / 24100.0,65,42.45,6500.0,Target Hit (50% Premium Decay),1758.25,27.05
NIFTY,NIFTY SPOT,CE_SPREAD,2026-07-22 14:27:00,2026-07-24 09:15:00,1 days 18:48:00,146,24000.0 / 24100.0,65,41.4,6500.0,Target Hit (50% Premium Decay),1690.0,26.0
NIFTY,NIFTY SPOT,CE_SPREAD,2026-07-23 12:03:00,2026-07-24 09:15:00,0 days 21:12:00,69,23950.0 / 24050.0,65,42.6,6500.0,Target Hit (50% Premium Decay),1517.75,23.35
NIFTY,NIFTY SPOT,CE_SPREAD,2026-07-24 10:30:00,2026-07-24 12:42:00,0 days 02:12:00,44,23600.0 / 23700.0,65,51.85,6500.0,SL Hit (40% Premium Appreciation),-1394.25,-21.45
NIFTY,NIFTY SPOT,CE_SPREAD,2026-07-24 10:33:00,2026-07-24 12:42:00,0 days 02:09:00,43,23600.0 / 23700.0,65,52.15,6500.0,SL Hit (40% Premium Appreciation),-1374.75,-21.15
NIFTY,NIFTY SPOT,CE_SPREAD,2026-07-24 10:36:00,2026-07-24 12:48:00,0 days 02:12:00,44,23600.0 / 23700.0,65,53.5,6500.0,SL Hit (40% Premium Appreciation),-1400.75,-21.55
NIFTY,NIFTY SPOT,PE_SPREAD,2026-07-27 09:57:00,2026-07-27 14:24:00,0 days 04:27:00,89,23900.0 / 23800.0,65,28.35,6500.0,Target Hit (50% Premium Decay),988.0,15.2
NIFTY,NIFTY SPOT,PE_SPREAD,2026-07-27 10:00:00,2026-07-27 15:15:00,0 days 05:15:00,105,23950.0 / 23850.0,65,38.55,6500.0,Target Hit (50% Premium Decay),1303.25,20.05
NIFTY,NIFTY SPOT,PE_SPREAD,2026-07-27 10:03:00,2026-07-27 15:00:00,0 days 04:57:00,99,23950.0 / 23850.0,65,40.6,6500.0,Target Hit (50% Premium Decay),1348.75,20.75
NIFTY,NIFTY SPOT,PE_SPREAD,2026-07-27 14:39:00,2026-07-27 15:27:00,0 days 00:48:00,16,24000.0 / 23900.0,65,31.25,6500.0,Monday Pre-Expiry Auto Square-Off,442.0,6.8
NIFTY,NIFTY SPOT,PE_SPREAD,2026-07-27 15:18:00,2026-07-27 15:27:00,0 days 00:09:00,3,24000.0 / 23900.0,65,27.75,6500.0,Monday Pre-Expiry Auto Square-Off,214.5,3.3
NIFTY,NIFTY SPOT,PE_SPREAD,2026-07-27 15:21:00,2026-07-27 15:27:00,0 days 00:06:00,2,24000.0 / 23900.0,65,25.6,6500.0,Monday Pre-Expiry Auto Square-Off,74.75,1.15
NIFTY,NIFTY SPOT,PE_SPREAD,2026-07-27 15:27:00,2026-07-28 10:00:00,0 days 18:33:00,16,24000.0 / 23900.0,65,24.45,6500.0,SL Hit (40% Premium Appreciation),-640.25,-9.85
NIFTY,NIFTY SPOT,PE_SPREAD,2026-07-28 09:15:00,2026-07-29 10:06:00,1 days 00:51:00,142,23950.0 / 23850.0,65,32.9,6500.0,Target Hit (50% Premium Decay),1095.25,16.85
NIFTY,NIFTY SPOT,PE_SPREAD,2026-07-28 09:18:00,2026-07-29 14:09:00,1 days 04:51:00,222,24050.0 / 23950.0,65,40.3,6500.0,Target Hit (50% Premium Decay),1313.0,20.2
NIFTY,NIFTY SPOT,PE_SPREAD,2026-07-28 10:00:00,2026-07-29 09:15:00,0 days 23:15:00,110,24000.0 / 23900.0,65,42.2,6500.0,Target Hit (50% Premium Decay),1433.25,22.05
NIFTY,NIFTY SPOT,PE_SPREAD,2026-07-29 10:00:00,2026-07-31 09:15:00,1 days 23:15:00,235,24200.0 / 24100.0,65,40.3,6500.0,Target Hit (50% Premium Decay),1449.5,22.3
NIFTY,NIFTY SPOT,PE_SPREAD,2026-07-29 10:33:00,2026-07-31 11:18:00,2 days 00:45:00,265,24250.0 / 24150.0,65,43.6,6500.0,Target Hit (50% Premium Decay),1475.5,22.7
NIFTY,NIFTY SPOT,PE_SPREAD,2026-07-29 14:18:00,2026-07-31 12:12:00,1 days 21:54:00,208,24250.0 / 24150.0,65,38.8,6500.0,Target Hit (50% Premium Decay),1300.0,20.0
NIFTY,NIFTY SPOT,PE_SPREAD,2026-07-31 10:51:00,2026-08-03 09:15:00,2 days 22:24:00,93,24350.0 / 24250.0,65,38.7,6500.0,Target Hit (50% Premium Decay),2086.5,32.1
NIFTY,NIFTY SPOT,PE_SPREAD,2026-07-31 11:36:00,2026-08-03 09:15:00,2 days 21:39:00,78,24350.0 / 24250.0,65,36.1,6500.0,Target Hit (50% Premium Decay),1917.5,29.5
NIFTY,NIFTY SPOT,PE_SPREAD,2026-07-31 12:15:00,2026-08-03 09:15:00,2 days 21:00:00,65,24400.0 / 24300.0,65,42.0,6500.0,Target Hit (50% Premium Decay),2060.5,31.7
NIFTY,NIFTY SPOT,PE_SPREAD,2026-08-03 10:27:00,2026-08-03 15:15:00,0 days 04:48:00,96,24600.0 / 24500.0,65,39.25,6500.0,15m Spot Close < ATR Trailing SL,-104.0,-1.6
NIFTY,NIFTY SPOT,PE_SPREAD,2026-08-03 10:33:00,2026-08-03 15:15:00,0 days 04:42:00,94,24550.0 / 24450.0,65,29.8,6500.0,15m Spot Close < ATR Trailing SL,130.0,2.0
NIFTY,NIFTY SPOT,PE_SPREAD,2026-08-03 10:36:00,2026-08-03 15:15:00,0 days 04:39:00,93,24550.0 / 24450.0,65,27.85,6500.0,15m Spot Close < ATR Trailing SL,3.25,0.05
NIFTY,NIFTY SPOT,PE_SPREAD,2026-08-04 09:15:00,2026-08-04 15:15:00,0 days 06:00:00,120,24700.0 / 24600.0,65,52.45,6500.0,15m Spot Close < ATR Trailing SL,-721.5,-11.1
NIFTY,NIFTY SPOT,CE_SPREAD,2026-08-04 13:03:00,2026-08-05 09:15:00,0 days 20:12:00,49,24500.0 / 24600.0,65,46.05,6500.0,SL Hit (40% Premium Appreciation),-1300.0,-20.0
NIFTY,NIFTY SPOT,CE_SPREAD,2026-08-04 13:06:00,2026-08-05 09:15:00,0 days 20:09:00,48,24500.0 / 24600.0,65,46.39,6500.0,SL Hit (40% Premium Appreciation),-1277.9,-19.66
NIFTY,NIFTY SPOT,PE_SPREAD,2026-08-05 09:54:00,2026-08-10 09:15:00,4 days 23:21:00,362,24600.0 / 24500.0,65,39.6,6500.0,Time Stop (Max 3 Days Hit),-94.25,-1.45
NIFTY,NIFTY SPOT,PE_SPREAD,2026-08-05 09:57:00,2026-08-10 09:15:00,4 days 23:18:00,361,24600.0 / 24500.0,65,38.45,6500.0,Time Stop (Max 3 Days Hit),-169.0,-2.6
NIFTY,NIFTY SPOT,PE_SPREAD,2026-08-05 10:00:00,2026-08-05 12:48:00,0 days 02:48:00,56,24600.0 / 24500.0,65,35.35,6500.0,SL Hit (40% Premium Appreciation),-926.25,-14.25
NIFTY,NIFTY SPOT,CE_SPREAD,2026-08-05 13:06:00,2026-08-10 09:15:00,4 days 20:09:00,298,24500.0 / 24600.0,65,51.85,6500.0,Time Stop (Max 3 Days Hit),-474.5,-7.3
NIFTY,NIFTY SPOT,CE_SPREAD,2026-08-10 09:33:00,2026-08-10 15:27:00,0 days 05:54:00,118,24550.0 / 24650.0,65,42.55,6500.0,Monday Pre-Expiry Auto Square-Off,-666.25,-10.25
NIFTY,NIFTY SPOT,PE_SPREAD,2026-08-10 10:54:00,2026-08-10 15:27:00,0 days 04:33:00,91,24600.0 / 24500.0,65,37.7,6500.0,Monday Pre-Expiry Auto Square-Off,100.75,1.55
NIFTY,NIFTY SPOT,PE_SPREAD,2026-08-10 10:57:00,2026-08-10 15:27:00,0 days 04:30:00,90,24600.0 / 24500.0,65,37.25,6500.0,Monday Pre-Expiry Auto Square-Off,71.5,1.1
NIFTY,NIFTY SPOT,CE_SPREAD,2026-08-11 10:00:00,2026-08-13 11:09:00,2 days 01:09:00,273,24500.0 / 24600.0,65,48.5,6500.0,Target Hit (50% Premium Decay),1579.5,24.3
NIFTY,NIFTY SPOT,CE_SPREAD,2026-08-11 10:03:00,2026-08-13 11:09:00,2 days 01:06:00,272,24500.0 / 24600.0,65,49.05,6500.0,Target Hit (50% Premium Decay),1615.25,24.85
NIFTY,NIFTY SPOT,CE_SPREAD,2026-08-11 10:06:00,2026-08-13 11:12:00,2 days 01:06:00,272,24500.0 / 24600.0,65,48.25,6500.0,Target Hit (50% Premium Decay),1569.75,24.15
NIFTY,NIFTY SPOT,CE_SPREAD,2026-08-13 11:12:00,2026-08-17 09:15:00,3 days 22:03:00,211,24350.0 / 24450.0,65,45.35,6500.0,Time Stop (Max 3 Days Hit),1140.75,17.55
NIFTY,NIFTY SPOT,CE_SPREAD,2026-08-13 11:21:00,2026-08-17 09:15:00,3 days 21:54:00,208,24350.0 / 24450.0,65,46.4,6500.0,Time Stop (Max 3 Days Hit),1209.0,18.6
NIFTY,NIFTY SPOT,CE_SPREAD,2026-08-13 11:24:00,2026-08-17 09:15:00,3 days 21:51:00,207,24350.0 / 24450.0,65,47.15,6500.0,Time Stop (Max 3 Days Hit),1257.75,19.35
NIFTY,NIFTY SPOT,CE_SPREAD,2026-08-17 11:00:00,2026-08-17 12:45:00,0 days 01:45:00,35,24250.0 / 24350.0,65,40.35,6500.0,SL Hit (40% Premium Appreciation),-1608.75,-24.75
NIFTY,NIFTY SPOT,CE_SPREAD,2026-08-17 11:06:00,2026-08-17 12:45:00,0 days 01:39:00,33,24250.0 / 24350.0,65,41.7,6500.0,SL Hit (40% Premium Appreciation),-1521.0,-23.4
NIFTY,NIFTY SPOT,CE_SPREAD,2026-08-17 11:12:00,2026-08-17 12:45:00,0 days 01:33:00,31,24250.0 / 24350.0,65,41.05,6500.0,SL Hit (40% Premium Appreciation),-1563.25,-24.05
NIFTY,NIFTY SPOT,CE_SPREAD,2026-08-18 09:54:00,2026-08-18 11:27:00,0 days 01:33:00,31,24250.0 / 24350.0,65,21.75,6500.0,Target Hit (50% Premium Decay),715.0,11.0
NIFTY,NIFTY SPOT,CE_SPREAD,2026-08-18 09:57:00,2026-08-18 11:27:00,0 days 01:30:00,30,24250.0 / 24350.0,65,21.95,6500.0,Target Hit (50% Premium Decay),728.0,11.2
NIFTY,NIFTY SPOT,CE_SPREAD,2026-08-18 10:03:00,2026-08-18 14:24:00,0 days 04:21:00,87,24200.0 / 24300.0,65,40.55,6500.0,Target Hit (50% Premium Decay),1381.25,21.25
NIFTY,NIFTY SPOT,CE_SPREAD,2026-08-18 11:36:00,2026-08-18 15:18:00,0 days 03:42:00,74,24200.0 / 24300.0,65,29.4,6500.0,Target Hit (50% Premium Decay),984.75,15.15
NIFTY,NIFTY SPOT,CE_SPREAD,2026-08-18 11:39:00,2026-08-18 15:00:00,0 days 03:21:00,67,24200.0 / 24300.0,65,28.15,6500.0,SL Hit (40% Premium Appreciation),-789.75,-12.15
NIFTY,NIFTY SPOT,CE_SPREAD,2026-08-18 15:06:00,2026-08-18 15:21:00,0 days 00:15:00,5,24200.0 / 24300.0,65,27.85,6500.0,Target Hit (50% Premium Decay),1192.75,18.35
NIFTY,NIFTY SPOT,CE_SPREAD,2026-08-18 15:09:00,2026-08-18 15:12:00,0 days 00:03:00,1,24200.0 / 24300.0,65,32.35,6500.0,Target Hit (50% Premium Decay),1059.5,16.3
NIFTY,NIFTY SPOT,CE_SPREAD,2026-08-18 15:15:00,2026-08-18 15:24:00,0 days 00:09:00,3,24150.0 / 24250.0,65,47.65,6500.0,Target Hit (50% Premium Decay),2063.75,31.75
