Symbol,Type,Entry Time,Exit Time,Duration,Bars in Trade,Strike Pair,Lot Size,Net Credit (₹),Capital Employed (₹),Exit Reason,PnL (₹),PnL (%)
NIFTY,PE_SPREAD,2026-07-17 10:00:00,2026-07-21 12:57:00,4 days 02:57:00,309,24250.0 / 24150.0,1,48.85,100.0,SL Hit (50% Premium Appreciation),-26.8,-26.8
NIFTY,PE_SPREAD,2026-07-17 10:06:00,2026-07-21 09:18:00,3 days 23:12:00,234,24200.0 / 24100.0,1,41.45,100.0,Target Hit (50% Premium Decay),21.8,21.8
NIFTY,PE_SPREAD,2026-07-17 10:09:00,2026-07-21 12:57:00,4 days 02:48:00,306,24250.0 / 24150.0,1,47.1,100.0,SL Hit (50% Premium Appreciation),-28.55,-28.55
NIFTY,PE_SPREAD,2026-07-17 10:42:00,2026-07-20 12:45:00,3 days 02:03:00,166,24250.0 / 24150.0,1,43.3,100.0,SL Hit (50% Premium Appreciation),-22.55,-22.55
NIFTY,PE_SPREAD,2026-07-17 10:54:00,2026-07-20 12:45:00,3 days 01:51:00,162,24250.0 / 24150.0,1,43.6,100.0,SL Hit (50% Premium Appreciation),-22.25,-22.25
NIFTY,PE_SPREAD,2026-07-17 11:06:00,2026-07-21 12:51:00,4 days 01:45:00,285,24250.0 / 24150.0,1,45.7,100.0,SL Hit (50% Premium Appreciation),-23.8,-23.8
NIFTY,PE_SPREAD,2026-07-17 11:12:00,2026-07-21 12:51:00,4 days 01:39:00,283,24250.0 / 24150.0,1,46.1,100.0,SL Hit (50% Premium Appreciation),-23.4,-23.4
NIFTY,PE_SPREAD,2026-07-17 11:18:00,2026-07-21 12:57:00,4 days 01:39:00,283,24250.0 / 24150.0,1,47.05,100.0,SL Hit (50% Premium Appreciation),-28.6,-28.6
NIFTY,PE_SPREAD,2026-07-17 11:21:00,2026-07-21 12:57:00,4 days 01:36:00,282,24250.0 / 24150.0,1,46.6,100.0,SL Hit (50% Premium Appreciation),-29.05,-29.05
NIFTY,PE_SPREAD,2026-07-17 11:27:00,2026-07-21 12:51:00,4 days 01:24:00,278,24250.0 / 24150.0,1,46.2,100.0,SL Hit (50% Premium Appreciation),-23.3,-23.3
NIFTY,PE_SPREAD,2026-07-17 11:30:00,2026-07-21 12:51:00,4 days 01:21:00,277,24250.0 / 24150.0,1,45.85,100.0,SL Hit (50% Premium Appreciation),-23.65,-23.65
NIFTY,PE_SPREAD,2026-07-17 11:36:00,2026-07-21 12:51:00,4 days 01:15:00,275,24250.0 / 24150.0,1,45.05,100.0,SL Hit (50% Premium Appreciation),-24.45,-24.45
NIFTY,PE_SPREAD,2026-07-17 11:42:00,2026-07-20 12:45:00,3 days 01:03:00,146,24250.0 / 24150.0,1,43.0,100.0,SL Hit (50% Premium Appreciation),-22.85,-22.85
NIFTY,PE_SPREAD,2026-07-17 12:06:00,2026-07-20 12:45:00,3 days 00:39:00,138,24250.0 / 24150.0,1,43.05,100.0,SL Hit (50% Premium Appreciation),-22.8,-22.8
NIFTY,PE_SPREAD,2026-07-17 12:12:00,2026-07-20 12:45:00,3 days 00:33:00,136,24250.0 / 24150.0,1,42.35,100.0,SL Hit (50% Premium Appreciation),-23.5,-23.5
NIFTY,PE_SPREAD,2026-07-17 12:15:00,2026-07-21 10:36:00,3 days 22:21:00,217,24300.0 / 24200.0,1,49.65,100.0,SL Hit (50% Premium Appreciation),-27.95,-27.95
NIFTY,PE_SPREAD,2026-07-17 12:21:00,2026-07-20 12:45:00,3 days 00:24:00,133,24300.0 / 24200.0,1,47.95,100.0,SL Hit (50% Premium Appreciation),-26.45,-26.45
NIFTY,PE_SPREAD,2026-07-17 12:36:00,2026-07-20 12:45:00,3 days 00:09:00,128,24300.0 / 24200.0,1,48.55,100.0,SL Hit (50% Premium Appreciation),-25.85,-25.85
NIFTY,PE_SPREAD,2026-07-17 12:45:00,2026-07-20 12:45:00,3 days 00:00:00,125,24300.0 / 24200.0,1,47.7,100.0,SL Hit (50% Premium Appreciation),-26.7,-26.7
NIFTY,PE_SPREAD,2026-07-17 12:48:00,2026-07-20 12:45:00,2 days 23:57:00,124,24300.0 / 24200.0,1,47.85,100.0,SL Hit (50% Premium Appreciation),-26.55,-26.55
NIFTY,PE_SPREAD,2026-07-17 12:57:00,2026-07-20 12:45:00,2 days 23:48:00,121,24300.0 / 24200.0,1,48.2,100.0,SL Hit (50% Premium Appreciation),-26.2,-26.2
NIFTY,PE_SPREAD,2026-07-17 13:00:00,2026-07-20 12:45:00,2 days 23:45:00,120,24300.0 / 24200.0,1,48.7,100.0,SL Hit (50% Premium Appreciation),-25.7,-25.7
NIFTY,PE_SPREAD,2026-07-17 13:06:00,2026-07-20 12:45:00,2 days 23:39:00,118,24300.0 / 24200.0,1,48.8,100.0,SL Hit (50% Premium Appreciation),-25.6,-25.6
NIFTY,PE_SPREAD,2026-07-17 13:15:00,2026-07-20 12:45:00,2 days 23:30:00,115,24300.0 / 24200.0,1,49.3,100.0,SL Hit (50% Premium Appreciation),-25.1,-25.1
NIFTY,PE_SPREAD,2026-07-17 13:21:00,2026-07-21 10:36:00,3 days 21:15:00,195,24300.0 / 24200.0,1,49.65,100.0,SL Hit (50% Premium Appreciation),-27.95,-27.95
NIFTY,PE_SPREAD,2026-07-17 13:30:00,2026-07-21 12:51:00,3 days 23:21:00,237,24250.0 / 24150.0,1,44.5,100.0,SL Hit (50% Premium Appreciation),-25.0,-25.0
NIFTY,PE_SPREAD,2026-07-17 13:36:00,2026-07-21 12:51:00,3 days 23:15:00,235,24250.0 / 24150.0,1,44.85,100.0,SL Hit (50% Premium Appreciation),-24.65,-24.65
NIFTY,PE_SPREAD,2026-07-17 13:54:00,2026-07-21 12:57:00,3 days 23:03:00,231,24250.0 / 24150.0,1,48.65,100.0,SL Hit (50% Premium Appreciation),-27.0,-27.0
NIFTY,PE_SPREAD,2026-07-17 13:57:00,2026-07-21 12:51:00,3 days 22:54:00,228,24250.0 / 24150.0,1,45.1,100.0,SL Hit (50% Premium Appreciation),-24.4,-24.4
NIFTY,PE_SPREAD,2026-07-17 14:00:00,2026-07-21 12:57:00,3 days 22:57:00,229,24250.0 / 24150.0,1,46.6,100.0,SL Hit (50% Premium Appreciation),-29.05,-29.05
NIFTY,PE_SPREAD,2026-07-17 14:06:00,2026-07-21 12:57:00,3 days 22:51:00,227,24250.0 / 24150.0,1,46.7,100.0,SL Hit (50% Premium Appreciation),-28.95,-28.95
NIFTY,PE_SPREAD,2026-07-17 14:12:00,2026-07-20 12:42:00,2 days 22:30:00,95,24250.0 / 24150.0,1,40.75,100.0,SL Hit (50% Premium Appreciation),-20.6,-20.6
NIFTY,PE_SPREAD,2026-07-17 14:33:00,2026-07-20 09:36:00,2 days 19:03:00,26,24300.0 / 24200.0,1,44.0,100.0,SL Hit (50% Premium Appreciation),-22.75,-22.75
NIFTY,PE_SPREAD,2026-07-17 14:39:00,2026-07-20 09:27:00,2 days 18:48:00,21,24300.0 / 24200.0,1,41.85,100.0,SL Hit (50% Premium Appreciation),-21.05,-21.05
NIFTY,PE_SPREAD,2026-07-17 14:42:00,2026-07-20 09:27:00,2 days 18:45:00,20,24300.0 / 24200.0,1,40.95,100.0,SL Hit (50% Premium Appreciation),-21.95,-21.95
NIFTY,PE_SPREAD,2026-07-17 15:03:00,2026-07-20 09:18:00,2 days 18:15:00,10,24300.0 / 24200.0,1,40.3,100.0,SL Hit (50% Premium Appreciation),-20.8,-20.8
NIFTY,PE_SPREAD,2026-07-17 15:06:00,2026-07-20 09:27:00,2 days 18:21:00,12,24350.0 / 24250.0,1,46.7,100.0,SL Hit (50% Premium Appreciation),-23.85,-23.85
NIFTY,PE_SPREAD,2026-07-17 15:21:00,2026-07-20 09:18:00,2 days 17:57:00,4,24350.0 / 24250.0,1,44.95,100.0,SL Hit (50% Premium Appreciation),-24.0,-24.0
NIFTY,PE_SPREAD,2026-07-17 15:24:00,2026-07-20 09:18:00,2 days 17:54:00,3,24350.0 / 24250.0,1,44.0,100.0,SL Hit (50% Premium Appreciation),-24.95,-24.95
NIFTY,PE_SPREAD,2026-07-20 09:18:00,2026-07-21 13:03:00,1 days 03:45:00,200,24250.0 / 24150.0,1,52.1,100.0,SL Hit (50% Premium Appreciation),-26.15,-26.15
NIFTY,PE_SPREAD,2026-07-20 09:27:00,2026-07-21 09:18:00,0 days 23:51:00,122,24200.0 / 24100.0,1,45.25,100.0,Target Hit (50% Premium Decay),25.6,25.6
NIFTY,PE_SPREAD,2026-07-20 09:36:00,2026-07-20 14:03:00,0 days 04:27:00,89,24200.0 / 24100.0,1,48.65,100.0,Target Hit (50% Premium Decay),24.45,24.45
NIFTY,PE_SPREAD,2026-07-20 09:45:00,2026-07-20 13:45:00,0 days 04:00:00,80,24150.0 / 24050.0,1,41.7,100.0,Target Hit (50% Premium Decay),22.5,22.5
NIFTY,CE_SPREAD,2026-07-20 09:48:00,2026-07-20 13:57:00,0 days 04:09:00,83,24150.0 / 24250.0,1,43.05,100.0,SL Hit (50% Premium Appreciation),-21.95,-21.95
NIFTY,CE_SPREAD,2026-07-20 10:36:00,2026-07-21 11:27:00,1 days 00:51:00,142,24200.0 / 24300.0,1,40.15,100.0,Target Hit (50% Premium Decay),20.75,20.75
NIFTY,CE_SPREAD,2026-07-20 10:42:00,2026-07-21 11:27:00,1 days 00:45:00,140,24200.0 / 24300.0,1,40.2,100.0,Target Hit (50% Premium Decay),20.8,20.8
NIFTY,CE_SPREAD,2026-07-20 10:54:00,2026-07-21 10:48:00,0 days 23:54:00,123,24200.0 / 24300.0,1,41.6,100.0,Target Hit (50% Premium Decay),21.1,21.1
NIFTY,CE_SPREAD,2026-07-20 11:03:00,2026-07-21 11:27:00,1 days 00:24:00,133,24200.0 / 24300.0,1,39.85,100.0,Target Hit (50% Premium Decay),20.45,20.45
NIFTY,CE_SPREAD,2026-07-20 11:06:00,2026-07-21 10:48:00,0 days 23:42:00,119,24200.0 / 24300.0,1,44.0,100.0,Target Hit (50% Premium Decay),23.5,23.5
NIFTY,CE_SPREAD,2026-07-20 11:12:00,2026-07-21 11:27:00,1 days 00:15:00,130,24200.0 / 24300.0,1,39.85,100.0,Target Hit (50% Premium Decay),20.45,20.45
NIFTY,CE_SPREAD,2026-07-20 11:15:00,2026-07-21 11:27:00,1 days 00:12:00,129,24200.0 / 24300.0,1,40.55,100.0,Target Hit (50% Premium Decay),21.15,21.15
NIFTY,CE_SPREAD,2026-07-20 11:24:00,2026-07-21 11:27:00,1 days 00:03:00,126,24200.0 / 24300.0,1,40.25,100.0,Target Hit (50% Premium Decay),20.85,20.85
NIFTY,CE_SPREAD,2026-07-20 11:30:00,2026-07-21 11:39:00,1 days 00:09:00,128,24200.0 / 24300.0,1,38.4,100.0,Target Hit (50% Premium Decay),20.2,20.2
NIFTY,CE_SPREAD,2026-07-20 11:33:00,2026-07-20 14:03:00,0 days 02:30:00,50,24200.0 / 24300.0,1,36.65,100.0,SL Hit (50% Premium Appreciation),-18.75,-18.75
NIFTY,CE_SPREAD,2026-07-20 11:36:00,2026-07-21 11:39:00,1 days 00:03:00,126,24200.0 / 24300.0,1,38.6,100.0,Target Hit (50% Premium Decay),20.4,20.4
NIFTY,CE_SPREAD,2026-07-20 11:42:00,2026-07-20 13:57:00,0 days 02:15:00,45,24200.0 / 24300.0,1,36.0,100.0,SL Hit (50% Premium Appreciation),-18.65,-18.65
NIFTY,CE_SPREAD,2026-07-20 11:45:00,2026-07-20 13:57:00,0 days 02:12:00,44,24200.0 / 24300.0,1,35.3,100.0,SL Hit (50% Premium Appreciation),-19.35,-19.35
NIFTY,CE_SPREAD,2026-07-20 11:48:00,2026-07-20 13:45:00,0 days 01:57:00,39,24200.0 / 24300.0,1,35.1,100.0,SL Hit (50% Premium Appreciation),-17.7,-17.7
NIFTY,CE_SPREAD,2026-07-20 11:51:00,2026-07-20 13:45:00,0 days 01:54:00,38,24200.0 / 24300.0,1,34.05,100.0,SL Hit (50% Premium Appreciation),-18.75,-18.75
NIFTY,CE_SPREAD,2026-07-20 11:54:00,2026-07-20 13:33:00,0 days 01:39:00,33,24200.0 / 24300.0,1,33.0,100.0,SL Hit (50% Premium Appreciation),-17.05,-17.05
NIFTY,CE_SPREAD,2026-07-20 11:57:00,2026-07-20 13:45:00,0 days 01:48:00,36,24200.0 / 24300.0,1,34.7,100.0,SL Hit (50% Premium Appreciation),-18.1,-18.1
NIFTY,CE_SPREAD,2026-07-20 12:03:00,2026-07-20 13:27:00,0 days 01:24:00,28,24200.0 / 24300.0,1,32.6,100.0,SL Hit (50% Premium Appreciation),-16.6,-16.6
NIFTY,CE_SPREAD,2026-07-20 12:09:00,2026-07-20 13:57:00,0 days 01:48:00,36,24200.0 / 24300.0,1,35.85,100.0,SL Hit (50% Premium Appreciation),-18.8,-18.8
NIFTY,CE_SPREAD,2026-07-20 12:15:00,2026-07-20 13:57:00,0 days 01:42:00,34,24200.0 / 24300.0,1,36.25,100.0,SL Hit (50% Premium Appreciation),-18.4,-18.4
NIFTY,CE_SPREAD,2026-07-20 12:24:00,2026-07-20 13:24:00,0 days 01:00:00,20,24200.0 / 24300.0,1,32.35,100.0,SL Hit (50% Premium Appreciation),-16.3,-16.3
NIFTY,CE_SPREAD,2026-07-20 12:27:00,2026-07-20 13:21:00,0 days 00:54:00,18,24200.0 / 24300.0,1,31.8,100.0,SL Hit (50% Premium Appreciation),-16.2,-16.2
NIFTY,CE_SPREAD,2026-07-20 12:30:00,2026-07-20 13:57:00,0 days 01:27:00,29,24150.0 / 24250.0,1,42.7,100.0,SL Hit (50% Premium Appreciation),-22.3,-22.3
NIFTY,CE_SPREAD,2026-07-20 12:36:00,2026-07-20 13:45:00,0 days 01:09:00,23,24150.0 / 24250.0,1,40.45,100.0,SL Hit (50% Premium Appreciation),-22.95,-22.95
NIFTY,CE_SPREAD,2026-07-20 12:39:00,2026-07-20 13:45:00,0 days 01:06:00,22,24150.0 / 24250.0,1,41.25,100.0,SL Hit (50% Premium Appreciation),-22.15,-22.15
NIFTY,CE_SPREAD,2026-07-20 12:45:00,2026-07-20 13:12:00,0 days 00:27:00,9,24150.0 / 24250.0,1,34.55,100.0,SL Hit (50% Premium Appreciation),-21.4,-21.4
NIFTY,CE_SPREAD,2026-07-20 12:48:00,2026-07-20 13:21:00,0 days 00:33:00,11,24150.0 / 24250.0,1,37.95,100.0,SL Hit (50% Premium Appreciation),-20.5,-20.5
NIFTY,CE_SPREAD,2026-07-20 13:45:00,2026-07-21 10:09:00,0 days 20:24:00,53,24250.0 / 24350.0,1,42.35,100.0,Target Hit (50% Premium Decay),22.1,22.1
NIFTY,CE_SPREAD,2026-07-20 13:54:00,2026-07-21 10:09:00,0 days 20:15:00,50,24250.0 / 24350.0,1,41.35,100.0,Target Hit (50% Premium Decay),21.1,21.1
NIFTY,PE_SPREAD,2026-07-20 14:21:00,2026-07-21 10:21:00,0 days 20:00:00,45,24250.0 / 24150.0,1,34.7,100.0,SL Hit (50% Premium Appreciation),-19.0,-19.0
NIFTY,PE_SPREAD,2026-07-20 14:24:00,2026-07-21 10:21:00,0 days 19:57:00,44,24250.0 / 24150.0,1,35.45,100.0,SL Hit (50% Premium Appreciation),-18.25,-18.25
NIFTY,PE_SPREAD,2026-07-20 14:30:00,2026-07-21 10:24:00,0 days 19:54:00,43,24250.0 / 24150.0,1,37.0,100.0,SL Hit (50% Premium Appreciation),-18.75,-18.75
NIFTY,PE_SPREAD,2026-07-20 14:42:00,2026-07-21 10:36:00,0 days 19:54:00,43,24250.0 / 24150.0,1,39.45,100.0,SL Hit (50% Premium Appreciation),-21.65,-21.65
NIFTY,PE_SPREAD,2026-07-20 14:48:00,2026-07-21 10:36:00,0 days 19:48:00,41,24250.0 / 24150.0,1,39.05,100.0,SL Hit (50% Premium Appreciation),-22.05,-22.05
NIFTY,PE_SPREAD,2026-07-20 14:51:00,2026-07-21 10:36:00,0 days 19:45:00,40,24250.0 / 24150.0,1,37.7,100.0,SL Hit (50% Premium Appreciation),-23.4,-23.4
NIFTY,PE_SPREAD,2026-07-20 14:54:00,2026-07-21 10:36:00,0 days 19:42:00,39,24250.0 / 24150.0,1,38.5,100.0,SL Hit (50% Premium Appreciation),-22.6,-22.6
NIFTY,PE_SPREAD,2026-07-20 15:03:00,2026-07-21 10:36:00,0 days 19:33:00,36,24250.0 / 24150.0,1,38.7,100.0,SL Hit (50% Premium Appreciation),-22.4,-22.4
NIFTY,PE_SPREAD,2026-07-20 15:09:00,2026-07-21 10:36:00,0 days 19:27:00,34,24250.0 / 24150.0,1,38.05,100.0,SL Hit (50% Premium Appreciation),-23.05,-23.05
NIFTY,PE_SPREAD,2026-07-20 15:15:00,2026-07-21 10:24:00,0 days 19:09:00,28,24250.0 / 24150.0,1,36.85,100.0,SL Hit (50% Premium Appreciation),-18.9,-18.9
NIFTY,PE_SPREAD,2026-07-20 15:24:00,2026-07-21 10:21:00,0 days 18:57:00,24,24250.0 / 24150.0,1,35.15,100.0,SL Hit (50% Premium Appreciation),-18.55,-18.55
NIFTY,PE_SPREAD,2026-07-21 09:18:00,2026-07-21 10:21:00,0 days 01:03:00,21,24250.0 / 24150.0,1,32.55,100.0,SL Hit (50% Premium Appreciation),-21.15,-21.15
NIFTY,PE_SPREAD,2026-07-21 09:21:00,2026-07-21 10:21:00,0 days 01:00:00,20,24250.0 / 24150.0,1,35.15,100.0,SL Hit (50% Premium Appreciation),-18.55,-18.55
NIFTY,PE_SPREAD,2026-07-21 09:27:00,2026-07-21 10:21:00,0 days 00:54:00,18,24250.0 / 24150.0,1,32.65,100.0,SL Hit (50% Premium Appreciation),-21.05,-21.05
NIFTY,PE_SPREAD,2026-07-21 09:39:00,2026-07-21 10:36:00,0 days 00:57:00,19,24250.0 / 24150.0,1,38.55,100.0,SL Hit (50% Premium Appreciation),-22.55,-22.55
NIFTY,PE_SPREAD,2026-07-21 09:42:00,2026-07-21 10:36:00,0 days 00:54:00,18,24250.0 / 24150.0,1,37.65,100.0,SL Hit (50% Premium Appreciation),-23.45,-23.45
NIFTY,PE_SPREAD,2026-07-21 09:45:00,2026-07-21 11:39:00,0 days 01:54:00,38,24250.0 / 24150.0,1,42.2,100.0,SL Hit (50% Premium Appreciation),-21.3,-21.3
NIFTY,PE_SPREAD,2026-07-21 09:51:00,2026-07-21 10:24:00,0 days 00:33:00,11,24250.0 / 24150.0,1,35.95,100.0,SL Hit (50% Premium Appreciation),-19.8,-19.8
NIFTY,PE_SPREAD,2026-07-21 09:54:00,2026-07-21 10:36:00,0 days 00:42:00,14,24250.0 / 24150.0,1,40.2,100.0,SL Hit (50% Premium Appreciation),-20.9,-20.9
NIFTY,PE_SPREAD,2026-07-21 10:00:00,2026-07-21 10:48:00,0 days 00:48:00,16,24250.0 / 24150.0,1,41.15,100.0,SL Hit (50% Premium Appreciation),-21.8,-21.8
NIFTY,PE_SPREAD,2026-07-21 10:09:00,2026-07-21 11:39:00,0 days 01:30:00,30,24250.0 / 24150.0,1,42.05,100.0,SL Hit (50% Premium Appreciation),-21.45,-21.45
NIFTY,CE_SPREAD,2026-07-21 10:18:00,2026-07-21 11:42:00,0 days 01:24:00,28,24200.0 / 24300.0,1,33.1,100.0,Target Hit (50% Premium Decay),17.2,17.2
NIFTY,CE_SPREAD,2026-07-21 10:21:00,2026-07-21 12:51:00,0 days 02:30:00,50,24200.0 / 24300.0,1,28.15,100.0,Target Hit (50% Premium Decay),16.15,16.15
NIFTY,CE_SPREAD,2026-07-21 10:24:00,2026-07-21 12:51:00,0 days 02:27:00,49,24200.0 / 24300.0,1,26.3,100.0,Target Hit (50% Premium Decay),14.3,14.3
NIFTY,CE_SPREAD,2026-07-21 10:27:00,2026-07-21 12:45:00,0 days 02:18:00,46,24200.0 / 24300.0,1,30.15,100.0,Target Hit (50% Premium Decay),15.65,15.65
NIFTY,CE_SPREAD,2026-07-21 10:33:00,2026-07-21 12:51:00,0 days 02:18:00,46,24200.0 / 24300.0,1,26.85,100.0,Target Hit (50% Premium Decay),14.85,14.85
NIFTY,CE_SPREAD,2026-07-21 10:36:00,2026-07-21 12:57:00,0 days 02:21:00,47,24200.0 / 24300.0,1,22.35,100.0,Target Hit (50% Premium Decay),13.65,13.65
NIFTY,CE_SPREAD,2026-07-21 10:39:00,2026-07-21 12:57:00,0 days 02:18:00,46,24200.0 / 24300.0,1,22.45,100.0,Target Hit (50% Premium Decay),13.75,13.75
NIFTY,CE_SPREAD,2026-07-21 10:42:00,2026-07-21 12:51:00,0 days 02:09:00,43,24200.0 / 24300.0,1,24.8,100.0,Target Hit (50% Premium Decay),12.8,12.8
NIFTY,CE_SPREAD,2026-07-21 10:48:00,2026-07-21 12:57:00,0 days 02:09:00,43,24200.0 / 24300.0,1,20.5,100.0,Target Hit (50% Premium Decay),11.8,11.8
NIFTY,CE_SPREAD,2026-07-21 10:51:00,2026-07-21 14:36:00,0 days 03:45:00,75,24150.0 / 24250.0,1,38.85,100.0,Target Hit (50% Premium Decay),20.5,20.5
NIFTY,CE_SPREAD,2026-07-21 10:54:00,2026-07-21 13:03:00,0 days 02:09:00,43,24150.0 / 24250.0,1,43.25,100.0,Target Hit (50% Premium Decay),22.05,22.05
NIFTY,CE_SPREAD,2026-07-21 11:18:00,2026-07-21 12:57:00,0 days 01:39:00,33,24200.0 / 24300.0,1,22.45,100.0,Target Hit (50% Premium Decay),13.75,13.75
NIFTY,CE_SPREAD,2026-07-21 11:21:00,2026-07-21 12:57:00,0 days 01:36:00,32,24200.0 / 24300.0,1,20.7,100.0,Target Hit (50% Premium Decay),12.0,12.0
NIFTY,CE_SPREAD,2026-07-21 11:24:00,2026-07-21 12:57:00,0 days 01:33:00,31,24200.0 / 24300.0,1,20.3,100.0,Target Hit (50% Premium Decay),11.6,11.6
NIFTY,CE_SPREAD,2026-07-21 11:30:00,2026-07-21 13:03:00,0 days 01:33:00,31,24150.0 / 24250.0,1,42.6,100.0,Target Hit (50% Premium Decay),21.4,21.4
NIFTY,CE_SPREAD,2026-07-21 11:39:00,2026-07-21 12:57:00,0 days 01:18:00,26,24200.0 / 24300.0,1,18.2,100.0,Target Hit (50% Premium Decay),9.5,9.5
NIFTY,CE_SPREAD,2026-07-21 11:42:00,2026-08-14 15:27:00,24 days 03:45:00,2325,24150.0 / 24250.0,1,33.4,100.0,Data Ended,-4.15,-4.15
NIFTY,CE_SPREAD,2026-07-21 11:45:00,2026-08-14 15:27:00,24 days 03:42:00,2324,24150.0 / 24250.0,1,33.6,100.0,Data Ended,-3.95,-3.95
NIFTY,CE_SPREAD,2026-07-21 11:54:00,2026-08-14 15:27:00,24 days 03:33:00,2321,24150.0 / 24250.0,1,36.25,100.0,Data Ended,-1.3,-1.3
NIFTY,CE_SPREAD,2026-07-21 12:00:00,2026-07-21 14:36:00,0 days 02:36:00,52,24150.0 / 24250.0,1,39.6,100.0,Target Hit (50% Premium Decay),21.25,21.25
NIFTY,CE_SPREAD,2026-07-21 12:15:00,2026-08-14 15:27:00,24 days 03:12:00,2314,24150.0 / 24250.0,1,35.55,100.0,Data Ended,-2.0,-2.0
NIFTY,CE_SPREAD,2026-07-21 12:18:00,2026-07-21 14:36:00,0 days 02:18:00,46,24150.0 / 24250.0,1,40.3,100.0,Target Hit (50% Premium Decay),21.95,21.95
NIFTY,CE_SPREAD,2026-07-21 12:30:00,2026-07-21 14:36:00,0 days 02:06:00,42,24150.0 / 24250.0,1,39.7,100.0,Target Hit (50% Premium Decay),21.35,21.35
NIFTY,CE_SPREAD,2026-07-21 12:42:00,2026-07-21 13:03:00,0 days 00:21:00,7,24200.0 / 24300.0,1,15.8,100.0,Target Hit (50% Premium Decay),8.0,8.0
NIFTY,CE_SPREAD,2026-07-21 12:45:00,2026-07-21 13:54:00,0 days 01:09:00,23,24200.0 / 24300.0,1,14.5,100.0,Target Hit (50% Premium Decay),7.3,7.3
NIFTY,CE_SPREAD,2026-07-21 12:48:00,2026-08-14 15:27:00,24 days 02:39:00,2303,24150.0 / 24250.0,1,34.25,100.0,Data Ended,-3.3,-3.3
NIFTY,CE_SPREAD,2026-07-21 12:51:00,2026-08-14 15:27:00,24 days 02:36:00,2302,24150.0 / 24250.0,1,30.4,100.0,Data Ended,-7.15,-7.15
NIFTY,CE_SPREAD,2026-07-21 12:54:00,2026-08-14 15:27:00,24 days 02:33:00,2301,24150.0 / 24250.0,1,30.3,100.0,Data Ended,-7.25,-7.25
NIFTY,CE_SPREAD,2026-07-21 13:00:00,2026-07-21 13:27:00,0 days 00:27:00,9,24150.0 / 24250.0,1,21.85,100.0,SL Hit (50% Premium Appreciation),-12.5,-12.5
NIFTY,CE_SPREAD,2026-07-21 13:03:00,2026-07-21 13:27:00,0 days 00:24:00,8,24150.0 / 24250.0,1,21.2,100.0,SL Hit (50% Premium Appreciation),-13.15,-13.15
NIFTY,CE_SPREAD,2026-07-21 13:06:00,2026-07-21 13:27:00,0 days 00:21:00,7,24150.0 / 24250.0,1,21.85,100.0,SL Hit (50% Premium Appreciation),-12.5,-12.5
NIFTY,CE_SPREAD,2026-07-21 13:15:00,2026-07-21 13:27:00,0 days 00:12:00,4,24150.0 / 24250.0,1,21.3,100.0,SL Hit (50% Premium Appreciation),-13.05,-13.05
NIFTY,CE_SPREAD,2026-07-21 13:18:00,2026-07-21 13:33:00,0 days 00:15:00,5,24150.0 / 24250.0,1,23.75,100.0,SL Hit (50% Premium Appreciation),-16.8,-16.8
NIFTY,CE_SPREAD,2026-07-21 13:54:00,2026-07-21 14:36:00,0 days 00:42:00,14,24200.0 / 24300.0,1,7.2,100.0,Target Hit (50% Premium Decay),3.65,3.65
NIFTY,CE_SPREAD,2026-07-21 13:57:00,2026-07-21 14:54:00,0 days 00:57:00,19,24150.0 / 24250.0,1,26.25,100.0,SL Hit (50% Premium Appreciation),-15.45,-15.45
NIFTY,CE_SPREAD,2026-07-21 14:00:00,2026-08-14 15:27:00,24 days 01:27:00,2279,24150.0 / 24250.0,1,31.9,100.0,Data Ended,-5.65,-5.65
NIFTY,CE_SPREAD,2026-07-21 14:09:00,2026-07-21 14:54:00,0 days 00:45:00,15,24150.0 / 24250.0,1,23.0,100.0,SL Hit (50% Premium Appreciation),-18.7,-18.7
NIFTY,CE_SPREAD,2026-07-21 14:12:00,2026-07-21 14:54:00,0 days 00:42:00,14,24150.0 / 24250.0,1,24.65,100.0,SL Hit (50% Premium Appreciation),-17.05,-17.05
NIFTY,CE_SPREAD,2026-07-21 14:15:00,2026-07-21 14:54:00,0 days 00:39:00,13,24150.0 / 24250.0,1,21.25,100.0,SL Hit (50% Premium Appreciation),-20.45,-20.45
NIFTY,CE_SPREAD,2026-07-21 14:18:00,2026-07-21 15:00:00,0 days 00:42:00,14,24150.0 / 24250.0,1,28.15,100.0,SL Hit (50% Premium Appreciation),-16.8,-16.8
NIFTY,CE_SPREAD,2026-07-21 14:30:00,2026-07-21 14:54:00,0 days 00:24:00,8,24150.0 / 24250.0,1,24.7,100.0,SL Hit (50% Premium Appreciation),-17.0,-17.0
NIFTY,CE_SPREAD,2026-07-21 14:39:00,2026-07-21 14:54:00,0 days 00:15:00,5,24150.0 / 24250.0,1,20.65,100.0,SL Hit (50% Premium Appreciation),-21.05,-21.05
NIFTY,CE_SPREAD,2026-07-21 14:48:00,2026-07-21 14:54:00,0 days 00:06:00,2,24150.0 / 24250.0,1,26.25,100.0,SL Hit (50% Premium Appreciation),-15.45,-15.45
NIFTY,CE_SPREAD,2026-07-22 09:18:00,2026-07-23 12:24:00,1 days 03:06:00,187,24100.0 / 24200.0,1,44.15,100.0,Target Hit (50% Premium Decay),22.75,22.75
NIFTY,CE_SPREAD,2026-07-22 09:24:00,2026-07-23 12:27:00,1 days 03:03:00,186,24100.0 / 24200.0,1,42.3,100.0,Target Hit (50% Premium Decay),21.25,21.25
NIFTY,CE_SPREAD,2026-07-22 09:27:00,2026-07-23 12:30:00,1 days 03:03:00,186,24100.0 / 24200.0,1,40.45,100.0,Target Hit (50% Premium Decay),21.5,21.5
NIFTY,CE_SPREAD,2026-07-22 09:30:00,2026-07-23 12:39:00,1 days 03:09:00,188,24050.0 / 24150.0,1,44.25,100.0,Target Hit (50% Premium Decay),22.5,22.5
NIFTY,CE_SPREAD,2026-07-22 09:33:00,2026-07-23 12:42:00,1 days 03:09:00,188,24050.0 / 24150.0,1,43.35,100.0,Target Hit (50% Premium Decay),23.25,23.25
NIFTY,CE_SPREAD,2026-07-22 09:36:00,2026-07-23 13:03:00,1 days 03:27:00,194,24000.0 / 24100.0,1,48.9,100.0,Target Hit (50% Premium Decay),24.9,24.9
NIFTY,CE_SPREAD,2026-07-22 09:42:00,2026-07-23 12:39:00,1 days 02:57:00,184,24050.0 / 24150.0,1,43.65,100.0,Target Hit (50% Premium Decay),21.9,21.9
NIFTY,CE_SPREAD,2026-07-22 09:48:00,2026-07-23 13:03:00,1 days 03:15:00,190,24000.0 / 24100.0,1,48.8,100.0,Target Hit (50% Premium Decay),24.8,24.8
NIFTY,CE_SPREAD,2026-07-22 09:54:00,2026-07-23 13:06:00,1 days 03:12:00,189,24000.0 / 24100.0,1,46.7,100.0,Target Hit (50% Premium Decay),23.7,23.7
NIFTY,CE_SPREAD,2026-07-22 09:57:00,2026-07-23 13:06:00,1 days 03:09:00,188,24000.0 / 24100.0,1,47.8,100.0,Target Hit (50% Premium Decay),24.8,24.8
NIFTY,CE_SPREAD,2026-07-22 10:03:00,2026-07-23 13:03:00,1 days 03:00:00,185,24000.0 / 24100.0,1,48.5,100.0,Target Hit (50% Premium Decay),24.5,24.5
NIFTY,CE_SPREAD,2026-07-22 10:15:00,2026-07-23 12:42:00,1 days 02:27:00,174,24050.0 / 24150.0,1,41.75,100.0,Target Hit (50% Premium Decay),21.65,21.65
NIFTY,CE_SPREAD,2026-07-22 10:18:00,2026-07-23 13:06:00,1 days 02:48:00,181,24000.0 / 24100.0,1,46.85,100.0,Target Hit (50% Premium Decay),23.85,23.85
NIFTY,CE_SPREAD,2026-07-22 10:21:00,2026-07-23 13:15:00,1 days 02:54:00,183,24000.0 / 24100.0,1,45.9,100.0,Target Hit (50% Premium Decay),23.2,23.2
NIFTY,CE_SPREAD,2026-07-22 10:24:00,2026-07-24 09:15:00,1 days 22:51:00,227,24000.0 / 24100.0,1,43.1,100.0,Target Hit (50% Premium Decay),27.7,27.7
NIFTY,CE_SPREAD,2026-07-22 10:27:00,2026-07-23 13:15:00,1 days 02:48:00,181,24000.0 / 24100.0,1,45.45,100.0,Target Hit (50% Premium Decay),22.75,22.75
NIFTY,CE_SPREAD,2026-07-22 10:33:00,2026-07-23 13:15:00,1 days 02:42:00,179,24000.0 / 24100.0,1,45.6,100.0,Target Hit (50% Premium Decay),22.9,22.9
NIFTY,CE_SPREAD,2026-07-22 10:39:00,2026-07-24 09:15:00,1 days 22:36:00,222,24000.0 / 24100.0,1,44.55,100.0,Target Hit (50% Premium Decay),29.15,29.15
NIFTY,CE_SPREAD,2026-07-22 10:42:00,2026-07-24 09:15:00,1 days 22:33:00,221,24000.0 / 24100.0,1,44.1,100.0,Target Hit (50% Premium Decay),28.7,28.7
NIFTY,CE_SPREAD,2026-07-22 10:45:00,2026-07-24 09:15:00,1 days 22:30:00,220,24000.0 / 24100.0,1,45.35,100.0,Target Hit (50% Premium Decay),29.95,29.95
NIFTY,CE_SPREAD,2026-07-22 11:15:00,2026-07-23 13:06:00,1 days 01:51:00,162,24000.0 / 24100.0,1,47.65,100.0,Target Hit (50% Premium Decay),24.65,24.65
NIFTY,CE_SPREAD,2026-07-22 11:54:00,2026-07-23 12:42:00,1 days 00:48:00,141,24050.0 / 24150.0,1,41.85,100.0,Target Hit (50% Premium Decay),21.75,21.75
NIFTY,CE_SPREAD,2026-07-22 11:57:00,2026-07-23 12:42:00,1 days 00:45:00,140,24050.0 / 24150.0,1,40.7,100.0,Target Hit (50% Premium Decay),20.6,20.6
NIFTY,CE_SPREAD,2026-07-22 12:00:00,2026-07-24 09:15:00,1 days 21:15:00,195,24000.0 / 24100.0,1,44.6,100.0,Target Hit (50% Premium Decay),29.2,29.2
NIFTY,CE_SPREAD,2026-07-22 12:03:00,2026-07-24 09:15:00,1 days 21:12:00,194,24000.0 / 24100.0,1,45.2,100.0,Target Hit (50% Premium Decay),29.8,29.8
NIFTY,CE_SPREAD,2026-07-22 12:09:00,2026-07-24 09:15:00,1 days 21:06:00,192,24000.0 / 24100.0,1,44.65,100.0,Target Hit (50% Premium Decay),29.25,29.25
NIFTY,CE_SPREAD,2026-07-22 12:12:00,2026-07-24 09:15:00,1 days 21:03:00,191,24000.0 / 24100.0,1,44.05,100.0,Target Hit (50% Premium Decay),28.65,28.65
NIFTY,CE_SPREAD,2026-07-22 12:15:00,2026-07-24 09:15:00,1 days 21:00:00,190,24000.0 / 24100.0,1,43.85,100.0,Target Hit (50% Premium Decay),28.45,28.45
NIFTY,CE_SPREAD,2026-07-22 12:18:00,2026-07-24 09:15:00,1 days 20:57:00,189,24000.0 / 24100.0,1,41.3,100.0,Target Hit (50% Premium Decay),25.9,25.9
NIFTY,CE_SPREAD,2026-07-22 12:21:00,2026-07-24 09:15:00,1 days 20:54:00,188,23950.0 / 24050.0,1,47.95,100.0,Target Hit (50% Premium Decay),28.7,28.7
NIFTY,CE_SPREAD,2026-07-22 12:30:00,2026-07-24 09:15:00,1 days 20:45:00,185,24000.0 / 24100.0,1,41.5,100.0,Target Hit (50% Premium Decay),26.1,26.1
NIFTY,CE_SPREAD,2026-07-22 12:33:00,2026-07-24 09:15:00,1 days 20:42:00,184,23950.0 / 24050.0,1,45.95,100.0,Target Hit (50% Premium Decay),26.7,26.7
NIFTY,CE_SPREAD,2026-07-22 12:36:00,2026-07-24 09:15:00,1 days 20:39:00,183,23950.0 / 24050.0,1,45.75,100.0,Target Hit (50% Premium Decay),26.5,26.5
NIFTY,CE_SPREAD,2026-07-22 12:39:00,2026-07-24 09:15:00,1 days 20:36:00,182,23950.0 / 24050.0,1,45.7,100.0,Target Hit (50% Premium Decay),26.45,26.45
NIFTY,CE_SPREAD,2026-07-22 12:42:00,2026-07-24 09:15:00,1 days 20:33:00,181,23950.0 / 24050.0,1,48.2,100.0,Target Hit (50% Premium Decay),28.95,28.95
NIFTY,CE_SPREAD,2026-07-22 13:06:00,2026-07-24 09:15:00,1 days 20:09:00,173,24000.0 / 24100.0,1,42.8,100.0,Target Hit (50% Premium Decay),27.4,27.4
NIFTY,CE_SPREAD,2026-07-22 13:12:00,2026-07-24 09:15:00,1 days 20:03:00,171,24000.0 / 24100.0,1,42.35,100.0,Target Hit (50% Premium Decay),26.95,26.95
NIFTY,CE_SPREAD,2026-07-22 13:15:00,2026-07-24 09:15:00,1 days 20:00:00,170,24000.0 / 24100.0,1,42.6,100.0,Target Hit (50% Premium Decay),27.2,27.2
NIFTY,CE_SPREAD,2026-07-22 13:21:00,2026-07-24 09:15:00,1 days 19:54:00,168,24000.0 / 24100.0,1,42.15,100.0,Target Hit (50% Premium Decay),26.75,26.75
NIFTY,CE_SPREAD,2026-07-22 13:24:00,2026-07-24 09:15:00,1 days 19:51:00,167,24000.0 / 24100.0,1,41.65,100.0,Target Hit (50% Premium Decay),26.25,26.25
NIFTY,CE_SPREAD,2026-07-22 13:27:00,2026-07-24 09:15:00,1 days 19:48:00,166,24000.0 / 24100.0,1,42.15,100.0,Target Hit (50% Premium Decay),26.75,26.75
NIFTY,CE_SPREAD,2026-07-22 13:42:00,2026-07-24 09:15:00,1 days 19:33:00,161,24000.0 / 24100.0,1,43.7,100.0,Target Hit (50% Premium Decay),28.3,28.3
NIFTY,CE_SPREAD,2026-07-22 13:48:00,2026-07-24 09:15:00,1 days 19:27:00,159,24000.0 / 24100.0,1,43.25,100.0,Target Hit (50% Premium Decay),27.85,27.85
NIFTY,CE_SPREAD,2026-07-22 13:51:00,2026-07-24 09:15:00,1 days 19:24:00,158,24000.0 / 24100.0,1,43.2,100.0,Target Hit (50% Premium Decay),27.8,27.8
NIFTY,CE_SPREAD,2026-07-22 13:54:00,2026-07-24 09:15:00,1 days 19:21:00,157,24000.0 / 24100.0,1,42.8,100.0,Target Hit (50% Premium Decay),27.4,27.4
NIFTY,CE_SPREAD,2026-07-22 13:57:00,2026-07-24 09:15:00,1 days 19:18:00,156,24000.0 / 24100.0,1,42.4,100.0,Target Hit (50% Premium Decay),27.0,27.0
NIFTY,CE_SPREAD,2026-07-22 14:00:00,2026-07-24 09:15:00,1 days 19:15:00,155,24000.0 / 24100.0,1,43.4,100.0,Target Hit (50% Premium Decay),28.0,28.0
NIFTY,CE_SPREAD,2026-07-22 14:06:00,2026-07-24 09:15:00,1 days 19:09:00,153,24000.0 / 24100.0,1,42.45,100.0,Target Hit (50% Premium Decay),27.05,27.05
NIFTY,CE_SPREAD,2026-07-22 14:09:00,2026-07-24 09:15:00,1 days 19:06:00,152,24000.0 / 24100.0,1,42.35,100.0,Target Hit (50% Premium Decay),26.95,26.95
NIFTY,CE_SPREAD,2026-07-22 14:12:00,2026-07-24 09:15:00,1 days 19:03:00,151,24000.0 / 24100.0,1,41.95,100.0,Target Hit (50% Premium Decay),26.55,26.55
NIFTY,CE_SPREAD,2026-07-22 14:15:00,2026-07-24 09:15:00,1 days 19:00:00,150,24000.0 / 24100.0,1,43.0,100.0,Target Hit (50% Premium Decay),27.6,27.6
NIFTY,CE_SPREAD,2026-07-22 14:24:00,2026-07-24 09:15:00,1 days 18:51:00,147,24000.0 / 24100.0,1,41.75,100.0,Target Hit (50% Premium Decay),26.35,26.35
NIFTY,CE_SPREAD,2026-07-22 14:27:00,2026-07-24 09:15:00,1 days 18:48:00,146,24000.0 / 24100.0,1,41.4,100.0,Target Hit (50% Premium Decay),26.0,26.0
NIFTY,CE_SPREAD,2026-07-22 14:30:00,2026-07-24 09:15:00,1 days 18:45:00,145,23950.0 / 24050.0,1,45.6,100.0,Target Hit (50% Premium Decay),26.35,26.35
NIFTY,CE_SPREAD,2026-07-22 14:33:00,2026-07-24 09:15:00,1 days 18:42:00,144,23950.0 / 24050.0,1,47.95,100.0,Target Hit (50% Premium Decay),28.7,28.7
NIFTY,CE_SPREAD,2026-07-22 14:42:00,2026-07-24 09:15:00,1 days 18:33:00,141,24000.0 / 24100.0,1,41.6,100.0,Target Hit (50% Premium Decay),26.2,26.2
NIFTY,CE_SPREAD,2026-07-22 14:45:00,2026-07-24 09:15:00,1 days 18:30:00,140,24000.0 / 24100.0,1,42.35,100.0,Target Hit (50% Premium Decay),26.95,26.95
NIFTY,CE_SPREAD,2026-07-22 14:48:00,2026-07-24 09:15:00,1 days 18:27:00,139,24000.0 / 24100.0,1,42.55,100.0,Target Hit (50% Premium Decay),27.15,27.15
NIFTY,CE_SPREAD,2026-07-22 14:57:00,2026-07-24 09:15:00,1 days 18:18:00,136,24000.0 / 24100.0,1,41.55,100.0,Target Hit (50% Premium Decay),26.15,26.15
NIFTY,CE_SPREAD,2026-07-22 15:00:00,2026-07-24 09:15:00,1 days 18:15:00,135,24000.0 / 24100.0,1,42.55,100.0,Target Hit (50% Premium Decay),27.15,27.15
NIFTY,CE_SPREAD,2026-07-22 15:24:00,2026-07-24 09:15:00,1 days 17:51:00,127,24000.0 / 24100.0,1,44.45,100.0,Target Hit (50% Premium Decay),29.05,29.05
NIFTY,CE_SPREAD,2026-07-23 09:15:00,2026-07-24 09:33:00,1 days 00:18:00,131,23900.0 / 24000.0,1,44.0,100.0,Target Hit (50% Premium Decay),22.7,22.7
NIFTY,CE_SPREAD,2026-07-23 09:18:00,2026-07-24 09:15:00,0 days 23:57:00,124,23900.0 / 24000.0,1,50.75,100.0,Target Hit (50% Premium Decay),26.6,26.6
NIFTY,CE_SPREAD,2026-07-23 09:27:00,2026-07-24 09:15:00,0 days 23:48:00,121,23950.0 / 24050.0,1,42.05,100.0,Target Hit (50% Premium Decay),22.8,22.8
NIFTY,CE_SPREAD,2026-07-23 09:30:00,2026-07-24 09:24:00,0 days 23:54:00,123,23900.0 / 24000.0,1,46.1,100.0,Target Hit (50% Premium Decay),23.65,23.65
NIFTY,CE_SPREAD,2026-07-23 09:33:00,2026-07-24 09:24:00,0 days 23:51:00,122,23900.0 / 24000.0,1,44.9,100.0,Target Hit (50% Premium Decay),22.45,22.45
NIFTY,CE_SPREAD,2026-07-23 09:36:00,2026-07-24 09:24:00,0 days 23:48:00,121,23900.0 / 24000.0,1,45.15,100.0,Target Hit (50% Premium Decay),22.7,22.7
NIFTY,CE_SPREAD,2026-07-23 09:39:00,2026-07-24 09:24:00,0 days 23:45:00,120,23900.0 / 24000.0,1,46.4,100.0,Target Hit (50% Premium Decay),23.95,23.95
NIFTY,CE_SPREAD,2026-07-23 09:45:00,2026-07-24 09:24:00,0 days 23:39:00,118,23900.0 / 24000.0,1,45.75,100.0,Target Hit (50% Premium Decay),23.3,23.3
NIFTY,CE_SPREAD,2026-07-23 09:48:00,2026-07-24 09:24:00,0 days 23:36:00,117,23900.0 / 24000.0,1,47.15,100.0,Target Hit (50% Premium Decay),24.7,24.7
NIFTY,CE_SPREAD,2026-07-23 10:24:00,2026-07-24 09:15:00,0 days 22:51:00,102,23950.0 / 24050.0,1,46.1,100.0,Target Hit (50% Premium Decay),26.85,26.85
NIFTY,CE_SPREAD,2026-07-23 10:54:00,2026-07-24 09:15:00,0 days 22:21:00,92,23950.0 / 24050.0,1,48.6,100.0,Target Hit (50% Premium Decay),29.35,29.35
NIFTY,CE_SPREAD,2026-07-23 11:15:00,2026-07-24 09:15:00,0 days 22:00:00,85,23950.0 / 24050.0,1,46.1,100.0,Target Hit (50% Premium Decay),26.85,26.85
NIFTY,CE_SPREAD,2026-07-23 11:18:00,2026-07-24 09:15:00,0 days 21:57:00,84,23950.0 / 24050.0,1,45.3,100.0,Target Hit (50% Premium Decay),26.05,26.05
NIFTY,CE_SPREAD,2026-07-23 11:21:00,2026-07-24 09:15:00,0 days 21:54:00,83,23950.0 / 24050.0,1,45.3,100.0,Target Hit (50% Premium Decay),26.05,26.05
NIFTY,CE_SPREAD,2026-07-23 11:24:00,2026-07-24 09:15:00,0 days 21:51:00,82,23950.0 / 24050.0,1,44.6,100.0,Target Hit (50% Premium Decay),25.35,25.35
NIFTY,CE_SPREAD,2026-07-23 11:27:00,2026-07-24 09:15:00,0 days 21:48:00,81,23950.0 / 24050.0,1,42.7,100.0,Target Hit (50% Premium Decay),23.45,23.45
NIFTY,CE_SPREAD,2026-07-23 11:30:00,2026-07-24 09:15:00,0 days 21:45:00,80,23950.0 / 24050.0,1,43.4,100.0,Target Hit (50% Premium Decay),24.15,24.15
NIFTY,CE_SPREAD,2026-07-23 11:39:00,2026-07-24 09:15:00,0 days 21:36:00,77,23950.0 / 24050.0,1,42.85,100.0,Target Hit (50% Premium Decay),23.6,23.6
NIFTY,CE_SPREAD,2026-07-23 11:42:00,2026-07-24 09:15:00,0 days 21:33:00,76,23950.0 / 24050.0,1,43.95,100.0,Target Hit (50% Premium Decay),24.7,24.7
NIFTY,CE_SPREAD,2026-07-23 11:48:00,2026-07-24 09:15:00,0 days 21:27:00,74,23950.0 / 24050.0,1,42.55,100.0,Target Hit (50% Premium Decay),23.3,23.3
NIFTY,CE_SPREAD,2026-07-23 11:51:00,2026-07-24 09:15:00,0 days 21:24:00,73,23950.0 / 24050.0,1,41.55,100.0,Target Hit (50% Premium Decay),22.3,22.3
NIFTY,CE_SPREAD,2026-07-23 11:54:00,2026-07-24 09:15:00,0 days 21:21:00,72,23950.0 / 24050.0,1,41.85,100.0,Target Hit (50% Premium Decay),22.6,22.6
NIFTY,CE_SPREAD,2026-07-23 12:06:00,2026-07-24 09:15:00,0 days 21:09:00,68,23950.0 / 24050.0,1,43.6,100.0,Target Hit (50% Premium Decay),24.35,24.35
NIFTY,CE_SPREAD,2026-07-23 12:12:00,2026-07-24 09:15:00,0 days 21:03:00,66,23950.0 / 24050.0,1,41.4,100.0,Target Hit (50% Premium Decay),22.15,22.15
NIFTY,CE_SPREAD,2026-07-23 12:15:00,2026-07-24 09:15:00,0 days 21:00:00,65,23950.0 / 24050.0,1,40.95,100.0,Target Hit (50% Premium Decay),21.7,21.7
NIFTY,CE_SPREAD,2026-07-23 12:18:00,2026-07-24 09:15:00,0 days 20:57:00,64,23950.0 / 24050.0,1,40.9,100.0,Target Hit (50% Premium Decay),21.65,21.65
NIFTY,CE_SPREAD,2026-07-23 12:21:00,2026-07-24 09:15:00,0 days 20:54:00,63,23950.0 / 24050.0,1,40.1,100.0,Target Hit (50% Premium Decay),20.85,20.85
NIFTY,CE_SPREAD,2026-07-23 12:24:00,2026-07-24 09:15:00,0 days 20:51:00,62,23950.0 / 24050.0,1,38.85,100.0,Target Hit (50% Premium Decay),19.6,19.6
NIFTY,CE_SPREAD,2026-07-23 12:27:00,2026-07-24 09:30:00,0 days 21:03:00,66,23900.0 / 24000.0,1,44.35,100.0,Target Hit (50% Premium Decay),22.3,22.3
NIFTY,CE_SPREAD,2026-07-23 12:30:00,2026-07-24 09:36:00,0 days 21:06:00,67,23900.0 / 24000.0,1,40.55,100.0,Target Hit (50% Premium Decay),21.55,21.55
NIFTY,CE_SPREAD,2026-07-23 12:33:00,2026-07-24 09:36:00,0 days 21:03:00,66,23900.0 / 24000.0,1,39.65,100.0,Target Hit (50% Premium Decay),20.65,20.65
NIFTY,CE_SPREAD,2026-07-23 12:36:00,2026-07-24 09:36:00,0 days 21:00:00,65,23900.0 / 24000.0,1,40.7,100.0,Target Hit (50% Premium Decay),21.7,21.7
NIFTY,CE_SPREAD,2026-07-23 12:42:00,2026-07-24 10:00:00,0 days 21:18:00,71,23900.0 / 24000.0,1,35.6,100.0,Target Hit (50% Premium Decay),18.95,18.95
NIFTY,CE_SPREAD,2026-07-23 12:45:00,2026-07-24 10:09:00,0 days 21:24:00,73,23850.0 / 23950.0,1,42.65,100.0,Target Hit (50% Premium Decay),21.65,21.65
NIFTY,CE_SPREAD,2026-07-23 12:51:00,2026-07-24 10:09:00,0 days 21:18:00,71,23850.0 / 23950.0,1,42.05,100.0,Target Hit (50% Premium Decay),21.05,21.05
NIFTY,CE_SPREAD,2026-07-23 12:54:00,2026-07-24 10:09:00,0 days 21:15:00,70,23850.0 / 23950.0,1,42.85,100.0,Target Hit (50% Premium Decay),21.85,21.85
NIFTY,CE_SPREAD,2026-07-23 13:03:00,2026-07-27 09:18:00,3 days 20:15:00,175,23850.0 / 23950.0,1,41.15,100.0,SL Hit (50% Premium Appreciation),-21.55,-21.55
NIFTY,CE_SPREAD,2026-07-23 13:06:00,2026-07-27 09:15:00,3 days 20:09:00,173,23850.0 / 23950.0,1,40.0,100.0,SL Hit (50% Premium Appreciation),-20.35,-20.35
NIFTY,CE_SPREAD,2026-07-23 13:09:00,2026-07-27 09:18:00,3 days 20:09:00,173,23850.0 / 23950.0,1,40.5,100.0,SL Hit (50% Premium Appreciation),-22.2,-22.2
NIFTY,CE_SPREAD,2026-07-23 13:12:00,2026-07-27 09:18:00,3 days 20:06:00,172,23850.0 / 23950.0,1,40.3,100.0,SL Hit (50% Premium Appreciation),-22.4,-22.4
NIFTY,CE_SPREAD,2026-07-23 13:15:00,2026-07-27 09:15:00,3 days 20:00:00,170,23850.0 / 23950.0,1,39.7,100.0,SL Hit (50% Premium Appreciation),-20.65,-20.65
NIFTY,CE_SPREAD,2026-07-23 13:18:00,2026-07-27 09:18:00,3 days 20:00:00,170,23850.0 / 23950.0,1,41.15,100.0,SL Hit (50% Premium Appreciation),-21.55,-21.55
NIFTY,CE_SPREAD,2026-07-23 13:27:00,2026-07-27 09:18:00,3 days 19:51:00,167,23850.0 / 23950.0,1,41.3,100.0,SL Hit (50% Premium Appreciation),-21.4,-21.4
NIFTY,CE_SPREAD,2026-07-23 13:30:00,2026-07-27 09:18:00,3 days 19:48:00,166,23850.0 / 23950.0,1,40.6,100.0,SL Hit (50% Premium Appreciation),-22.1,-22.1
NIFTY,CE_SPREAD,2026-07-23 13:33:00,2026-07-27 09:18:00,3 days 19:45:00,165,23850.0 / 23950.0,1,40.95,100.0,SL Hit (50% Premium Appreciation),-21.75,-21.75
NIFTY,CE_SPREAD,2026-07-23 13:36:00,2026-07-24 10:00:00,0 days 20:24:00,53,23850.0 / 23950.0,1,43.2,100.0,Target Hit (50% Premium Decay),21.7,21.7
NIFTY,CE_SPREAD,2026-07-23 14:12:00,2026-07-24 10:09:00,0 days 19:57:00,44,23850.0 / 23950.0,1,42.8,100.0,Target Hit (50% Premium Decay),21.8,21.8
NIFTY,CE_SPREAD,2026-07-23 14:15:00,2026-07-24 10:00:00,0 days 19:45:00,40,23850.0 / 23950.0,1,44.5,100.0,Target Hit (50% Premium Decay),23.0,23.0
NIFTY,CE_SPREAD,2026-07-23 14:21:00,2026-07-24 10:00:00,0 days 19:39:00,38,23850.0 / 23950.0,1,45.5,100.0,Target Hit (50% Premium Decay),24.0,24.0
NIFTY,CE_SPREAD,2026-07-23 14:30:00,2026-07-24 10:00:00,0 days 19:30:00,35,23850.0 / 23950.0,1,45.15,100.0,Target Hit (50% Premium Decay),23.65,23.65
NIFTY,CE_SPREAD,2026-07-23 14:33:00,2026-07-24 09:36:00,0 days 19:03:00,26,23850.0 / 23950.0,1,49.55,100.0,Target Hit (50% Premium Decay),25.4,25.4
NIFTY,CE_SPREAD,2026-07-23 14:39:00,2026-07-24 10:00:00,0 days 19:21:00,32,23850.0 / 23950.0,1,43.65,100.0,Target Hit (50% Premium Decay),22.15,22.15
NIFTY,CE_SPREAD,2026-07-23 14:42:00,2026-07-24 10:09:00,0 days 19:27:00,34,23850.0 / 23950.0,1,42.1,100.0,Target Hit (50% Premium Decay),21.1,21.1
NIFTY,CE_SPREAD,2026-07-23 14:45:00,2026-07-24 10:12:00,0 days 19:27:00,34,23850.0 / 23950.0,1,41.85,100.0,Target Hit (50% Premium Decay),21.1,21.1
NIFTY,CE_SPREAD,2026-07-23 14:48:00,2026-07-27 09:18:00,3 days 18:30:00,140,23850.0 / 23950.0,1,40.45,100.0,SL Hit (50% Premium Appreciation),-22.25,-22.25
NIFTY,CE_SPREAD,2026-07-23 14:51:00,2026-07-27 09:18:00,3 days 18:27:00,139,23800.0 / 23900.0,1,47.6,100.0,SL Hit (50% Premium Appreciation),-23.85,-23.85
NIFTY,CE_SPREAD,2026-07-24 09:24:00,2026-07-27 09:15:00,2 days 23:51:00,122,23750.0 / 23850.0,1,40.4,100.0,SL Hit (50% Premium Appreciation),-38.05,-38.05
NIFTY,CE_SPREAD,2026-07-24 09:27:00,2026-07-27 09:15:00,2 days 23:48:00,121,23700.0 / 23800.0,1,46.8,100.0,SL Hit (50% Premium Appreciation),-37.9,-37.9
NIFTY,CE_SPREAD,2026-07-24 09:30:00,2026-07-27 09:15:00,2 days 23:45:00,120,23700.0 / 23800.0,1,46.7,100.0,SL Hit (50% Premium Appreciation),-38.0,-38.0
NIFTY,CE_SPREAD,2026-07-24 09:33:00,2026-07-27 09:15:00,2 days 23:42:00,119,23700.0 / 23800.0,1,44.85,100.0,SL Hit (50% Premium Appreciation),-39.85,-39.85
NIFTY,CE_SPREAD,2026-07-24 09:36:00,2026-07-24 12:48:00,0 days 03:12:00,64,23700.0 / 23800.0,1,42.5,100.0,SL Hit (50% Premium Appreciation),-21.3,-21.3
NIFTY,CE_SPREAD,2026-07-24 09:39:00,2026-07-24 14:00:00,0 days 04:21:00,87,23700.0 / 23800.0,1,43.05,100.0,SL Hit (50% Premium Appreciation),-21.6,-21.6
NIFTY,CE_SPREAD,2026-07-24 09:42:00,2026-07-24 12:45:00,0 days 03:03:00,61,23700.0 / 23800.0,1,40.9,100.0,SL Hit (50% Premium Appreciation),-20.8,-20.8
NIFTY,CE_SPREAD,2026-07-24 09:45:00,2026-07-27 09:15:00,2 days 23:30:00,115,23650.0 / 23750.0,1,47.8,100.0,SL Hit (50% Premium Appreciation),-40.15,-40.15
NIFTY,CE_SPREAD,2026-07-24 09:48:00,2026-07-27 09:15:00,2 days 23:27:00,114,23650.0 / 23750.0,1,47.55,100.0,SL Hit (50% Premium Appreciation),-40.4,-40.4
NIFTY,CE_SPREAD,2026-07-24 09:51:00,2026-07-27 09:15:00,2 days 23:24:00,113,23650.0 / 23750.0,1,48.85,100.0,SL Hit (50% Premium Appreciation),-39.1,-39.1
NIFTY,CE_SPREAD,2026-07-24 09:57:00,2026-07-27 09:15:00,2 days 23:18:00,111,23650.0 / 23750.0,1,48.25,100.0,SL Hit (50% Premium Appreciation),-39.7,-39.7
NIFTY,CE_SPREAD,2026-07-24 10:00:00,2026-07-24 12:48:00,0 days 02:48:00,56,23650.0 / 23750.0,1,45.5,100.0,SL Hit (50% Premium Appreciation),-24.0,-24.0
NIFTY,CE_SPREAD,2026-07-24 10:03:00,2026-07-24 12:48:00,0 days 02:45:00,55,23650.0 / 23750.0,1,46.25,100.0,SL Hit (50% Premium Appreciation),-23.25,-23.25
NIFTY,CE_SPREAD,2026-07-24 10:06:00,2026-07-27 09:15:00,2 days 23:09:00,108,23600.0 / 23700.0,1,52.5,100.0,SL Hit (50% Premium Appreciation),-39.65,-39.65
NIFTY,CE_SPREAD,2026-07-24 10:12:00,2026-07-24 14:00:00,0 days 03:48:00,76,23600.0 / 23700.0,1,50.4,100.0,SL Hit (50% Premium Appreciation),-25.65,-25.65
NIFTY,CE_SPREAD,2026-07-24 10:15:00,2026-07-27 09:15:00,2 days 23:00:00,105,23600.0 / 23700.0,1,52.15,100.0,SL Hit (50% Premium Appreciation),-40.0,-40.0
NIFTY,CE_SPREAD,2026-07-24 10:21:00,2026-07-27 09:15:00,2 days 22:54:00,103,23600.0 / 23700.0,1,51.6,100.0,SL Hit (50% Premium Appreciation),-40.55,-40.55
NIFTY,CE_SPREAD,2026-07-24 10:24:00,2026-07-27 09:15:00,2 days 22:51:00,102,23600.0 / 23700.0,1,51.8,100.0,SL Hit (50% Premium Appreciation),-40.35,-40.35
NIFTY,CE_SPREAD,2026-07-24 10:33:00,2026-07-27 09:15:00,2 days 22:42:00,99,23600.0 / 23700.0,1,52.15,100.0,SL Hit (50% Premium Appreciation),-40.0,-40.0
NIFTY,CE_SPREAD,2026-07-24 10:57:00,2026-07-24 12:48:00,0 days 01:51:00,37,23650.0 / 23750.0,1,46.15,100.0,SL Hit (50% Premium Appreciation),-23.35,-23.35
NIFTY,CE_SPREAD,2026-07-24 11:00:00,2026-07-24 14:00:00,0 days 03:00:00,60,23650.0 / 23750.0,1,46.45,100.0,SL Hit (50% Premium Appreciation),-23.8,-23.8
NIFTY,CE_SPREAD,2026-07-24 11:09:00,2026-07-24 12:48:00,0 days 01:39:00,33,23650.0 / 23750.0,1,45.85,100.0,SL Hit (50% Premium Appreciation),-23.65,-23.65
NIFTY,CE_SPREAD,2026-07-24 11:12:00,2026-07-24 12:48:00,0 days 01:36:00,32,23650.0 / 23750.0,1,45.2,100.0,SL Hit (50% Premium Appreciation),-24.3,-24.3
NIFTY,CE_SPREAD,2026-07-24 11:15:00,2026-07-27 09:15:00,2 days 22:00:00,85,23600.0 / 23700.0,1,54.3,100.0,SL Hit (50% Premium Appreciation),-37.85,-37.85
NIFTY,CE_SPREAD,2026-07-24 13:06:00,2026-07-27 09:15:00,2 days 20:09:00,48,23750.0 / 23850.0,1,50.1,100.0,SL Hit (50% Premium Appreciation),-28.35,-28.35
NIFTY,CE_SPREAD,2026-07-24 13:09:00,2026-07-27 09:15:00,2 days 20:06:00,47,23750.0 / 23850.0,1,50.1,100.0,SL Hit (50% Premium Appreciation),-28.35,-28.35
NIFTY,CE_SPREAD,2026-07-24 13:33:00,2026-07-27 09:15:00,2 days 19:42:00,39,23750.0 / 23850.0,1,48.2,100.0,SL Hit (50% Premium Appreciation),-30.25,-30.25
NIFTY,CE_SPREAD,2026-07-24 13:36:00,2026-07-27 09:15:00,2 days 19:39:00,38,23750.0 / 23850.0,1,49.35,100.0,SL Hit (50% Premium Appreciation),-29.1,-29.1
NIFTY,CE_SPREAD,2026-07-24 13:42:00,2026-07-27 09:15:00,2 days 19:33:00,36,23750.0 / 23850.0,1,46.7,100.0,SL Hit (50% Premium Appreciation),-31.75,-31.75
NIFTY,PE_SPREAD,2026-07-24 13:48:00,2026-07-27 09:15:00,2 days 19:27:00,34,23750.0 / 23650.0,1,36.1,100.0,Target Hit (50% Premium Decay),24.95,24.95
NIFTY,PE_SPREAD,2026-07-24 13:51:00,2026-07-27 09:15:00,2 days 19:24:00,33,23750.0 / 23650.0,1,35.0,100.0,Target Hit (50% Premium Decay),23.85,23.85
NIFTY,PE_SPREAD,2026-07-24 13:54:00,2026-07-27 09:15:00,2 days 19:21:00,32,23800.0 / 23700.0,1,39.95,100.0,Target Hit (50% Premium Decay),24.05,24.05
NIFTY,PE_SPREAD,2026-07-24 14:15:00,2026-07-27 09:15:00,2 days 19:00:00,25,23800.0 / 23700.0,1,38.05,100.0,Target Hit (50% Premium Decay),22.15,22.15
NIFTY,PE_SPREAD,2026-07-24 14:27:00,2026-07-27 09:15:00,2 days 18:48:00,21,23800.0 / 23700.0,1,40.75,100.0,Target Hit (50% Premium Decay),24.85,24.85
NIFTY,PE_SPREAD,2026-07-24 14:30:00,2026-07-27 09:15:00,2 days 18:45:00,20,23800.0 / 23700.0,1,41.05,100.0,Target Hit (50% Premium Decay),25.15,25.15
NIFTY,PE_SPREAD,2026-07-24 14:42:00,2026-07-27 09:15:00,2 days 18:33:00,16,23750.0 / 23650.0,1,34.5,100.0,Target Hit (50% Premium Decay),23.35,23.35
NIFTY,PE_SPREAD,2026-07-24 14:48:00,2026-07-27 09:15:00,2 days 18:27:00,14,23750.0 / 23650.0,1,34.0,100.0,Target Hit (50% Premium Decay),22.85,22.85
NIFTY,PE_SPREAD,2026-07-24 14:51:00,2026-07-27 09:15:00,2 days 18:24:00,13,23750.0 / 23650.0,1,30.85,100.0,Target Hit (50% Premium Decay),19.7,19.7
NIFTY,PE_SPREAD,2026-07-24 14:54:00,2026-07-27 09:15:00,2 days 18:21:00,12,23800.0 / 23700.0,1,38.85,100.0,Target Hit (50% Premium Decay),22.95,22.95
NIFTY,PE_SPREAD,2026-07-24 15:12:00,2026-07-27 09:15:00,2 days 18:03:00,6,23750.0 / 23650.0,1,32.75,100.0,Target Hit (50% Premium Decay),21.6,21.6
NIFTY,PE_SPREAD,2026-07-24 15:15:00,2026-07-27 09:15:00,2 days 18:00:00,5,23750.0 / 23650.0,1,32.2,100.0,Target Hit (50% Premium Decay),21.05,21.05
NIFTY,PE_SPREAD,2026-07-24 15:21:00,2026-07-27 09:15:00,2 days 17:54:00,3,23750.0 / 23650.0,1,31.3,100.0,Target Hit (50% Premium Decay),20.15,20.15
NIFTY,PE_SPREAD,2026-07-27 10:00:00,2026-07-27 15:15:00,0 days 05:15:00,105,23950.0 / 23850.0,1,38.55,100.0,Target Hit (50% Premium Decay),20.05,20.05
NIFTY,PE_SPREAD,2026-07-27 10:12:00,2026-07-27 14:24:00,0 days 04:12:00,84,23900.0 / 23800.0,1,26.3,100.0,Target Hit (50% Premium Decay),13.15,13.15
NIFTY,PE_SPREAD,2026-07-27 10:15:00,2026-07-27 15:09:00,0 days 04:54:00,98,23950.0 / 23850.0,1,39.3,100.0,Target Hit (50% Premium Decay),19.9,19.9
NIFTY,PE_SPREAD,2026-07-27 10:42:00,2026-07-27 14:24:00,0 days 03:42:00,74,23900.0 / 23800.0,1,28.65,100.0,Target Hit (50% Premium Decay),15.5,15.5
NIFTY,PE_SPREAD,2026-07-27 10:45:00,2026-07-27 15:09:00,0 days 04:24:00,88,23950.0 / 23850.0,1,39.5,100.0,Target Hit (50% Premium Decay),20.1,20.1
NIFTY,PE_SPREAD,2026-07-27 10:54:00,2026-07-27 14:24:00,0 days 03:30:00,70,23900.0 / 23800.0,1,29.55,100.0,Target Hit (50% Premium Decay),16.4,16.4
NIFTY,PE_SPREAD,2026-07-27 11:00:00,2026-07-27 15:18:00,0 days 04:18:00,86,23950.0 / 23850.0,1,36.95,100.0,Target Hit (50% Premium Decay),19.3,19.3
NIFTY,PE_SPREAD,2026-07-27 11:18:00,2026-07-27 15:21:00,0 days 04:03:00,81,23950.0 / 23850.0,1,34.15,100.0,Target Hit (50% Premium Decay),17.95,17.95
NIFTY,PE_SPREAD,2026-07-27 11:57:00,2026-07-27 15:27:00,0 days 03:30:00,70,23950.0 / 23850.0,1,30.75,100.0,Target Hit (50% Premium Decay),15.6,15.6
NIFTY,PE_SPREAD,2026-07-27 12:09:00,2026-07-27 15:27:00,0 days 03:18:00,66,23950.0 / 23850.0,1,32.05,100.0,Target Hit (50% Premium Decay),16.9,16.9
NIFTY,PE_SPREAD,2026-07-27 12:15:00,2026-07-27 15:27:00,0 days 03:12:00,64,23950.0 / 23850.0,1,30.65,100.0,Target Hit (50% Premium Decay),15.5,15.5
NIFTY,PE_SPREAD,2026-07-27 12:18:00,2026-07-27 15:27:00,0 days 03:09:00,63,23950.0 / 23850.0,1,32.1,100.0,Target Hit (50% Premium Decay),16.95,16.95
NIFTY,PE_SPREAD,2026-07-27 12:24:00,2026-07-27 15:27:00,0 days 03:03:00,61,23950.0 / 23850.0,1,31.0,100.0,Target Hit (50% Premium Decay),15.85,15.85
NIFTY,PE_SPREAD,2026-07-27 12:27:00,2026-07-27 15:21:00,0 days 02:54:00,58,23950.0 / 23850.0,1,33.0,100.0,Target Hit (50% Premium Decay),16.8,16.8
NIFTY,PE_SPREAD,2026-07-27 12:33:00,2026-07-27 15:27:00,0 days 02:54:00,58,23950.0 / 23850.0,1,31.95,100.0,Target Hit (50% Premium Decay),16.8,16.8
NIFTY,PE_SPREAD,2026-07-27 12:45:00,2026-07-27 15:27:00,0 days 02:42:00,54,23950.0 / 23850.0,1,31.6,100.0,Target Hit (50% Premium Decay),16.45,16.45
NIFTY,PE_SPREAD,2026-07-27 12:48:00,2026-07-27 15:27:00,0 days 02:39:00,53,23950.0 / 23850.0,1,32.25,100.0,Target Hit (50% Premium Decay),17.1,17.1
NIFTY,PE_SPREAD,2026-07-27 13:00:00,2026-07-27 15:27:00,0 days 02:27:00,49,23950.0 / 23850.0,1,31.6,100.0,Target Hit (50% Premium Decay),16.45,16.45
NIFTY,PE_SPREAD,2026-07-27 13:03:00,2026-07-28 09:15:00,0 days 20:12:00,49,23950.0 / 23850.0,1,28.65,100.0,Target Hit (50% Premium Decay),15.75,15.75
NIFTY,PE_SPREAD,2026-07-27 13:15:00,2026-07-28 09:15:00,0 days 20:00:00,45,23950.0 / 23850.0,1,26.6,100.0,Target Hit (50% Premium Decay),13.7,13.7
NIFTY,PE_SPREAD,2026-07-27 13:39:00,2026-07-27 15:21:00,0 days 01:42:00,34,23950.0 / 23850.0,1,34.05,100.0,Target Hit (50% Premium Decay),17.85,17.85
NIFTY,PE_SPREAD,2026-07-27 13:45:00,2026-07-27 15:27:00,0 days 01:42:00,34,23950.0 / 23850.0,1,30.4,100.0,Target Hit (50% Premium Decay),15.25,15.25
NIFTY,PE_SPREAD,2026-07-27 13:48:00,2026-07-27 15:27:00,0 days 01:39:00,33,23950.0 / 23850.0,1,32.3,100.0,Target Hit (50% Premium Decay),17.15,17.15
NIFTY,PE_SPREAD,2026-07-27 13:54:00,2026-07-28 09:15:00,0 days 19:21:00,32,23950.0 / 23850.0,1,30.05,100.0,Target Hit (50% Premium Decay),17.15,17.15
NIFTY,PE_SPREAD,2026-07-27 14:42:00,2026-07-28 11:15:00,0 days 20:33:00,56,24000.0 / 23900.0,1,32.05,100.0,Target Hit (50% Premium Decay),17.5,17.5
NIFTY,PE_SPREAD,2026-07-27 14:51:00,2026-07-28 11:15:00,0 days 20:24:00,53,24000.0 / 23900.0,1,32.55,100.0,Target Hit (50% Premium Decay),18.0,18.0
NIFTY,PE_SPREAD,2026-07-27 15:03:00,2026-07-28 11:15:00,0 days 20:12:00,49,24000.0 / 23900.0,1,31.95,100.0,Target Hit (50% Premium Decay),17.4,17.4
NIFTY,PE_SPREAD,2026-07-27 15:09:00,2026-07-28 11:15:00,0 days 20:06:00,47,24000.0 / 23900.0,1,30.4,100.0,Target Hit (50% Premium Decay),15.85,15.85
NIFTY,PE_SPREAD,2026-07-27 15:12:00,2026-07-28 11:15:00,0 days 20:03:00,46,24000.0 / 23900.0,1,30.3,100.0,Target Hit (50% Premium Decay),15.75,15.75
NIFTY,PE_SPREAD,2026-07-27 15:18:00,2026-07-28 10:09:00,0 days 18:51:00,22,24000.0 / 23900.0,1,27.75,100.0,SL Hit (50% Premium Appreciation),-14.05,-14.05
NIFTY,PE_SPREAD,2026-07-27 15:21:00,2026-07-28 10:03:00,0 days 18:42:00,19,24000.0 / 23900.0,1,25.6,100.0,SL Hit (50% Premium Appreciation),-15.35,-15.35
NIFTY,PE_SPREAD,2026-07-27 15:24:00,2026-07-28 10:03:00,0 days 18:39:00,18,24000.0 / 23900.0,1,25.85,100.0,SL Hit (50% Premium Appreciation),-15.1,-15.1
NIFTY,PE_SPREAD,2026-07-28 09:15:00,2026-07-28 10:03:00,0 days 00:48:00,16,23950.0 / 23850.0,1,12.9,100.0,SL Hit (50% Premium Appreciation),-9.85,-9.85
NIFTY,PE_SPREAD,2026-07-28 09:18:00,2026-07-28 10:00:00,0 days 00:42:00,14,24050.0 / 23950.0,1,35.6,100.0,SL Hit (50% Premium Appreciation),-20.45,-20.45
NIFTY,PE_SPREAD,2026-07-28 09:30:00,2026-07-28 10:51:00,0 days 01:21:00,27,24000.0 / 23900.0,1,33.25,100.0,Target Hit (50% Premium Decay),16.8,16.8
NIFTY,PE_SPREAD,2026-07-28 09:36:00,2026-07-28 10:03:00,0 days 00:27:00,9,24000.0 / 23900.0,1,23.35,100.0,SL Hit (50% Premium Appreciation),-17.6,-17.6
NIFTY,PE_SPREAD,2026-07-28 09:39:00,2026-07-28 10:03:00,0 days 00:24:00,8,24000.0 / 23900.0,1,24.25,100.0,SL Hit (50% Premium Appreciation),-16.7,-16.7
NIFTY,PE_SPREAD,2026-07-28 09:57:00,2026-07-28 10:03:00,0 days 00:06:00,2,24000.0 / 23900.0,1,24.65,100.0,SL Hit (50% Premium Appreciation),-16.3,-16.3
NIFTY,PE_SPREAD,2026-07-28 10:15:00,2026-07-28 15:00:00,0 days 04:45:00,95,24000.0 / 23900.0,1,26.8,100.0,SL Hit (50% Premium Appreciation),-15.6,-15.6
NIFTY,PE_SPREAD,2026-07-28 10:18:00,2026-07-28 11:15:00,0 days 00:57:00,19,24000.0 / 23900.0,1,30.95,100.0,Target Hit (50% Premium Decay),16.4,16.4
NIFTY,PE_SPREAD,2026-07-28 10:27:00,2026-07-28 10:51:00,0 days 00:24:00,8,24000.0 / 23900.0,1,33.7,100.0,Target Hit (50% Premium Decay),17.25,17.25
NIFTY,PE_SPREAD,2026-07-28 10:33:00,2026-07-28 11:15:00,0 days 00:42:00,14,24000.0 / 23900.0,1,29.35,100.0,Target Hit (50% Premium Decay),14.8,14.8
NIFTY,PE_SPREAD,2026-07-28 10:39:00,2026-07-28 13:18:00,0 days 02:39:00,53,24000.0 / 23900.0,1,23.55,100.0,SL Hit (50% Premium Appreciation),-11.85,-11.85
NIFTY,PE_SPREAD,2026-07-28 11:06:00,2026-07-28 13:12:00,0 days 02:06:00,42,24000.0 / 23900.0,1,19.65,100.0,SL Hit (50% Premium Appreciation),-11.55,-11.55
NIFTY,PE_SPREAD,2026-07-28 11:15:00,2026-07-28 11:30:00,0 days 00:15:00,5,24000.0 / 23900.0,1,14.55,100.0,SL Hit (50% Premium Appreciation),-7.45,-7.45
NIFTY,PE_SPREAD,2026-07-28 11:18:00,2026-07-28 13:12:00,0 days 01:54:00,38,24050.0 / 23950.0,1,40.6,100.0,SL Hit (50% Premium Appreciation),-20.45,-20.45
NIFTY,PE_SPREAD,2026-07-28 11:39:00,2026-07-28 13:12:00,0 days 01:33:00,31,24000.0 / 23900.0,1,18.8,100.0,SL Hit (50% Premium Appreciation),-12.4,-12.4
NIFTY,PE_SPREAD,2026-07-28 11:42:00,2026-07-28 13:09:00,0 days 01:27:00,29,24000.0 / 23900.0,1,16.8,100.0,SL Hit (50% Premium Appreciation),-10.95,-10.95
NIFTY,PE_SPREAD,2026-07-28 11:45:00,2026-07-28 13:09:00,0 days 01:24:00,28,24000.0 / 23900.0,1,14.85,100.0,SL Hit (50% Premium Appreciation),-12.9,-12.9
NIFTY,PE_SPREAD,2026-07-28 12:00:00,2026-07-28 13:18:00,0 days 01:18:00,26,24000.0 / 23900.0,1,21.35,100.0,SL Hit (50% Premium Appreciation),-14.05,-14.05
NIFTY,PE_SPREAD,2026-07-28 12:06:00,2026-07-28 13:09:00,0 days 01:03:00,21,24000.0 / 23900.0,1,15.2,100.0,SL Hit (50% Premium Appreciation),-12.55,-12.55
NIFTY,PE_SPREAD,2026-07-28 12:09:00,2026-07-28 13:09:00,0 days 01:00:00,20,24000.0 / 23900.0,1,15.1,100.0,SL Hit (50% Premium Appreciation),-12.65,-12.65
NIFTY,PE_SPREAD,2026-07-28 12:24:00,2026-07-28 13:09:00,0 days 00:45:00,15,24000.0 / 23900.0,1,16.05,100.0,SL Hit (50% Premium Appreciation),-11.7,-11.7
NIFTY,PE_SPREAD,2026-07-28 12:30:00,2026-07-28 13:06:00,0 days 00:36:00,12,24000.0 / 23900.0,1,14.15,100.0,SL Hit (50% Premium Appreciation),-7.85,-7.85
NIFTY,PE_SPREAD,2026-07-28 12:39:00,2026-07-28 13:06:00,0 days 00:27:00,9,24000.0 / 23900.0,1,14.3,100.0,SL Hit (50% Premium Appreciation),-7.7,-7.7
NIFTY,PE_SPREAD,2026-07-28 12:42:00,2026-07-28 13:09:00,0 days 00:27:00,9,24000.0 / 23900.0,1,16.85,100.0,SL Hit (50% Premium Appreciation),-10.9,-10.9
NIFTY,PE_SPREAD,2026-07-28 12:48:00,2026-07-28 13:09:00,0 days 00:21:00,7,24000.0 / 23900.0,1,18.4,100.0,SL Hit (50% Premium Appreciation),-9.35,-9.35
NIFTY,PE_SPREAD,2026-07-28 12:54:00,2026-07-28 13:09:00,0 days 00:15:00,5,24000.0 / 23900.0,1,16.4,100.0,SL Hit (50% Premium Appreciation),-11.35,-11.35
NIFTY,PE_SPREAD,2026-07-28 12:57:00,2026-07-28 13:15:00,0 days 00:18:00,6,24000.0 / 23900.0,1,21.05,100.0,SL Hit (50% Premium Appreciation),-10.9,-10.9
NIFTY,PE_SPREAD,2026-07-28 13:03:00,2026-07-28 13:12:00,0 days 00:09:00,3,24000.0 / 23900.0,1,19.85,100.0,SL Hit (50% Premium Appreciation),-11.35,-11.35
NIFTY,PE_SPREAD,2026-07-28 13:24:00,2026-07-28 15:18:00,0 days 01:54:00,38,24000.0 / 23900.0,1,32.35,100.0,Target Hit (50% Premium Decay),20.3,20.3
NIFTY,PE_SPREAD,2026-07-28 13:30:00,2026-07-28 15:00:00,0 days 01:30:00,30,24000.0 / 23900.0,1,28.15,100.0,SL Hit (50% Premium Appreciation),-14.25,-14.25
NIFTY,PE_SPREAD,2026-07-28 13:33:00,2026-07-28 15:00:00,0 days 01:27:00,29,24000.0 / 23900.0,1,27.45,100.0,SL Hit (50% Premium Appreciation),-14.95,-14.95
NIFTY,PE_SPREAD,2026-07-28 13:36:00,2026-07-28 15:18:00,0 days 01:42:00,34,24000.0 / 23900.0,1,31.45,100.0,Target Hit (50% Premium Decay),19.4,19.4
NIFTY,PE_SPREAD,2026-07-28 13:45:00,2026-07-28 15:18:00,0 days 01:33:00,31,24000.0 / 23900.0,1,31.05,100.0,Target Hit (50% Premium Decay),19.0,19.0
NIFTY,PE_SPREAD,2026-07-28 13:51:00,2026-07-28 15:00:00,0 days 01:09:00,23,24000.0 / 23900.0,1,22.6,100.0,SL Hit (50% Premium Appreciation),-19.8,-19.8
NIFTY,PE_SPREAD,2026-07-28 13:54:00,2026-07-28 15:00:00,0 days 01:06:00,22,24000.0 / 23900.0,1,21.65,100.0,SL Hit (50% Premium Appreciation),-20.75,-20.75
NIFTY,PE_SPREAD,2026-07-28 14:21:00,2026-07-28 15:00:00,0 days 00:39:00,13,24000.0 / 23900.0,1,24.15,100.0,SL Hit (50% Premium Appreciation),-18.25,-18.25
NIFTY,PE_SPREAD,2026-07-28 14:27:00,2026-07-28 15:00:00,0 days 00:33:00,11,24000.0 / 23900.0,1,23.25,100.0,SL Hit (50% Premium Appreciation),-19.15,-19.15
NIFTY,PE_SPREAD,2026-07-28 14:36:00,2026-07-28 15:00:00,0 days 00:24:00,8,24000.0 / 23900.0,1,21.6,100.0,SL Hit (50% Premium Appreciation),-20.8,-20.8
NIFTY,PE_SPREAD,2026-07-28 14:39:00,2026-07-28 14:45:00,0 days 00:06:00,2,24000.0 / 23900.0,1,16.25,100.0,SL Hit (50% Premium Appreciation),-9.8,-9.8
NIFTY,PE_SPREAD,2026-07-28 14:42:00,2026-07-28 15:00:00,0 days 00:18:00,6,24000.0 / 23900.0,1,19.05,100.0,SL Hit (50% Premium Appreciation),-23.35,-23.35
NIFTY,CE_SPREAD,2026-07-28 14:48:00,2026-07-28 15:00:00,0 days 00:12:00,4,24000.0 / 24100.0,1,5.2,100.0,Target Hit (50% Premium Decay),4.9,4.9
NIFTY,CE_SPREAD,2026-07-28 14:51:00,2026-07-28 15:00:00,0 days 00:09:00,3,23950.0 / 24050.0,1,35.65,100.0,Target Hit (50% Premium Decay),23.75,23.75
NIFTY,CE_SPREAD,2026-07-28 15:00:00,2026-07-28 15:03:00,0 days 00:03:00,1,24000.0 / 24100.0,1,0.3,100.0,Target Hit (50% Premium Decay),0.2,0.2
NIFTY,CE_SPREAD,2026-07-28 15:03:00,2026-07-28 15:15:00,0 days 00:12:00,4,23950.0 / 24050.0,1,13.3,100.0,SL Hit (50% Premium Appreciation),-6.9,-6.9
NIFTY,CE_SPREAD,2026-07-28 15:12:00,2026-07-28 15:18:00,0 days 00:06:00,2,23950.0 / 24050.0,1,15.1,100.0,SL Hit (50% Premium Appreciation),-23.4,-23.4
NIFTY,PE_SPREAD,2026-07-29 10:03:00,2026-07-31 09:15:00,1 days 23:12:00,234,24200.0 / 24100.0,1,39.6,100.0,Target Hit (50% Premium Decay),21.6,21.6
NIFTY,PE_SPREAD,2026-07-29 10:33:00,2026-07-31 11:18:00,2 days 00:45:00,265,24250.0 / 24150.0,1,43.6,100.0,Target Hit (50% Premium Decay),22.7,22.7
NIFTY,PE_SPREAD,2026-07-29 10:57:00,2026-07-31 09:15:00,1 days 22:18:00,216,24200.0 / 24100.0,1,38.95,100.0,Target Hit (50% Premium Decay),20.95,20.95
NIFTY,PE_SPREAD,2026-07-29 11:03:00,2026-07-31 11:15:00,2 days 00:12:00,254,24250.0 / 24150.0,1,44.0,100.0,Target Hit (50% Premium Decay),22.05,22.05
NIFTY,PE_SPREAD,2026-07-29 11:06:00,2026-07-31 11:18:00,2 days 00:12:00,254,24250.0 / 24150.0,1,42.4,100.0,Target Hit (50% Premium Decay),21.5,21.5
NIFTY,PE_SPREAD,2026-07-29 11:21:00,2026-07-31 11:18:00,1 days 23:57:00,249,24250.0 / 24150.0,1,42.85,100.0,Target Hit (50% Premium Decay),21.95,21.95
NIFTY,PE_SPREAD,2026-07-29 11:24:00,2026-07-31 11:18:00,1 days 23:54:00,248,24250.0 / 24150.0,1,43.35,100.0,Target Hit (50% Premium Decay),22.45,22.45
NIFTY,PE_SPREAD,2026-07-29 11:33:00,2026-07-31 09:21:00,1 days 21:48:00,206,24250.0 / 24150.0,1,45.05,100.0,Target Hit (50% Premium Decay),22.7,22.7
NIFTY,PE_SPREAD,2026-07-29 11:45:00,2026-07-31 11:18:00,1 days 23:33:00,241,24250.0 / 24150.0,1,43.25,100.0,Target Hit (50% Premium Decay),22.35,22.35
NIFTY,PE_SPREAD,2026-07-29 11:48:00,2026-07-31 11:15:00,1 days 23:27:00,239,24250.0 / 24150.0,1,43.95,100.0,Target Hit (50% Premium Decay),22.0,22.0
NIFTY,PE_SPREAD,2026-07-29 12:00:00,2026-07-31 11:18:00,1 days 23:18:00,236,24250.0 / 24150.0,1,43.1,100.0,Target Hit (50% Premium Decay),22.2,22.2
NIFTY,PE_SPREAD,2026-07-29 12:03:00,2026-07-31 11:18:00,1 days 23:15:00,235,24250.0 / 24150.0,1,43.15,100.0,Target Hit (50% Premium Decay),22.25,22.25
NIFTY,PE_SPREAD,2026-07-29 12:06:00,2026-07-31 11:18:00,1 days 23:12:00,234,24250.0 / 24150.0,1,42.4,100.0,Target Hit (50% Premium Decay),21.5,21.5
NIFTY,PE_SPREAD,2026-07-29 12:09:00,2026-07-31 11:18:00,1 days 23:09:00,233,24250.0 / 24150.0,1,42.4,100.0,Target Hit (50% Premium Decay),21.5,21.5
NIFTY,PE_SPREAD,2026-07-29 12:21:00,2026-07-31 11:18:00,1 days 22:57:00,229,24250.0 / 24150.0,1,43.25,100.0,Target Hit (50% Premium Decay),22.35,22.35
NIFTY,PE_SPREAD,2026-07-29 12:33:00,2026-07-31 09:15:00,1 days 20:42:00,184,24200.0 / 24100.0,1,38.1,100.0,Target Hit (50% Premium Decay),20.1,20.1
NIFTY,PE_SPREAD,2026-07-29 12:36:00,2026-07-31 11:18:00,1 days 22:42:00,224,24250.0 / 24150.0,1,43.15,100.0,Target Hit (50% Premium Decay),22.25,22.25
NIFTY,PE_SPREAD,2026-07-29 12:39:00,2026-07-31 11:18:00,1 days 22:39:00,223,24250.0 / 24150.0,1,43.2,100.0,Target Hit (50% Premium Decay),22.3,22.3
NIFTY,PE_SPREAD,2026-07-29 12:48:00,2026-07-31 09:15:00,1 days 20:27:00,179,24200.0 / 24100.0,1,39.8,100.0,Target Hit (50% Premium Decay),21.8,21.8
NIFTY,PE_SPREAD,2026-07-29 12:54:00,2026-07-31 09:15:00,1 days 20:21:00,177,24200.0 / 24100.0,1,38.45,100.0,Target Hit (50% Premium Decay),20.45,20.45
NIFTY,PE_SPREAD,2026-07-29 12:57:00,2026-07-31 11:12:00,1 days 22:15:00,215,24250.0 / 24150.0,1,44.35,100.0,Target Hit (50% Premium Decay),22.2,22.2
NIFTY,PE_SPREAD,2026-07-29 13:27:00,2026-07-31 11:18:00,1 days 21:51:00,207,24250.0 / 24150.0,1,42.05,100.0,Target Hit (50% Premium Decay),21.15,21.15
NIFTY,PE_SPREAD,2026-07-29 13:33:00,2026-07-31 11:18:00,1 days 21:45:00,205,24250.0 / 24150.0,1,42.05,100.0,Target Hit (50% Premium Decay),21.15,21.15
NIFTY,PE_SPREAD,2026-07-29 13:48:00,2026-07-31 11:33:00,1 days 21:45:00,205,24250.0 / 24150.0,1,41.65,100.0,Target Hit (50% Premium Decay),20.85,20.85
NIFTY,PE_SPREAD,2026-07-29 13:54:00,2026-07-31 11:18:00,1 days 21:24:00,198,24250.0 / 24150.0,1,41.8,100.0,Target Hit (50% Premium Decay),20.9,20.9
NIFTY,PE_SPREAD,2026-07-29 14:03:00,2026-07-31 12:12:00,1 days 22:09:00,213,24250.0 / 24150.0,1,40.3,100.0,Target Hit (50% Premium Decay),21.5,21.5
NIFTY,PE_SPREAD,2026-07-29 14:18:00,2026-07-31 12:12:00,1 days 21:54:00,208,24250.0 / 24150.0,1,38.8,100.0,Target Hit (50% Premium Decay),20.0,20.0
NIFTY,PE_SPREAD,2026-07-29 14:30:00,2026-07-31 12:12:00,1 days 21:42:00,204,24250.0 / 24150.0,1,39.6,100.0,Target Hit (50% Premium Decay),20.8,20.8
NIFTY,PE_SPREAD,2026-07-29 14:48:00,2026-07-31 12:06:00,1 days 21:18:00,196,24250.0 / 24150.0,1,40.5,100.0,Target Hit (50% Premium Decay),20.3,20.3
NIFTY,PE_SPREAD,2026-07-29 14:54:00,2026-07-31 12:12:00,1 days 21:18:00,196,24250.0 / 24150.0,1,39.7,100.0,Target Hit (50% Premium Decay),20.9,20.9
NIFTY,PE_SPREAD,2026-07-29 15:09:00,2026-07-31 11:48:00,1 days 20:39:00,183,24250.0 / 24150.0,1,41.45,100.0,Target Hit (50% Premium Decay),20.75,20.75
NIFTY,PE_SPREAD,2026-07-30 09:15:00,2026-07-31 11:18:00,1 days 02:03:00,166,24250.0 / 24150.0,1,43.25,100.0,Target Hit (50% Premium Decay),22.35,22.35
NIFTY,PE_SPREAD,2026-07-30 09:21:00,2026-07-31 12:12:00,1 days 02:51:00,182,24250.0 / 24150.0,1,39.9,100.0,Target Hit (50% Premium Decay),21.1,21.1
NIFTY,PE_SPREAD,2026-07-30 09:45:00,2026-07-31 12:12:00,1 days 02:27:00,174,24250.0 / 24150.0,1,39.75,100.0,Target Hit (50% Premium Decay),20.95,20.95
NIFTY,PE_SPREAD,2026-07-30 09:48:00,2026-07-31 12:42:00,1 days 02:54:00,183,24300.0 / 24200.0,1,45.8,100.0,Target Hit (50% Premium Decay),23.05,23.05
NIFTY,PE_SPREAD,2026-07-30 09:51:00,2026-07-31 12:36:00,1 days 02:45:00,180,24300.0 / 24200.0,1,47.55,100.0,Target Hit (50% Premium Decay),23.8,23.8
NIFTY,PE_SPREAD,2026-07-30 09:57:00,2026-07-31 12:12:00,1 days 02:15:00,170,24250.0 / 24150.0,1,40.0,100.0,Target Hit (50% Premium Decay),21.2,21.2
NIFTY,PE_SPREAD,2026-07-30 10:06:00,2026-07-31 12:00:00,1 days 01:54:00,163,24250.0 / 24150.0,1,40.8,100.0,Target Hit (50% Premium Decay),20.45,20.45
NIFTY,PE_SPREAD,2026-07-30 10:18:00,2026-07-31 09:21:00,0 days 23:03:00,106,24250.0 / 24150.0,1,44.85,100.0,Target Hit (50% Premium Decay),22.5,22.5
NIFTY,PE_SPREAD,2026-07-30 10:24:00,2026-07-31 11:12:00,1 days 00:48:00,141,24250.0 / 24150.0,1,44.6,100.0,Target Hit (50% Premium Decay),22.45,22.45
NIFTY,PE_SPREAD,2026-07-30 10:36:00,2026-07-31 09:21:00,0 days 22:45:00,100,24250.0 / 24150.0,1,45.15,100.0,Target Hit (50% Premium Decay),22.8,22.8
NIFTY,PE_SPREAD,2026-07-30 10:45:00,2026-07-31 11:18:00,1 days 00:33:00,136,24250.0 / 24150.0,1,42.15,100.0,Target Hit (50% Premium Decay),21.25,21.25
NIFTY,PE_SPREAD,2026-07-30 11:06:00,2026-07-31 11:18:00,1 days 00:12:00,129,24250.0 / 24150.0,1,42.85,100.0,Target Hit (50% Premium Decay),21.95,21.95
NIFTY,PE_SPREAD,2026-07-30 11:12:00,2026-07-31 11:33:00,1 days 00:21:00,132,24250.0 / 24150.0,1,41.75,100.0,Target Hit (50% Premium Decay),20.95,20.95
NIFTY,PE_SPREAD,2026-07-30 11:27:00,2026-07-31 12:42:00,1 days 01:15:00,150,24300.0 / 24200.0,1,46.05,100.0,Target Hit (50% Premium Decay),23.3,23.3
NIFTY,PE_SPREAD,2026-07-30 11:57:00,2026-07-31 12:06:00,1 days 00:09:00,128,24250.0 / 24150.0,1,40.6,100.0,Target Hit (50% Premium Decay),20.4,20.4
NIFTY,PE_SPREAD,2026-07-30 12:06:00,2026-07-31 11:57:00,0 days 23:51:00,122,24250.0 / 24150.0,1,41.2,100.0,Target Hit (50% Premium Decay),20.7,20.7
NIFTY,PE_SPREAD,2026-07-30 12:18:00,2026-07-31 11:57:00,0 days 23:39:00,118,24250.0 / 24150.0,1,41.15,100.0,Target Hit (50% Premium Decay),20.65,20.65
NIFTY,PE_SPREAD,2026-07-30 12:21:00,2026-07-31 11:33:00,0 days 23:12:00,109,24250.0 / 24150.0,1,41.65,100.0,Target Hit (50% Premium Decay),20.85,20.85
NIFTY,PE_SPREAD,2026-07-30 12:27:00,2026-07-31 12:12:00,0 days 23:45:00,120,24250.0 / 24150.0,1,40.35,100.0,Target Hit (50% Premium Decay),21.55,21.55
NIFTY,PE_SPREAD,2026-07-30 12:30:00,2026-07-31 12:54:00,1 days 00:24:00,133,24250.0 / 24150.0,1,33.45,100.0,Target Hit (50% Premium Decay),17.3,17.3
NIFTY,PE_SPREAD,2026-07-30 12:33:00,2026-08-03 09:15:00,3 days 20:42:00,184,24300.0 / 24200.0,1,36.15,100.0,Target Hit (50% Premium Decay),31.85,31.85
NIFTY,PE_SPREAD,2026-07-30 13:00:00,2026-07-31 13:24:00,1 days 00:24:00,133,24300.0 / 24200.0,1,41.95,100.0,Target Hit (50% Premium Decay),21.15,21.15
NIFTY,PE_SPREAD,2026-07-30 13:21:00,2026-07-31 12:33:00,0 days 23:12:00,109,24250.0 / 24150.0,1,35.85,100.0,Target Hit (50% Premium Decay),17.95,17.95
NIFTY,PE_SPREAD,2026-07-30 13:24:00,2026-07-31 12:54:00,0 days 23:30:00,115,24300.0 / 24200.0,1,43.95,100.0,Target Hit (50% Premium Decay),22.35,22.35
NIFTY,PE_SPREAD,2026-07-30 13:33:00,2026-07-31 13:06:00,0 days 23:33:00,116,24300.0 / 24200.0,1,43.1,100.0,Target Hit (50% Premium Decay),21.9,21.9
NIFTY,PE_SPREAD,2026-07-30 13:36:00,2026-08-03 09:15:00,3 days 19:39:00,163,24300.0 / 24200.0,1,41.25,100.0,Target Hit (50% Premium Decay),36.95,36.95
NIFTY,PE_SPREAD,2026-07-30 13:39:00,2026-08-03 09:15:00,3 days 19:36:00,162,24300.0 / 24200.0,1,40.3,100.0,Target Hit (50% Premium Decay),36.0,36.0
NIFTY,PE_SPREAD,2026-07-30 13:54:00,2026-07-31 13:24:00,0 days 23:30:00,115,24300.0 / 24200.0,1,41.8,100.0,Target Hit (50% Premium Decay),21.0,21.0
NIFTY,PE_SPREAD,2026-07-30 14:24:00,2026-07-31 11:18:00,0 days 20:54:00,63,24250.0 / 24150.0,1,42.6,100.0,Target Hit (50% Premium Decay),21.7,21.7
NIFTY,PE_SPREAD,2026-07-30 14:33:00,2026-07-31 11:57:00,0 days 21:24:00,73,24250.0 / 24150.0,1,41.05,100.0,Target Hit (50% Premium Decay),20.55,20.55
NIFTY,PE_SPREAD,2026-07-30 14:39:00,2026-07-31 12:12:00,0 days 21:33:00,76,24250.0 / 24150.0,1,40.25,100.0,Target Hit (50% Premium Decay),21.45,21.45
NIFTY,PE_SPREAD,2026-07-30 14:45:00,2026-07-31 12:33:00,0 days 21:48:00,81,24250.0 / 24150.0,1,36.7,100.0,Target Hit (50% Premium Decay),18.8,18.8
NIFTY,PE_SPREAD,2026-07-30 14:48:00,2026-07-31 12:36:00,0 days 21:48:00,81,24250.0 / 24150.0,1,35.5,100.0,Target Hit (50% Premium Decay),17.95,17.95
NIFTY,PE_SPREAD,2026-07-30 15:00:00,2026-07-31 12:36:00,0 days 21:36:00,77,24250.0 / 24150.0,1,35.55,100.0,Target Hit (50% Premium Decay),18.0,18.0
NIFTY,PE_SPREAD,2026-07-30 15:03:00,2026-08-03 09:15:00,3 days 18:12:00,134,24300.0 / 24200.0,1,39.0,100.0,Target Hit (50% Premium Decay),34.7,34.7
NIFTY,PE_SPREAD,2026-07-30 15:24:00,2026-08-03 09:15:00,3 days 17:51:00,127,24350.0 / 24250.0,1,48.95,100.0,Target Hit (50% Premium Decay),42.35,42.35
NIFTY,PE_SPREAD,2026-07-31 09:42:00,2026-08-03 09:15:00,2 days 23:33:00,116,24350.0 / 24250.0,1,38.25,100.0,Target Hit (50% Premium Decay),31.65,31.65
NIFTY,PE_SPREAD,2026-07-31 09:45:00,2026-08-03 09:15:00,2 days 23:30:00,115,24350.0 / 24250.0,1,37.2,100.0,Target Hit (50% Premium Decay),30.6,30.6
NIFTY,PE_SPREAD,2026-07-31 10:12:00,2026-08-03 09:15:00,2 days 23:03:00,106,24350.0 / 24250.0,1,39.35,100.0,Target Hit (50% Premium Decay),32.75,32.75
NIFTY,PE_SPREAD,2026-07-31 10:21:00,2026-08-03 09:15:00,2 days 22:54:00,103,24350.0 / 24250.0,1,37.85,100.0,Target Hit (50% Premium Decay),31.25,31.25
NIFTY,PE_SPREAD,2026-07-31 10:24:00,2026-08-03 09:15:00,2 days 22:51:00,102,24350.0 / 24250.0,1,38.45,100.0,Target Hit (50% Premium Decay),31.85,31.85
NIFTY,PE_SPREAD,2026-07-31 10:30:00,2026-08-03 09:15:00,2 days 22:45:00,100,24350.0 / 24250.0,1,40.2,100.0,Target Hit (50% Premium Decay),33.6,33.6
NIFTY,PE_SPREAD,2026-07-31 10:36:00,2026-08-03 09:15:00,2 days 22:39:00,98,24350.0 / 24250.0,1,37.3,100.0,Target Hit (50% Premium Decay),30.7,30.7
NIFTY,PE_SPREAD,2026-07-31 10:39:00,2026-08-03 09:15:00,2 days 22:36:00,97,24350.0 / 24250.0,1,37.65,100.0,Target Hit (50% Premium Decay),31.05,31.05
NIFTY,PE_SPREAD,2026-07-31 10:54:00,2026-08-03 09:15:00,2 days 22:21:00,92,24350.0 / 24250.0,1,38.3,100.0,Target Hit (50% Premium Decay),31.7,31.7
NIFTY,PE_SPREAD,2026-07-31 10:57:00,2026-08-03 09:15:00,2 days 22:18:00,91,24350.0 / 24250.0,1,37.35,100.0,Target Hit (50% Premium Decay),30.75,30.75
NIFTY,PE_SPREAD,2026-07-31 11:00:00,2026-08-03 09:15:00,2 days 22:15:00,90,24350.0 / 24250.0,1,37.25,100.0,Target Hit (50% Premium Decay),30.65,30.65
NIFTY,PE_SPREAD,2026-07-31 11:06:00,2026-08-03 09:15:00,2 days 22:09:00,88,24350.0 / 24250.0,1,38.85,100.0,Target Hit (50% Premium Decay),32.25,32.25
NIFTY,PE_SPREAD,2026-07-31 11:12:00,2026-08-03 09:15:00,2 days 22:03:00,86,24350.0 / 24250.0,1,36.75,100.0,Target Hit (50% Premium Decay),30.15,30.15
NIFTY,PE_SPREAD,2026-07-31 11:15:00,2026-08-03 09:15:00,2 days 22:00:00,85,24350.0 / 24250.0,1,36.7,100.0,Target Hit (50% Premium Decay),30.1,30.1
NIFTY,PE_SPREAD,2026-07-31 11:36:00,2026-08-03 09:15:00,2 days 21:39:00,78,24350.0 / 24250.0,1,36.1,100.0,Target Hit (50% Premium Decay),29.5,29.5
NIFTY,PE_SPREAD,2026-07-31 11:45:00,2026-08-03 09:15:00,2 days 21:30:00,75,24350.0 / 24250.0,1,36.1,100.0,Target Hit (50% Premium Decay),29.5,29.5
NIFTY,PE_SPREAD,2026-07-31 11:51:00,2026-08-03 09:15:00,2 days 21:24:00,73,24350.0 / 24250.0,1,35.85,100.0,Target Hit (50% Premium Decay),29.25,29.25
NIFTY,PE_SPREAD,2026-07-31 11:57:00,2026-08-03 09:15:00,2 days 21:18:00,71,24350.0 / 24250.0,1,35.15,100.0,Target Hit (50% Premium Decay),28.55,28.55
NIFTY,PE_SPREAD,2026-07-31 12:03:00,2026-08-03 09:15:00,2 days 21:12:00,69,24350.0 / 24250.0,1,35.4,100.0,Target Hit (50% Premium Decay),28.8,28.8
NIFTY,PE_SPREAD,2026-07-31 12:09:00,2026-08-03 09:15:00,2 days 21:06:00,67,24350.0 / 24250.0,1,35.2,100.0,Target Hit (50% Premium Decay),28.6,28.6
NIFTY,PE_SPREAD,2026-07-31 12:15:00,2026-08-03 09:15:00,2 days 21:00:00,65,24400.0 / 24300.0,1,42.0,100.0,Target Hit (50% Premium Decay),31.7,31.7
NIFTY,PE_SPREAD,2026-07-31 13:15:00,2026-08-03 09:15:00,2 days 20:00:00,45,24400.0 / 24300.0,1,37.15,100.0,Target Hit (50% Premium Decay),26.85,26.85
NIFTY,PE_SPREAD,2026-07-31 13:18:00,2026-08-03 09:15:00,2 days 19:57:00,44,24400.0 / 24300.0,1,37.0,100.0,Target Hit (50% Premium Decay),26.7,26.7
NIFTY,PE_SPREAD,2026-07-31 13:39:00,2026-08-03 09:15:00,2 days 19:36:00,37,24400.0 / 24300.0,1,39.45,100.0,Target Hit (50% Premium Decay),29.15,29.15
NIFTY,PE_SPREAD,2026-07-31 13:45:00,2026-08-03 09:15:00,2 days 19:30:00,35,24400.0 / 24300.0,1,38.7,100.0,Target Hit (50% Premium Decay),28.4,28.4
NIFTY,PE_SPREAD,2026-07-31 13:48:00,2026-08-03 09:15:00,2 days 19:27:00,34,24400.0 / 24300.0,1,38.45,100.0,Target Hit (50% Premium Decay),28.15,28.15
NIFTY,PE_SPREAD,2026-07-31 13:51:00,2026-08-03 09:15:00,2 days 19:24:00,33,24400.0 / 24300.0,1,37.85,100.0,Target Hit (50% Premium Decay),27.55,27.55
NIFTY,PE_SPREAD,2026-07-31 13:54:00,2026-08-03 09:15:00,2 days 19:21:00,32,24400.0 / 24300.0,1,37.55,100.0,Target Hit (50% Premium Decay),27.25,27.25
NIFTY,PE_SPREAD,2026-07-31 13:57:00,2026-08-03 09:15:00,2 days 19:18:00,31,24400.0 / 24300.0,1,36.6,100.0,Target Hit (50% Premium Decay),26.3,26.3
NIFTY,PE_SPREAD,2026-07-31 14:09:00,2026-08-03 09:15:00,2 days 19:06:00,27,24400.0 / 24300.0,1,38.85,100.0,Target Hit (50% Premium Decay),28.55,28.55
NIFTY,PE_SPREAD,2026-07-31 14:15:00,2026-08-03 09:15:00,2 days 19:00:00,25,24400.0 / 24300.0,1,37.95,100.0,Target Hit (50% Premium Decay),27.65,27.65
NIFTY,PE_SPREAD,2026-07-31 14:24:00,2026-08-03 09:15:00,2 days 18:51:00,22,24400.0 / 24300.0,1,36.95,100.0,Target Hit (50% Premium Decay),26.65,26.65
NIFTY,PE_SPREAD,2026-07-31 14:27:00,2026-08-03 09:15:00,2 days 18:48:00,21,24400.0 / 24300.0,1,38.6,100.0,Target Hit (50% Premium Decay),28.3,28.3
NIFTY,PE_SPREAD,2026-07-31 14:39:00,2026-08-03 09:15:00,2 days 18:36:00,17,24400.0 / 24300.0,1,40.5,100.0,Target Hit (50% Premium Decay),30.2,30.2
NIFTY,PE_SPREAD,2026-07-31 14:48:00,2026-08-03 09:15:00,2 days 18:27:00,14,24350.0 / 24250.0,1,31.25,100.0,Target Hit (50% Premium Decay),24.65,24.65
NIFTY,PE_SPREAD,2026-07-31 14:51:00,2026-08-03 09:15:00,2 days 18:24:00,13,24350.0 / 24250.0,1,32.8,100.0,Target Hit (50% Premium Decay),26.2,26.2
NIFTY,PE_SPREAD,2026-07-31 15:03:00,2026-08-03 09:15:00,2 days 18:12:00,9,24400.0 / 24300.0,1,40.3,100.0,Target Hit (50% Premium Decay),30.0,30.0
NIFTY,PE_SPREAD,2026-08-03 10:27:00,2026-08-03 15:15:00,0 days 04:48:00,96,24600.0 / 24500.0,1,39.25,100.0,15m Close < ATR Trailing SL,-1.6,-1.6
NIFTY,PE_SPREAD,2026-08-03 10:39:00,2026-08-03 15:15:00,0 days 04:36:00,92,24600.0 / 24500.0,1,39.55,100.0,15m Close < ATR Trailing SL,-1.3,-1.3
NIFTY,PE_SPREAD,2026-08-03 10:45:00,2026-08-03 15:15:00,0 days 04:30:00,90,24600.0 / 24500.0,1,39.49,100.0,15m Close < ATR Trailing SL,-1.36,-1.36
NIFTY,PE_SPREAD,2026-08-03 11:03:00,2026-08-03 15:15:00,0 days 04:12:00,84,24600.0 / 24500.0,1,36.45,100.0,15m Close < ATR Trailing SL,-4.4,-4.4
NIFTY,PE_SPREAD,2026-08-03 11:18:00,2026-08-03 15:15:00,0 days 03:57:00,79,24600.0 / 24500.0,1,37.4,100.0,15m Close < ATR Trailing SL,-3.45,-3.45
NIFTY,PE_SPREAD,2026-08-03 11:24:00,2026-08-03 15:15:00,0 days 03:51:00,77,24600.0 / 24500.0,1,37.3,100.0,15m Close < ATR Trailing SL,-3.55,-3.55
NIFTY,PE_SPREAD,2026-08-03 11:30:00,2026-08-03 15:15:00,0 days 03:45:00,75,24600.0 / 24500.0,1,38.55,100.0,15m Close < ATR Trailing SL,-2.3,-2.3
NIFTY,PE_SPREAD,2026-08-03 11:36:00,2026-08-03 15:15:00,0 days 03:39:00,73,24600.0 / 24500.0,1,37.75,100.0,15m Close < ATR Trailing SL,-3.1,-3.1
NIFTY,PE_SPREAD,2026-08-03 11:39:00,2026-08-03 15:15:00,0 days 03:36:00,72,24600.0 / 24500.0,1,36.6,100.0,15m Close < ATR Trailing SL,-4.25,-4.25
NIFTY,PE_SPREAD,2026-08-03 11:42:00,2026-08-03 15:15:00,0 days 03:33:00,71,24600.0 / 24500.0,1,37.0,100.0,15m Close < ATR Trailing SL,-3.85,-3.85
NIFTY,PE_SPREAD,2026-08-03 11:51:00,2026-08-03 15:15:00,0 days 03:24:00,68,24600.0 / 24500.0,1,36.15,100.0,15m Close < ATR Trailing SL,-4.7,-4.7
NIFTY,PE_SPREAD,2026-08-03 12:06:00,2026-08-03 15:15:00,0 days 03:09:00,63,24600.0 / 24500.0,1,36.85,100.0,15m Close < ATR Trailing SL,-4.0,-4.0
NIFTY,PE_SPREAD,2026-08-03 12:09:00,2026-08-03 15:15:00,0 days 03:06:00,62,24600.0 / 24500.0,1,36.39,100.0,15m Close < ATR Trailing SL,-4.46,-4.46
NIFTY,PE_SPREAD,2026-08-03 12:12:00,2026-08-03 15:15:00,0 days 03:03:00,61,24600.0 / 24500.0,1,35.2,100.0,15m Close < ATR Trailing SL,-5.65,-5.65
NIFTY,PE_SPREAD,2026-08-03 12:15:00,2026-08-03 15:15:00,0 days 03:00:00,60,24600.0 / 24500.0,1,34.1,100.0,15m Close < ATR Trailing SL,-6.75,-6.75
NIFTY,PE_SPREAD,2026-08-03 12:24:00,2026-08-03 15:15:00,0 days 02:51:00,57,24600.0 / 24500.0,1,34.5,100.0,15m Close < ATR Trailing SL,-6.35,-6.35
NIFTY,PE_SPREAD,2026-08-03 12:42:00,2026-08-03 15:15:00,0 days 02:33:00,51,24600.0 / 24500.0,1,37.4,100.0,15m Close < ATR Trailing SL,-3.45,-3.45
NIFTY,PE_SPREAD,2026-08-03 12:51:00,2026-08-03 15:15:00,0 days 02:24:00,48,24600.0 / 24500.0,1,39.61,100.0,15m Close < ATR Trailing SL,-1.24,-1.24
NIFTY,PE_SPREAD,2026-08-03 12:54:00,2026-08-03 15:15:00,0 days 02:21:00,47,24600.0 / 24500.0,1,40.24,100.0,15m Close < ATR Trailing SL,-0.61,-0.61
NIFTY,PE_SPREAD,2026-08-03 13:06:00,2026-08-03 15:15:00,0 days 02:09:00,43,24600.0 / 24500.0,1,41.66,100.0,15m Close < ATR Trailing SL,0.81,0.81
NIFTY,PE_SPREAD,2026-08-03 13:09:00,2026-08-03 15:15:00,0 days 02:06:00,42,24600.0 / 24500.0,1,42.65,100.0,15m Close < ATR Trailing SL,1.8,1.8
NIFTY,PE_SPREAD,2026-08-03 13:18:00,2026-08-03 15:15:00,0 days 01:57:00,39,24600.0 / 24500.0,1,41.51,100.0,15m Close < ATR Trailing SL,0.66,0.66
NIFTY,PE_SPREAD,2026-08-03 13:21:00,2026-08-03 15:15:00,0 days 01:54:00,38,24600.0 / 24500.0,1,40.65,100.0,15m Close < ATR Trailing SL,-0.2,-0.2
NIFTY,PE_SPREAD,2026-08-03 13:24:00,2026-08-03 15:15:00,0 days 01:51:00,37,24600.0 / 24500.0,1,39.05,100.0,15m Close < ATR Trailing SL,-1.8,-1.8
NIFTY,PE_SPREAD,2026-08-03 13:27:00,2026-08-03 15:15:00,0 days 01:48:00,36,24600.0 / 24500.0,1,37.89,100.0,15m Close < ATR Trailing SL,-2.96,-2.96
NIFTY,PE_SPREAD,2026-08-03 13:33:00,2026-08-03 15:15:00,0 days 01:42:00,34,24600.0 / 24500.0,1,36.4,100.0,15m Close < ATR Trailing SL,-4.45,-4.45
NIFTY,PE_SPREAD,2026-08-03 13:36:00,2026-08-03 15:15:00,0 days 01:39:00,33,24600.0 / 24500.0,1,36.74,100.0,15m Close < ATR Trailing SL,-4.11,-4.11
NIFTY,PE_SPREAD,2026-08-03 13:57:00,2026-08-03 15:15:00,0 days 01:18:00,26,24600.0 / 24500.0,1,38.6,100.0,15m Close < ATR Trailing SL,-2.25,-2.25
NIFTY,PE_SPREAD,2026-08-03 14:03:00,2026-08-03 15:15:00,0 days 01:12:00,24,24600.0 / 24500.0,1,38.2,100.0,15m Close < ATR Trailing SL,-2.65,-2.65
NIFTY,PE_SPREAD,2026-08-03 14:06:00,2026-08-03 15:15:00,0 days 01:09:00,23,24600.0 / 24500.0,1,38.65,100.0,15m Close < ATR Trailing SL,-2.2,-2.2
NIFTY,PE_SPREAD,2026-08-03 14:15:00,2026-08-03 15:15:00,0 days 01:00:00,20,24600.0 / 24500.0,1,39.7,100.0,15m Close < ATR Trailing SL,-1.15,-1.15
NIFTY,PE_SPREAD,2026-08-03 14:27:00,2026-08-03 15:15:00,0 days 00:48:00,16,24600.0 / 24500.0,1,38.59,100.0,15m Close < ATR Trailing SL,-2.26,-2.26
NIFTY,PE_SPREAD,2026-08-03 14:33:00,2026-08-03 15:15:00,0 days 00:42:00,14,24600.0 / 24500.0,1,37.65,100.0,15m Close < ATR Trailing SL,-3.2,-3.2
NIFTY,PE_SPREAD,2026-08-03 14:36:00,2026-08-03 15:15:00,0 days 00:39:00,13,24600.0 / 24500.0,1,37.25,100.0,15m Close < ATR Trailing SL,-3.6,-3.6
NIFTY,PE_SPREAD,2026-08-03 14:39:00,2026-08-03 15:15:00,0 days 00:36:00,12,24600.0 / 24500.0,1,37.8,100.0,15m Close < ATR Trailing SL,-3.05,-3.05
NIFTY,PE_SPREAD,2026-08-03 14:57:00,2026-08-03 15:15:00,0 days 00:18:00,6,24600.0 / 24500.0,1,38.95,100.0,15m Close < ATR Trailing SL,-1.9,-1.9
NIFTY,PE_SPREAD,2026-08-03 15:12:00,2026-08-03 15:15:00,0 days 00:03:00,1,24550.0 / 24450.0,1,29.2,100.0,15m Close < ATR Trailing SL,1.4,1.4
NIFTY,PE_SPREAD,2026-08-04 09:15:00,2026-08-04 15:15:00,0 days 06:00:00,120,24700.0 / 24600.0,1,69.15,100.0,15m Close < ATR Trailing SL,-18.75,-18.75
NIFTY,PE_SPREAD,2026-08-04 09:21:00,2026-08-04 10:54:00,0 days 01:33:00,31,24600.0 / 24500.0,1,26.51,100.0,SL Hit (50% Premium Appreciation),-16.09,-16.09
NIFTY,PE_SPREAD,2026-08-04 09:24:00,2026-08-04 11:48:00,0 days 02:24:00,48,24600.0 / 24500.0,1,32.95,100.0,SL Hit (50% Premium Appreciation),-23.75,-23.75
NIFTY,PE_SPREAD,2026-08-04 09:39:00,2026-08-04 11:39:00,0 days 02:00:00,40,24600.0 / 24500.0,1,29.35,100.0,SL Hit (50% Premium Appreciation),-14.9,-14.9
NIFTY,PE_SPREAD,2026-08-04 09:42:00,2026-08-04 10:54:00,0 days 01:12:00,24,24600.0 / 24500.0,1,25.6,100.0,SL Hit (50% Premium Appreciation),-17.0,-17.0
NIFTY,PE_SPREAD,2026-08-04 10:15:00,2026-08-04 10:33:00,0 days 00:18:00,6,24600.0 / 24500.0,1,23.65,100.0,SL Hit (50% Premium Appreciation),-12.05,-12.05
NIFTY,PE_SPREAD,2026-08-04 10:18:00,2026-08-04 10:54:00,0 days 00:36:00,12,24600.0 / 24500.0,1,26.9,100.0,SL Hit (50% Premium Appreciation),-15.7,-15.7
NIFTY,PE_SPREAD,2026-08-04 10:30:00,2026-08-04 11:48:00,0 days 01:18:00,26,24600.0 / 24500.0,1,34.35,100.0,SL Hit (50% Premium Appreciation),-22.35,-22.35
NIFTY,PE_SPREAD,2026-08-04 10:42:00,2026-08-04 11:48:00,0 days 01:06:00,22,24600.0 / 24500.0,1,35.85,100.0,SL Hit (50% Premium Appreciation),-20.85,-20.85
NIFTY,PE_SPREAD,2026-08-04 10:51:00,2026-08-04 11:48:00,0 days 00:57:00,19,24600.0 / 24500.0,1,33.8,100.0,SL Hit (50% Premium Appreciation),-22.9,-22.9
NIFTY,PE_SPREAD,2026-08-04 11:00:00,2026-08-04 11:48:00,0 days 00:48:00,16,24600.0 / 24500.0,1,34.25,100.0,SL Hit (50% Premium Appreciation),-22.45,-22.45
NIFTY,PE_SPREAD,2026-08-04 11:03:00,2026-08-04 11:48:00,0 days 00:45:00,15,24600.0 / 24500.0,1,33.95,100.0,SL Hit (50% Premium Appreciation),-22.75,-22.75
NIFTY,PE_SPREAD,2026-08-04 11:09:00,2026-08-04 11:48:00,0 days 00:39:00,13,24600.0 / 24500.0,1,33.25,100.0,SL Hit (50% Premium Appreciation),-23.45,-23.45
NIFTY,PE_SPREAD,2026-08-04 11:15:00,2026-08-04 11:45:00,0 days 00:30:00,10,24600.0 / 24500.0,1,30.1,100.0,SL Hit (50% Premium Appreciation),-19.24,-19.24
NIFTY,CE_SPREAD,2026-08-04 11:33:00,2026-08-04 12:06:00,0 days 00:33:00,11,24600.0 / 24700.0,1,19.55,100.0,Target Hit (50% Premium Decay),9.9,9.9
NIFTY,CE_SPREAD,2026-08-04 11:36:00,2026-08-04 12:33:00,0 days 00:57:00,19,24550.0 / 24650.0,1,37.0,100.0,Target Hit (50% Premium Decay),20.0,20.0
NIFTY,CE_SPREAD,2026-08-04 11:39:00,2026-08-04 12:33:00,0 days 00:54:00,18,24550.0 / 24650.0,1,34.55,100.0,Target Hit (50% Premium Decay),17.55,17.55
NIFTY,CE_SPREAD,2026-08-04 11:42:00,2026-08-04 12:33:00,0 days 00:51:00,17,24550.0 / 24650.0,1,34.6,100.0,Target Hit (50% Premium Decay),17.6,17.6
NIFTY,CE_SPREAD,2026-08-04 11:45:00,2026-08-04 12:42:00,0 days 00:57:00,19,24550.0 / 24650.0,1,30.4,100.0,Target Hit (50% Premium Decay),15.91,15.91
NIFTY,CE_SPREAD,2026-08-04 11:48:00,2026-08-04 13:09:00,0 days 01:21:00,27,24550.0 / 24650.0,1,25.9,100.0,Target Hit (50% Premium Decay),14.35,14.35
NIFTY,CE_SPREAD,2026-08-04 11:51:00,2026-08-04 12:57:00,0 days 01:06:00,22,24550.0 / 24650.0,1,27.59,100.0,Target Hit (50% Premium Decay),13.94,13.94
NIFTY,CE_SPREAD,2026-08-04 11:57:00,2026-08-04 13:09:00,0 days 01:12:00,24,24550.0 / 24650.0,1,23.65,100.0,Target Hit (50% Premium Decay),12.1,12.1
NIFTY,CE_SPREAD,2026-08-04 12:00:00,2026-08-04 13:30:00,0 days 01:30:00,30,24500.0 / 24600.0,1,39.65,100.0,Target Hit (50% Premium Decay),22.35,22.35
NIFTY,CE_SPREAD,2026-08-04 12:03:00,2026-08-04 13:30:00,0 days 01:27:00,29,24500.0 / 24600.0,1,39.85,100.0,Target Hit (50% Premium Decay),22.55,22.55
NIFTY,CE_SPREAD,2026-08-04 12:06:00,2026-08-04 13:30:00,0 days 01:24:00,28,24500.0 / 24600.0,1,36.45,100.0,Target Hit (50% Premium Decay),19.15,19.15
NIFTY,CE_SPREAD,2026-08-04 12:09:00,2026-08-04 13:42:00,0 days 01:33:00,31,24500.0 / 24600.0,1,33.25,100.0,Target Hit (50% Premium Decay),18.54,18.54
NIFTY,CE_SPREAD,2026-08-04 12:12:00,2026-08-04 13:30:00,0 days 01:18:00,26,24500.0 / 24600.0,1,38.25,100.0,Target Hit (50% Premium Decay),20.95,20.95
NIFTY,CE_SPREAD,2026-08-04 12:27:00,2026-08-04 13:30:00,0 days 01:03:00,21,24500.0 / 24600.0,1,38.2,100.0,Target Hit (50% Premium Decay),20.9,20.9
NIFTY,CE_SPREAD,2026-08-04 12:30:00,2026-08-04 13:30:00,0 days 01:00:00,20,24500.0 / 24600.0,1,38.0,100.0,Target Hit (50% Premium Decay),20.7,20.7
NIFTY,CE_SPREAD,2026-08-04 12:33:00,2026-08-04 13:42:00,0 days 01:09:00,23,24500.0 / 24600.0,1,31.8,100.0,Target Hit (50% Premium Decay),17.09,17.09
NIFTY,CE_SPREAD,2026-08-04 12:36:00,2026-08-04 13:42:00,0 days 01:06:00,22,24500.0 / 24600.0,1,30.55,100.0,Target Hit (50% Premium Decay),15.84,15.84
NIFTY,CE_SPREAD,2026-08-04 12:39:00,2026-08-04 13:42:00,0 days 01:03:00,21,24500.0 / 24600.0,1,29.6,100.0,Target Hit (50% Premium Decay),14.89,14.89
NIFTY,CE_SPREAD,2026-08-04 12:42:00,2026-08-04 15:24:00,0 days 02:42:00,54,24500.0 / 24600.0,1,28.85,100.0,SL Hit (50% Premium Appreciation),-28.5,-28.5
NIFTY,CE_SPREAD,2026-08-04 12:45:00,2026-08-04 13:42:00,0 days 00:57:00,19,24500.0 / 24600.0,1,32.3,100.0,Target Hit (50% Premium Decay),17.59,17.59
NIFTY,CE_SPREAD,2026-08-04 12:54:00,2026-08-04 15:24:00,0 days 02:30:00,50,24500.0 / 24600.0,1,29.35,100.0,SL Hit (50% Premium Appreciation),-28.0,-28.0
NIFTY,CE_SPREAD,2026-08-04 12:57:00,2026-08-04 15:24:00,0 days 02:27:00,49,24500.0 / 24600.0,1,27.45,100.0,SL Hit (50% Premium Appreciation),-29.9,-29.9
NIFTY,CE_SPREAD,2026-08-04 13:00:00,2026-08-04 15:24:00,0 days 02:24:00,48,24500.0 / 24600.0,1,27.54,100.0,SL Hit (50% Premium Appreciation),-29.81,-29.81
NIFTY,CE_SPREAD,2026-08-04 13:03:00,2026-08-04 15:24:00,0 days 02:21:00,47,24500.0 / 24600.0,1,27.5,100.0,SL Hit (50% Premium Appreciation),-29.85,-29.85
NIFTY,CE_SPREAD,2026-08-04 13:06:00,2026-08-04 15:24:00,0 days 02:18:00,46,24500.0 / 24600.0,1,27.96,100.0,SL Hit (50% Premium Appreciation),-29.39,-29.39
NIFTY,CE_SPREAD,2026-08-04 13:09:00,2026-08-04 15:24:00,0 days 02:15:00,45,24500.0 / 24600.0,1,24.55,100.0,SL Hit (50% Premium Appreciation),-32.8,-32.8
NIFTY,CE_SPREAD,2026-08-04 13:12:00,2026-08-04 15:18:00,0 days 02:06:00,42,24500.0 / 24600.0,1,22.8,100.0,SL Hit (50% Premium Appreciation),-12.25,-12.25
NIFTY,CE_SPREAD,2026-08-04 13:15:00,2026-08-04 15:18:00,0 days 02:03:00,41,24500.0 / 24600.0,1,23.15,100.0,SL Hit (50% Premium Appreciation),-11.9,-11.9
NIFTY,CE_SPREAD,2026-08-04 13:21:00,2026-08-04 15:24:00,0 days 02:03:00,41,24500.0 / 24600.0,1,26.25,100.0,SL Hit (50% Premium Appreciation),-31.1,-31.1
NIFTY,CE_SPREAD,2026-08-04 13:27:00,2026-08-04 15:18:00,0 days 01:51:00,37,24500.0 / 24600.0,1,21.05,100.0,SL Hit (50% Premium Appreciation),-14.0,-14.0
NIFTY,CE_SPREAD,2026-08-04 13:30:00,2026-08-04 15:21:00,0 days 01:51:00,37,24450.0 / 24550.0,1,34.85,100.0,SL Hit (50% Premium Appreciation),-21.8,-21.8
NIFTY,CE_SPREAD,2026-08-04 13:33:00,2026-08-04 15:21:00,0 days 01:48:00,36,24450.0 / 24550.0,1,35.8,100.0,SL Hit (50% Premium Appreciation),-20.85,-20.85
NIFTY,CE_SPREAD,2026-08-04 13:36:00,2026-08-04 15:21:00,0 days 01:45:00,35,24450.0 / 24550.0,1,37.4,100.0,SL Hit (50% Premium Appreciation),-19.25,-19.25
NIFTY,CE_SPREAD,2026-08-04 13:45:00,2026-08-04 15:21:00,0 days 01:36:00,32,24450.0 / 24550.0,1,35.0,100.0,SL Hit (50% Premium Appreciation),-21.65,-21.65
NIFTY,CE_SPREAD,2026-08-04 13:54:00,2026-08-04 14:18:00,0 days 00:24:00,8,24450.0 / 24550.0,1,29.85,100.0,SL Hit (50% Premium Appreciation),-15.25,-15.25
NIFTY,CE_SPREAD,2026-08-04 13:57:00,2026-08-04 15:18:00,0 days 01:21:00,27,24450.0 / 24550.0,1,32.85,100.0,SL Hit (50% Premium Appreciation),-17.85,-17.85
NIFTY,CE_SPREAD,2026-08-04 14:03:00,2026-08-04 15:18:00,0 days 01:15:00,25,24450.0 / 24550.0,1,32.8,100.0,SL Hit (50% Premium Appreciation),-17.9,-17.9
NIFTY,CE_SPREAD,2026-08-04 14:36:00,2026-08-04 15:24:00,0 days 00:48:00,16,24450.0 / 24550.0,1,39.26,100.0,SL Hit (50% Premium Appreciation),-36.2,-36.2
NIFTY,CE_SPREAD,2026-08-04 14:42:00,2026-08-04 15:24:00,0 days 00:42:00,14,24450.0 / 24550.0,1,38.05,100.0,SL Hit (50% Premium Appreciation),-37.41,-37.41
NIFTY,CE_SPREAD,2026-08-04 14:45:00,2026-08-04 15:24:00,0 days 00:39:00,13,24450.0 / 24550.0,1,38.45,100.0,SL Hit (50% Premium Appreciation),-37.01,-37.01
NIFTY,CE_SPREAD,2026-08-04 15:00:00,2026-08-04 15:24:00,0 days 00:24:00,8,24450.0 / 24550.0,1,40.15,100.0,SL Hit (50% Premium Appreciation),-35.31,-35.31
NIFTY,CE_SPREAD,2026-08-04 15:03:00,2026-08-04 15:24:00,0 days 00:21:00,7,24450.0 / 24550.0,1,39.0,100.0,SL Hit (50% Premium Appreciation),-36.46,-36.46
NIFTY,CE_SPREAD,2026-08-04 15:06:00,2026-08-04 15:24:00,0 days 00:18:00,6,24450.0 / 24550.0,1,39.4,100.0,SL Hit (50% Premium Appreciation),-36.06,-36.06
NIFTY,CE_SPREAD,2026-08-04 15:12:00,2026-08-04 15:24:00,0 days 00:12:00,4,24450.0 / 24550.0,1,42.8,100.0,SL Hit (50% Premium Appreciation),-32.66,-32.66
NIFTY,PE_SPREAD,2026-08-05 10:00:00,2026-08-11 09:15:00,5 days 23:15:00,485,24600.0 / 24500.0,1,35.35,100.0,SL Hit (50% Premium Appreciation),-22.05,-22.05
NIFTY,PE_SPREAD,2026-08-05 10:03:00,2026-08-11 09:15:00,5 days 23:12:00,484,24600.0 / 24500.0,1,37.5,100.0,SL Hit (50% Premium Appreciation),-19.9,-19.9
NIFTY,PE_SPREAD,2026-08-05 10:09:00,2026-08-11 09:15:00,5 days 23:06:00,482,24600.0 / 24500.0,1,36.4,100.0,SL Hit (50% Premium Appreciation),-21.0,-21.0
NIFTY,PE_SPREAD,2026-08-05 10:12:00,2026-08-11 09:15:00,5 days 23:03:00,481,24600.0 / 24500.0,1,35.25,100.0,SL Hit (50% Premium Appreciation),-22.15,-22.15
NIFTY,PE_SPREAD,2026-08-05 10:21:00,2026-08-11 09:15:00,5 days 22:54:00,478,24600.0 / 24500.0,1,35.85,100.0,SL Hit (50% Premium Appreciation),-21.55,-21.55
NIFTY,PE_SPREAD,2026-08-05 10:24:00,2026-08-11 09:18:00,5 days 22:54:00,478,24600.0 / 24500.0,1,38.95,100.0,SL Hit (50% Premium Appreciation),-22.8,-22.8
NIFTY,PE_SPREAD,2026-08-05 10:36:00,2026-08-11 09:24:00,5 days 22:48:00,476,24600.0 / 24500.0,1,41.35,100.0,SL Hit (50% Premium Appreciation),-21.25,-21.25
NIFTY,PE_SPREAD,2026-08-05 10:42:00,2026-08-11 09:18:00,5 days 22:36:00,472,24600.0 / 24500.0,1,38.55,100.0,SL Hit (50% Premium Appreciation),-23.2,-23.2
NIFTY,PE_SPREAD,2026-08-05 10:48:00,2026-08-11 09:15:00,5 days 22:27:00,469,24600.0 / 24500.0,1,36.4,100.0,SL Hit (50% Premium Appreciation),-21.0,-21.0
NIFTY,PE_SPREAD,2026-08-05 11:15:00,2026-08-11 09:15:00,5 days 22:00:00,460,24650.0 / 24550.0,1,41.15,100.0,SL Hit (50% Premium Appreciation),-27.55,-27.55
NIFTY,PE_SPREAD,2026-08-05 11:39:00,2026-08-11 09:18:00,5 days 21:39:00,453,24600.0 / 24500.0,1,40.15,100.0,SL Hit (50% Premium Appreciation),-21.6,-21.6
NIFTY,PE_SPREAD,2026-08-05 11:45:00,2026-08-11 09:18:00,5 days 21:33:00,451,24600.0 / 24500.0,1,40.65,100.0,SL Hit (50% Premium Appreciation),-21.1,-21.1
NIFTY,PE_SPREAD,2026-08-05 12:03:00,2026-08-11 09:39:00,5 days 21:36:00,452,24600.0 / 24500.0,1,42.5,100.0,SL Hit (50% Premium Appreciation),-21.95,-21.95
NIFTY,PE_SPREAD,2026-08-05 12:09:00,2026-08-11 09:45:00,5 days 21:36:00,452,24600.0 / 24500.0,1,43.65,100.0,SL Hit (50% Premium Appreciation),-24.7,-24.7
NIFTY,PE_SPREAD,2026-08-05 12:15:00,2026-08-11 09:45:00,5 days 21:30:00,450,24550.0 / 24450.0,1,37.25,100.0,SL Hit (50% Premium Appreciation),-19.1,-19.1
NIFTY,PE_SPREAD,2026-08-05 12:18:00,2026-08-11 09:39:00,5 days 21:21:00,447,24600.0 / 24500.0,1,42.75,100.0,SL Hit (50% Premium Appreciation),-21.7,-21.7
NIFTY,PE_SPREAD,2026-08-05 12:27:00,2026-08-11 11:00:00,5 days 22:33:00,471,24550.0 / 24450.0,1,38.45,100.0,SL Hit (50% Premium Appreciation),-20.2,-20.2
NIFTY,PE_SPREAD,2026-08-05 12:42:00,2026-08-11 11:30:00,5 days 22:48:00,476,24550.0 / 24450.0,1,43.05,100.0,SL Hit (50% Premium Appreciation),-21.8,-21.8
NIFTY,CE_SPREAD,2026-08-05 12:48:00,2026-08-11 09:45:00,5 days 20:57:00,439,24550.0 / 24650.0,1,45.1,100.0,Target Hit (50% Premium Decay),23.6,23.6
NIFTY,CE_SPREAD,2026-08-05 12:51:00,2026-08-11 11:06:00,5 days 22:15:00,465,24500.0 / 24600.0,1,51.7,100.0,Target Hit (50% Premium Decay),26.15,26.15
NIFTY,CE_SPREAD,2026-08-05 12:57:00,2026-08-11 11:09:00,5 days 22:12:00,464,24500.0 / 24600.0,1,50.45,100.0,Target Hit (50% Premium Decay),26.6,26.6
NIFTY,CE_SPREAD,2026-08-05 13:00:00,2026-08-11 11:09:00,5 days 22:09:00,463,24500.0 / 24600.0,1,51.0,100.0,Target Hit (50% Premium Decay),27.15,27.15
NIFTY,CE_SPREAD,2026-08-05 13:06:00,2026-08-11 11:06:00,5 days 22:00:00,460,24500.0 / 24600.0,1,51.85,100.0,Target Hit (50% Premium Decay),26.3,26.3
NIFTY,CE_SPREAD,2026-08-05 13:27:00,2026-08-11 09:45:00,5 days 20:18:00,426,24550.0 / 24650.0,1,46.95,100.0,Target Hit (50% Premium Decay),25.45,25.45
NIFTY,CE_SPREAD,2026-08-05 13:36:00,2026-08-11 09:45:00,5 days 20:09:00,423,24550.0 / 24650.0,1,45.45,100.0,Target Hit (50% Premium Decay),23.95,23.95
NIFTY,CE_SPREAD,2026-08-05 13:39:00,2026-08-11 11:06:00,5 days 21:27:00,449,24500.0 / 24600.0,1,51.35,100.0,Target Hit (50% Premium Decay),25.8,25.8
NIFTY,CE_SPREAD,2026-08-05 13:45:00,2026-08-11 11:09:00,5 days 21:24:00,448,24500.0 / 24600.0,1,50.3,100.0,Target Hit (50% Premium Decay),26.45,26.45
NIFTY,CE_SPREAD,2026-08-05 13:54:00,2026-08-11 11:09:00,5 days 21:15:00,445,24500.0 / 24600.0,1,50.75,100.0,Target Hit (50% Premium Decay),26.9,26.9
NIFTY,CE_SPREAD,2026-08-05 13:57:00,2026-08-11 11:09:00,5 days 21:12:00,444,24500.0 / 24600.0,1,50.45,100.0,Target Hit (50% Premium Decay),26.6,26.6
NIFTY,CE_SPREAD,2026-08-05 14:15:00,2026-08-11 11:09:00,5 days 20:54:00,438,24500.0 / 24600.0,1,48.85,100.0,Target Hit (50% Premium Decay),25.0,25.0
NIFTY,CE_SPREAD,2026-08-05 14:18:00,2026-08-11 11:09:00,5 days 20:51:00,437,24500.0 / 24600.0,1,50.0,100.0,Target Hit (50% Premium Decay),26.15,26.15
NIFTY,CE_SPREAD,2026-08-05 14:24:00,2026-08-11 11:09:00,5 days 20:45:00,435,24500.0 / 24600.0,1,50.6,100.0,Target Hit (50% Premium Decay),26.75,26.75
NIFTY,CE_SPREAD,2026-08-05 14:27:00,2026-08-11 11:09:00,5 days 20:42:00,434,24500.0 / 24600.0,1,50.85,100.0,Target Hit (50% Premium Decay),27.0,27.0
NIFTY,CE_SPREAD,2026-08-05 14:30:00,2026-08-11 11:09:00,5 days 20:39:00,433,24500.0 / 24600.0,1,50.2,100.0,Target Hit (50% Premium Decay),26.35,26.35
NIFTY,CE_SPREAD,2026-08-05 14:33:00,2026-08-11 11:09:00,5 days 20:36:00,432,24500.0 / 24600.0,1,50.25,100.0,Target Hit (50% Premium Decay),26.4,26.4
NIFTY,CE_SPREAD,2026-08-05 14:36:00,2026-08-11 11:06:00,5 days 20:30:00,430,24500.0 / 24600.0,1,51.6,100.0,Target Hit (50% Premium Decay),26.05,26.05
NIFTY,CE_SPREAD,2026-08-05 14:42:00,2026-08-11 11:09:00,5 days 20:27:00,429,24500.0 / 24600.0,1,49.75,100.0,Target Hit (50% Premium Decay),25.9,25.9
NIFTY,CE_SPREAD,2026-08-05 14:45:00,2026-08-11 11:06:00,5 days 20:21:00,427,24500.0 / 24600.0,1,51.85,100.0,Target Hit (50% Premium Decay),26.3,26.3
NIFTY,PE_SPREAD,2026-08-06 09:36:00,2026-08-11 09:15:00,4 days 23:39:00,368,24650.0 / 24550.0,1,40.0,100.0,SL Hit (50% Premium Appreciation),-28.7,-28.7
NIFTY,PE_SPREAD,2026-08-06 10:09:00,2026-08-11 09:15:00,4 days 23:06:00,357,24600.0 / 24500.0,1,36.65,100.0,SL Hit (50% Premium Appreciation),-20.75,-20.75
NIFTY,PE_SPREAD,2026-08-06 10:12:00,2026-08-11 09:15:00,4 days 23:03:00,356,24650.0 / 24550.0,1,41.35,100.0,SL Hit (50% Premium Appreciation),-27.35,-27.35
NIFTY,PE_SPREAD,2026-08-06 10:15:00,2026-08-11 09:15:00,4 days 23:00:00,355,24650.0 / 24550.0,1,41.55,100.0,SL Hit (50% Premium Appreciation),-27.15,-27.15
NIFTY,PE_SPREAD,2026-08-06 10:21:00,2026-08-11 09:15:00,4 days 22:54:00,353,24600.0 / 24500.0,1,35.0,100.0,SL Hit (50% Premium Appreciation),-22.4,-22.4
NIFTY,PE_SPREAD,2026-08-06 10:24:00,2026-08-11 09:15:00,4 days 22:51:00,352,24650.0 / 24550.0,1,40.05,100.0,SL Hit (50% Premium Appreciation),-28.65,-28.65
NIFTY,PE_SPREAD,2026-08-06 10:30:00,2026-08-11 09:15:00,4 days 22:45:00,350,24650.0 / 24550.0,1,39.4,100.0,SL Hit (50% Premium Appreciation),-29.3,-29.3
NIFTY,PE_SPREAD,2026-08-06 10:39:00,2026-08-11 09:15:00,4 days 22:36:00,347,24650.0 / 24550.0,1,40.75,100.0,SL Hit (50% Premium Appreciation),-27.95,-27.95
NIFTY,PE_SPREAD,2026-08-06 10:45:00,2026-08-11 09:15:00,4 days 22:30:00,345,24650.0 / 24550.0,1,41.05,100.0,SL Hit (50% Premium Appreciation),-27.65,-27.65
NIFTY,PE_SPREAD,2026-08-06 10:51:00,2026-08-11 09:15:00,4 days 22:24:00,343,24650.0 / 24550.0,1,42.8,100.0,SL Hit (50% Premium Appreciation),-25.9,-25.9
NIFTY,PE_SPREAD,2026-08-06 10:57:00,2026-08-11 09:15:00,4 days 22:18:00,341,24650.0 / 24550.0,1,41.15,100.0,SL Hit (50% Premium Appreciation),-27.55,-27.55
NIFTY,PE_SPREAD,2026-08-06 11:06:00,2026-08-11 09:15:00,4 days 22:09:00,338,24650.0 / 24550.0,1,40.5,100.0,SL Hit (50% Premium Appreciation),-28.2,-28.2
NIFTY,PE_SPREAD,2026-08-06 11:09:00,2026-08-10 09:33:00,3 days 22:24:00,218,24650.0 / 24550.0,1,38.25,100.0,SL Hit (50% Premium Appreciation),-19.35,-19.35
NIFTY,PE_SPREAD,2026-08-06 11:12:00,2026-08-07 14:12:00,1 days 03:00:00,185,24650.0 / 24550.0,1,37.4,100.0,SL Hit (50% Premium Appreciation),-19.0,-19.0
NIFTY,PE_SPREAD,2026-08-06 11:51:00,2026-08-10 09:39:00,3 days 21:48:00,206,24650.0 / 24550.0,1,38.75,100.0,SL Hit (50% Premium Appreciation),-19.55,-19.55
NIFTY,PE_SPREAD,2026-08-06 11:54:00,2026-08-10 09:33:00,3 days 21:39:00,203,24650.0 / 24550.0,1,38.0,100.0,SL Hit (50% Premium Appreciation),-19.6,-19.6
NIFTY,PE_SPREAD,2026-08-06 11:57:00,2026-08-07 14:12:00,1 days 02:15:00,170,24650.0 / 24550.0,1,37.2,100.0,SL Hit (50% Premium Appreciation),-19.2,-19.2
NIFTY,PE_SPREAD,2026-08-06 12:18:00,2026-08-11 09:15:00,4 days 20:57:00,314,24650.0 / 24550.0,1,39.6,100.0,SL Hit (50% Premium Appreciation),-29.1,-29.1
NIFTY,PE_SPREAD,2026-08-06 12:27:00,2026-08-11 09:15:00,4 days 20:48:00,311,24650.0 / 24550.0,1,39.85,100.0,SL Hit (50% Premium Appreciation),-28.85,-28.85
NIFTY,PE_SPREAD,2026-08-06 12:33:00,2026-08-10 09:33:00,3 days 21:00:00,190,24650.0 / 24550.0,1,38.35,100.0,SL Hit (50% Premium Appreciation),-19.25,-19.25
NIFTY,PE_SPREAD,2026-08-06 12:36:00,2026-08-11 09:15:00,4 days 20:39:00,308,24650.0 / 24550.0,1,39.35,100.0,SL Hit (50% Premium Appreciation),-29.35,-29.35
NIFTY,PE_SPREAD,2026-08-06 12:45:00,2026-08-11 09:15:00,4 days 20:30:00,305,24650.0 / 24550.0,1,39.8,100.0,SL Hit (50% Premium Appreciation),-28.9,-28.9
NIFTY,PE_SPREAD,2026-08-06 13:00:00,2026-08-11 09:15:00,4 days 20:15:00,300,24650.0 / 24550.0,1,39.45,100.0,SL Hit (50% Premium Appreciation),-29.25,-29.25
NIFTY,PE_SPREAD,2026-08-06 13:03:00,2026-08-11 09:15:00,4 days 20:12:00,299,24650.0 / 24550.0,1,39.85,100.0,SL Hit (50% Premium Appreciation),-28.85,-28.85
NIFTY,PE_SPREAD,2026-08-06 13:06:00,2026-08-11 09:15:00,4 days 20:09:00,298,24650.0 / 24550.0,1,41.85,100.0,SL Hit (50% Premium Appreciation),-26.85,-26.85
NIFTY,PE_SPREAD,2026-08-06 13:12:00,2026-08-11 09:15:00,4 days 20:03:00,296,24650.0 / 24550.0,1,42.1,100.0,SL Hit (50% Premium Appreciation),-26.6,-26.6
NIFTY,PE_SPREAD,2026-08-06 13:18:00,2026-08-11 09:15:00,4 days 19:57:00,294,24650.0 / 24550.0,1,41.1,100.0,SL Hit (50% Premium Appreciation),-27.6,-27.6
NIFTY,PE_SPREAD,2026-08-06 13:30:00,2026-08-11 09:15:00,4 days 19:45:00,290,24650.0 / 24550.0,1,41.8,100.0,SL Hit (50% Premium Appreciation),-26.9,-26.9
NIFTY,PE_SPREAD,2026-08-06 13:33:00,2026-08-11 09:15:00,4 days 19:42:00,289,24650.0 / 24550.0,1,39.6,100.0,SL Hit (50% Premium Appreciation),-29.1,-29.1
NIFTY,PE_SPREAD,2026-08-06 13:36:00,2026-08-11 09:15:00,4 days 19:39:00,288,24650.0 / 24550.0,1,40.15,100.0,SL Hit (50% Premium Appreciation),-28.55,-28.55
NIFTY,PE_SPREAD,2026-08-06 13:42:00,2026-08-11 09:15:00,4 days 19:33:00,286,24650.0 / 24550.0,1,41.35,100.0,SL Hit (50% Premium Appreciation),-27.35,-27.35
NIFTY,PE_SPREAD,2026-08-06 13:54:00,2026-08-11 09:15:00,4 days 19:21:00,282,24650.0 / 24550.0,1,41.45,100.0,SL Hit (50% Premium Appreciation),-27.25,-27.25
NIFTY,PE_SPREAD,2026-08-06 14:00:00,2026-08-11 09:15:00,4 days 19:15:00,280,24650.0 / 24550.0,1,39.6,100.0,SL Hit (50% Premium Appreciation),-29.1,-29.1
NIFTY,PE_SPREAD,2026-08-06 14:48:00,2026-08-11 09:15:00,4 days 18:27:00,264,24650.0 / 24550.0,1,39.1,100.0,SL Hit (50% Premium Appreciation),-29.6,-29.6
NIFTY,PE_SPREAD,2026-08-06 14:51:00,2026-08-10 09:42:00,3 days 18:51:00,147,24650.0 / 24550.0,1,38.95,100.0,SL Hit (50% Premium Appreciation),-19.65,-19.65
NIFTY,PE_SPREAD,2026-08-06 15:09:00,2026-08-11 09:15:00,4 days 18:06:00,257,24650.0 / 24550.0,1,39.15,100.0,SL Hit (50% Premium Appreciation),-29.55,-29.55
NIFTY,PE_SPREAD,2026-08-06 15:15:00,2026-08-07 14:12:00,0 days 22:57:00,104,24650.0 / 24550.0,1,36.75,100.0,SL Hit (50% Premium Appreciation),-19.65,-19.65
NIFTY,PE_SPREAD,2026-08-07 09:15:00,2026-08-11 09:39:00,4 days 00:24:00,258,24550.0 / 24450.0,1,34.95,100.0,SL Hit (50% Premium Appreciation),-17.7,-17.7
NIFTY,PE_SPREAD,2026-08-07 09:18:00,2026-08-11 09:18:00,4 days 00:00:00,250,24600.0 / 24500.0,1,40.35,100.0,SL Hit (50% Premium Appreciation),-21.4,-21.4
NIFTY,PE_SPREAD,2026-08-07 09:21:00,2026-08-11 09:18:00,3 days 23:57:00,249,24600.0 / 24500.0,1,39.05,100.0,SL Hit (50% Premium Appreciation),-22.7,-22.7
NIFTY,PE_SPREAD,2026-08-07 09:24:00,2026-08-11 09:18:00,3 days 23:54:00,248,24600.0 / 24500.0,1,39.55,100.0,SL Hit (50% Premium Appreciation),-22.2,-22.2
NIFTY,PE_SPREAD,2026-08-07 09:33:00,2026-08-11 09:18:00,3 days 23:45:00,245,24600.0 / 24500.0,1,40.3,100.0,SL Hit (50% Premium Appreciation),-21.45,-21.45
NIFTY,PE_SPREAD,2026-08-07 09:39:00,2026-08-11 09:18:00,3 days 23:39:00,243,24600.0 / 24500.0,1,40.8,100.0,SL Hit (50% Premium Appreciation),-20.95,-20.95
NIFTY,PE_SPREAD,2026-08-07 09:45:00,2026-08-11 09:18:00,3 days 23:33:00,241,24600.0 / 24500.0,1,40.15,100.0,SL Hit (50% Premium Appreciation),-21.6,-21.6
NIFTY,PE_SPREAD,2026-08-07 09:51:00,2026-08-11 09:18:00,3 days 23:27:00,239,24600.0 / 24500.0,1,39.15,100.0,SL Hit (50% Premium Appreciation),-22.6,-22.6
NIFTY,CE_SPREAD,2026-08-07 10:03:00,2026-08-11 09:15:00,3 days 23:12:00,234,24600.0 / 24700.0,1,48.3,100.0,Target Hit (50% Premium Decay),26.45,26.45
NIFTY,CE_SPREAD,2026-08-07 10:06:00,2026-08-11 09:15:00,3 days 23:09:00,233,24600.0 / 24700.0,1,48.25,100.0,Target Hit (50% Premium Decay),26.4,26.4
NIFTY,CE_SPREAD,2026-08-07 10:12:00,2026-08-11 09:15:00,3 days 23:03:00,231,24600.0 / 24700.0,1,46.9,100.0,Target Hit (50% Premium Decay),25.05,25.05
NIFTY,CE_SPREAD,2026-08-07 10:15:00,2026-08-11 09:15:00,3 days 23:00:00,230,24600.0 / 24700.0,1,45.55,100.0,Target Hit (50% Premium Decay),23.7,23.7
NIFTY,CE_SPREAD,2026-08-07 10:18:00,2026-08-11 09:15:00,3 days 22:57:00,229,24600.0 / 24700.0,1,43.8,100.0,Target Hit (50% Premium Decay),21.95,21.95
NIFTY,CE_SPREAD,2026-08-07 10:21:00,2026-08-11 09:15:00,3 days 22:54:00,228,24600.0 / 24700.0,1,43.95,100.0,Target Hit (50% Premium Decay),22.1,22.1
NIFTY,CE_SPREAD,2026-08-07 10:24:00,2026-08-11 09:42:00,3 days 23:18:00,236,24550.0 / 24650.0,1,49.65,100.0,Target Hit (50% Premium Decay),24.9,24.9
NIFTY,CE_SPREAD,2026-08-07 10:27:00,2026-08-11 09:45:00,3 days 23:18:00,236,24550.0 / 24650.0,1,48.95,100.0,Target Hit (50% Premium Decay),27.45,27.45
NIFTY,CE_SPREAD,2026-08-07 10:30:00,2026-08-11 09:45:00,3 days 23:15:00,235,24550.0 / 24650.0,1,48.9,100.0,Target Hit (50% Premium Decay),27.4,27.4
NIFTY,CE_SPREAD,2026-08-07 10:33:00,2026-08-11 09:39:00,3 days 23:06:00,232,24550.0 / 24650.0,1,50.6,100.0,Target Hit (50% Premium Decay),25.4,25.4
NIFTY,CE_SPREAD,2026-08-07 10:39:00,2026-08-11 09:45:00,3 days 23:06:00,232,24550.0 / 24650.0,1,48.7,100.0,Target Hit (50% Premium Decay),27.2,27.2
NIFTY,CE_SPREAD,2026-08-07 10:42:00,2026-08-11 09:45:00,3 days 23:03:00,231,24550.0 / 24650.0,1,49.45,100.0,Target Hit (50% Premium Decay),27.95,27.95
NIFTY,CE_SPREAD,2026-08-07 10:45:00,2026-08-11 09:39:00,3 days 22:54:00,228,24550.0 / 24650.0,1,50.45,100.0,Target Hit (50% Premium Decay),25.25,25.25
NIFTY,CE_SPREAD,2026-08-07 11:00:00,2026-08-11 09:42:00,3 days 22:42:00,224,24550.0 / 24650.0,1,49.7,100.0,Target Hit (50% Premium Decay),24.95,24.95
NIFTY,CE_SPREAD,2026-08-07 11:03:00,2026-08-11 09:45:00,3 days 22:42:00,224,24550.0 / 24650.0,1,48.5,100.0,Target Hit (50% Premium Decay),27.0,27.0
NIFTY,CE_SPREAD,2026-08-07 11:06:00,2026-08-11 09:45:00,3 days 22:39:00,223,24550.0 / 24650.0,1,49.35,100.0,Target Hit (50% Premium Decay),27.85,27.85
NIFTY,CE_SPREAD,2026-08-07 11:12:00,2026-08-11 09:45:00,3 days 22:33:00,221,24550.0 / 24650.0,1,48.8,100.0,Target Hit (50% Premium Decay),27.3,27.3
NIFTY,CE_SPREAD,2026-08-07 11:18:00,2026-08-11 09:45:00,3 days 22:27:00,219,24550.0 / 24650.0,1,48.15,100.0,Target Hit (50% Premium Decay),26.65,26.65
NIFTY,CE_SPREAD,2026-08-07 11:48:00,2026-08-11 09:45:00,3 days 21:57:00,209,24550.0 / 24650.0,1,48.2,100.0,Target Hit (50% Premium Decay),26.7,26.7
NIFTY,CE_SPREAD,2026-08-07 11:51:00,2026-08-11 09:45:00,3 days 21:54:00,208,24550.0 / 24650.0,1,47.9,100.0,Target Hit (50% Premium Decay),26.4,26.4
NIFTY,CE_SPREAD,2026-08-07 11:54:00,2026-08-11 09:45:00,3 days 21:51:00,207,24550.0 / 24650.0,1,48.4,100.0,Target Hit (50% Premium Decay),26.9,26.9
NIFTY,CE_SPREAD,2026-08-07 12:03:00,2026-08-11 09:45:00,3 days 21:42:00,204,24550.0 / 24650.0,1,46.85,100.0,Target Hit (50% Premium Decay),25.35,25.35
NIFTY,CE_SPREAD,2026-08-07 12:06:00,2026-08-11 09:45:00,3 days 21:39:00,203,24550.0 / 24650.0,1,47.15,100.0,Target Hit (50% Premium Decay),25.65,25.65
NIFTY,CE_SPREAD,2026-08-07 12:09:00,2026-08-11 09:45:00,3 days 21:36:00,202,24550.0 / 24650.0,1,46.35,100.0,Target Hit (50% Premium Decay),24.85,24.85
NIFTY,CE_SPREAD,2026-08-07 12:12:00,2026-08-11 09:45:00,3 days 21:33:00,201,24550.0 / 24650.0,1,45.5,100.0,Target Hit (50% Premium Decay),24.0,24.0
NIFTY,CE_SPREAD,2026-08-07 12:15:00,2026-08-11 09:45:00,3 days 21:30:00,200,24550.0 / 24650.0,1,45.8,100.0,Target Hit (50% Premium Decay),24.3,24.3
NIFTY,CE_SPREAD,2026-08-07 12:18:00,2026-08-11 09:45:00,3 days 21:27:00,199,24550.0 / 24650.0,1,45.75,100.0,Target Hit (50% Premium Decay),24.25,24.25
NIFTY,CE_SPREAD,2026-08-07 12:21:00,2026-08-11 09:45:00,3 days 21:24:00,198,24550.0 / 24650.0,1,46.6,100.0,Target Hit (50% Premium Decay),25.1,25.1
NIFTY,CE_SPREAD,2026-08-07 13:00:00,2026-08-11 09:45:00,3 days 20:45:00,185,24550.0 / 24650.0,1,47.7,100.0,Target Hit (50% Premium Decay),26.2,26.2
NIFTY,CE_SPREAD,2026-08-07 13:03:00,2026-08-11 09:45:00,3 days 20:42:00,184,24550.0 / 24650.0,1,48.2,100.0,Target Hit (50% Premium Decay),26.7,26.7
NIFTY,CE_SPREAD,2026-08-07 13:15:00,2026-08-11 09:45:00,3 days 20:30:00,180,24550.0 / 24650.0,1,47.2,100.0,Target Hit (50% Premium Decay),25.7,25.7
NIFTY,CE_SPREAD,2026-08-07 13:21:00,2026-08-11 09:45:00,3 days 20:24:00,178,24550.0 / 24650.0,1,48.3,100.0,Target Hit (50% Premium Decay),26.8,26.8
NIFTY,CE_SPREAD,2026-08-07 13:33:00,2026-08-11 09:45:00,3 days 20:12:00,174,24550.0 / 24650.0,1,46.7,100.0,Target Hit (50% Premium Decay),25.2,25.2
NIFTY,CE_SPREAD,2026-08-07 13:36:00,2026-08-11 09:45:00,3 days 20:09:00,173,24550.0 / 24650.0,1,46.0,100.0,Target Hit (50% Premium Decay),24.5,24.5
NIFTY,CE_SPREAD,2026-08-07 13:39:00,2026-08-11 09:45:00,3 days 20:06:00,172,24550.0 / 24650.0,1,46.45,100.0,Target Hit (50% Premium Decay),24.95,24.95
NIFTY,CE_SPREAD,2026-08-07 13:42:00,2026-08-11 09:45:00,3 days 20:03:00,171,24550.0 / 24650.0,1,47.1,100.0,Target Hit (50% Premium Decay),25.6,25.6
NIFTY,CE_SPREAD,2026-08-07 13:45:00,2026-08-11 09:45:00,3 days 20:00:00,170,24550.0 / 24650.0,1,48.2,100.0,Target Hit (50% Premium Decay),26.7,26.7
NIFTY,CE_SPREAD,2026-08-07 14:00:00,2026-08-11 09:45:00,3 days 19:45:00,165,24550.0 / 24650.0,1,48.3,100.0,Target Hit (50% Premium Decay),26.8,26.8
NIFTY,CE_SPREAD,2026-08-07 14:03:00,2026-08-11 09:45:00,3 days 19:42:00,164,24550.0 / 24650.0,1,46.6,100.0,Target Hit (50% Premium Decay),25.1,25.1
NIFTY,CE_SPREAD,2026-08-07 14:06:00,2026-08-11 09:45:00,3 days 19:39:00,163,24550.0 / 24650.0,1,44.9,100.0,Target Hit (50% Premium Decay),23.4,23.4
NIFTY,CE_SPREAD,2026-08-07 14:09:00,2026-08-11 09:45:00,3 days 19:36:00,162,24550.0 / 24650.0,1,43.55,100.0,Target Hit (50% Premium Decay),22.05,22.05
NIFTY,CE_SPREAD,2026-08-07 14:12:00,2026-08-11 09:45:00,3 days 19:33:00,161,24550.0 / 24650.0,1,44.45,100.0,Target Hit (50% Premium Decay),22.95,22.95
NIFTY,CE_SPREAD,2026-08-07 14:15:00,2026-08-11 09:45:00,3 days 19:30:00,160,24550.0 / 24650.0,1,45.1,100.0,Target Hit (50% Premium Decay),23.6,23.6
NIFTY,CE_SPREAD,2026-08-07 14:21:00,2026-08-11 09:45:00,3 days 19:24:00,158,24550.0 / 24650.0,1,44.7,100.0,Target Hit (50% Premium Decay),23.2,23.2
NIFTY,CE_SPREAD,2026-08-07 14:24:00,2026-08-11 09:45:00,3 days 19:21:00,157,24550.0 / 24650.0,1,45.4,100.0,Target Hit (50% Premium Decay),23.9,23.9
NIFTY,CE_SPREAD,2026-08-07 14:30:00,2026-08-11 09:45:00,3 days 19:15:00,155,24550.0 / 24650.0,1,46.1,100.0,Target Hit (50% Premium Decay),24.6,24.6
NIFTY,CE_SPREAD,2026-08-07 14:33:00,2026-08-11 09:45:00,3 days 19:12:00,154,24550.0 / 24650.0,1,45.6,100.0,Target Hit (50% Premium Decay),24.1,24.1
NIFTY,CE_SPREAD,2026-08-07 14:39:00,2026-08-11 09:45:00,3 days 19:06:00,152,24550.0 / 24650.0,1,45.2,100.0,Target Hit (50% Premium Decay),23.7,23.7
NIFTY,CE_SPREAD,2026-08-07 14:42:00,2026-08-11 09:45:00,3 days 19:03:00,151,24550.0 / 24650.0,1,45.9,100.0,Target Hit (50% Premium Decay),24.4,24.4
NIFTY,CE_SPREAD,2026-08-07 14:54:00,2026-08-11 09:45:00,3 days 18:51:00,147,24550.0 / 24650.0,1,47.4,100.0,Target Hit (50% Premium Decay),25.9,25.9
NIFTY,CE_SPREAD,2026-08-07 14:57:00,2026-08-11 09:45:00,3 days 18:48:00,146,24550.0 / 24650.0,1,46.45,100.0,Target Hit (50% Premium Decay),24.95,24.95
NIFTY,CE_SPREAD,2026-08-10 09:27:00,2026-08-11 09:45:00,1 days 00:18:00,131,24550.0 / 24650.0,1,47.95,100.0,Target Hit (50% Premium Decay),26.45,26.45
NIFTY,CE_SPREAD,2026-08-10 09:30:00,2026-08-11 09:45:00,1 days 00:15:00,130,24550.0 / 24650.0,1,46.25,100.0,Target Hit (50% Premium Decay),24.75,24.75
NIFTY,CE_SPREAD,2026-08-10 09:33:00,2026-08-11 10:18:00,1 days 00:45:00,140,24550.0 / 24650.0,1,42.55,100.0,Target Hit (50% Premium Decay),22.4,22.4
NIFTY,CE_SPREAD,2026-08-10 09:36:00,2026-08-11 11:03:00,1 days 01:27:00,154,24500.0 / 24600.0,1,52.9,100.0,Target Hit (50% Premium Decay),26.55,26.55
NIFTY,CE_SPREAD,2026-08-10 09:42:00,2026-08-11 11:09:00,1 days 01:27:00,154,24500.0 / 24600.0,1,50.75,100.0,Target Hit (50% Premium Decay),26.9,26.9
NIFTY,CE_SPREAD,2026-08-10 09:45:00,2026-08-11 11:06:00,1 days 01:21:00,152,24500.0 / 24600.0,1,52.15,100.0,Target Hit (50% Premium Decay),26.6,26.6
NIFTY,CE_SPREAD,2026-08-10 09:54:00,2026-08-11 10:18:00,1 days 00:24:00,133,24550.0 / 24650.0,1,42.8,100.0,Target Hit (50% Premium Decay),22.65,22.65
NIFTY,CE_SPREAD,2026-08-10 10:12:00,2026-08-11 09:45:00,0 days 23:33:00,116,24550.0 / 24650.0,1,44.3,100.0,Target Hit (50% Premium Decay),22.8,22.8
NIFTY,PE_SPREAD,2026-08-10 11:03:00,2026-08-11 09:15:00,0 days 22:12:00,89,24600.0 / 24500.0,1,36.2,100.0,SL Hit (50% Premium Appreciation),-21.2,-21.2
NIFTY,PE_SPREAD,2026-08-10 11:12:00,2026-08-11 09:15:00,0 days 22:03:00,86,24600.0 / 24500.0,1,34.85,100.0,SL Hit (50% Premium Appreciation),-22.55,-22.55
NIFTY,PE_SPREAD,2026-08-10 11:15:00,2026-08-11 09:15:00,0 days 22:00:00,85,24600.0 / 24500.0,1,35.25,100.0,SL Hit (50% Premium Appreciation),-22.15,-22.15
NIFTY,PE_SPREAD,2026-08-10 11:21:00,2026-08-11 09:15:00,0 days 21:54:00,83,24600.0 / 24500.0,1,34.95,100.0,SL Hit (50% Premium Appreciation),-22.45,-22.45
NIFTY,PE_SPREAD,2026-08-10 11:39:00,2026-08-11 09:15:00,0 days 21:36:00,77,24600.0 / 24500.0,1,35.7,100.0,SL Hit (50% Premium Appreciation),-21.7,-21.7
NIFTY,PE_SPREAD,2026-08-10 11:48:00,2026-08-11 09:15:00,0 days 21:27:00,74,24600.0 / 24500.0,1,35.75,100.0,SL Hit (50% Premium Appreciation),-21.65,-21.65
NIFTY,PE_SPREAD,2026-08-10 11:51:00,2026-08-11 09:15:00,0 days 21:24:00,73,24600.0 / 24500.0,1,35.85,100.0,SL Hit (50% Premium Appreciation),-21.55,-21.55
NIFTY,PE_SPREAD,2026-08-10 11:54:00,2026-08-11 09:15:00,0 days 21:21:00,72,24600.0 / 24500.0,1,36.25,100.0,SL Hit (50% Premium Appreciation),-21.15,-21.15
NIFTY,PE_SPREAD,2026-08-10 12:03:00,2026-08-11 09:15:00,0 days 21:12:00,69,24600.0 / 24500.0,1,36.25,100.0,SL Hit (50% Premium Appreciation),-21.15,-21.15
NIFTY,PE_SPREAD,2026-08-10 12:12:00,2026-08-11 09:15:00,0 days 21:03:00,66,24600.0 / 24500.0,1,34.85,100.0,SL Hit (50% Premium Appreciation),-22.55,-22.55
NIFTY,PE_SPREAD,2026-08-10 12:15:00,2026-08-11 09:15:00,0 days 21:00:00,65,24600.0 / 24500.0,1,32.3,100.0,SL Hit (50% Premium Appreciation),-25.1,-25.1
NIFTY,PE_SPREAD,2026-08-10 12:30:00,2026-08-11 09:15:00,0 days 20:45:00,60,24600.0 / 24500.0,1,32.9,100.0,SL Hit (50% Premium Appreciation),-24.5,-24.5
NIFTY,PE_SPREAD,2026-08-10 12:39:00,2026-08-11 09:15:00,0 days 20:36:00,57,24600.0 / 24500.0,1,33.05,100.0,SL Hit (50% Premium Appreciation),-24.35,-24.35
NIFTY,PE_SPREAD,2026-08-10 12:48:00,2026-08-11 09:15:00,0 days 20:27:00,54,24600.0 / 24500.0,1,35.0,100.0,SL Hit (50% Premium Appreciation),-22.4,-22.4
NIFTY,PE_SPREAD,2026-08-10 13:00:00,2026-08-11 09:15:00,0 days 20:15:00,50,24600.0 / 24500.0,1,36.6,100.0,SL Hit (50% Premium Appreciation),-20.8,-20.8
NIFTY,PE_SPREAD,2026-08-10 13:06:00,2026-08-11 09:15:00,0 days 20:09:00,48,24600.0 / 24500.0,1,36.6,100.0,SL Hit (50% Premium Appreciation),-20.8,-20.8
NIFTY,PE_SPREAD,2026-08-10 13:18:00,2026-08-11 09:15:00,0 days 19:57:00,44,24600.0 / 24500.0,1,37.25,100.0,SL Hit (50% Premium Appreciation),-20.15,-20.15
NIFTY,PE_SPREAD,2026-08-10 13:24:00,2026-08-11 09:15:00,0 days 19:51:00,42,24600.0 / 24500.0,1,35.7,100.0,SL Hit (50% Premium Appreciation),-21.7,-21.7
NIFTY,PE_SPREAD,2026-08-10 13:27:00,2026-08-11 09:15:00,0 days 19:48:00,41,24600.0 / 24500.0,1,35.65,100.0,SL Hit (50% Premium Appreciation),-21.75,-21.75
NIFTY,PE_SPREAD,2026-08-10 13:33:00,2026-08-11 09:15:00,0 days 19:42:00,39,24600.0 / 24500.0,1,33.75,100.0,SL Hit (50% Premium Appreciation),-23.65,-23.65
NIFTY,PE_SPREAD,2026-08-10 13:51:00,2026-08-11 09:15:00,0 days 19:24:00,33,24600.0 / 24500.0,1,32.95,100.0,SL Hit (50% Premium Appreciation),-24.45,-24.45
NIFTY,PE_SPREAD,2026-08-10 14:06:00,2026-08-11 09:15:00,0 days 19:09:00,28,24600.0 / 24500.0,1,33.55,100.0,SL Hit (50% Premium Appreciation),-23.85,-23.85
NIFTY,PE_SPREAD,2026-08-10 14:09:00,2026-08-11 09:15:00,0 days 19:06:00,27,24600.0 / 24500.0,1,34.35,100.0,SL Hit (50% Premium Appreciation),-23.05,-23.05
NIFTY,PE_SPREAD,2026-08-10 14:21:00,2026-08-11 09:15:00,0 days 18:54:00,23,24600.0 / 24500.0,1,36.15,100.0,SL Hit (50% Premium Appreciation),-21.25,-21.25
NIFTY,PE_SPREAD,2026-08-10 14:27:00,2026-08-11 09:15:00,0 days 18:48:00,21,24600.0 / 24500.0,1,36.05,100.0,SL Hit (50% Premium Appreciation),-21.35,-21.35
NIFTY,PE_SPREAD,2026-08-10 14:42:00,2026-08-11 09:15:00,0 days 18:33:00,16,24550.0 / 24450.0,1,30.15,100.0,SL Hit (50% Premium Appreciation),-15.45,-15.45
NIFTY,PE_SPREAD,2026-08-10 14:54:00,2026-08-11 09:15:00,0 days 18:21:00,12,24550.0 / 24450.0,1,29.4,100.0,SL Hit (50% Premium Appreciation),-16.2,-16.2
NIFTY,PE_SPREAD,2026-08-10 14:57:00,2026-08-11 09:15:00,0 days 18:18:00,11,24550.0 / 24450.0,1,27.95,100.0,SL Hit (50% Premium Appreciation),-17.65,-17.65
NIFTY,PE_SPREAD,2026-08-10 15:00:00,2026-08-11 09:15:00,0 days 18:15:00,10,24550.0 / 24450.0,1,28.45,100.0,SL Hit (50% Premium Appreciation),-17.15,-17.15
NIFTY,CE_SPREAD,2026-08-10 15:03:00,2026-08-11 09:39:00,0 days 18:36:00,17,24550.0 / 24650.0,1,52.55,100.0,Target Hit (50% Premium Decay),27.35,27.35
NIFTY,CE_SPREAD,2026-08-10 15:09:00,2026-08-11 09:39:00,0 days 18:30:00,15,24550.0 / 24650.0,1,52.5,100.0,Target Hit (50% Premium Decay),27.3,27.3
NIFTY,CE_SPREAD,2026-08-10 15:12:00,2026-08-11 09:36:00,0 days 18:24:00,13,24550.0 / 24650.0,1,53.6,100.0,Target Hit (50% Premium Decay),26.8,26.8
NIFTY,CE_SPREAD,2026-08-11 09:18:00,2026-08-11 12:00:00,0 days 02:42:00,54,24500.0 / 24600.0,1,38.5,100.0,Target Hit (50% Premium Decay),20.3,20.3
NIFTY,CE_SPREAD,2026-08-11 09:21:00,2026-08-11 12:00:00,0 days 02:39:00,53,24500.0 / 24600.0,1,38.85,100.0,Target Hit (50% Premium Decay),20.65,20.65
NIFTY,CE_SPREAD,2026-08-11 09:24:00,2026-08-11 12:00:00,0 days 02:36:00,52,24500.0 / 24600.0,1,37.5,100.0,Target Hit (50% Premium Decay),19.3,19.3
NIFTY,CE_SPREAD,2026-08-11 09:27:00,2026-08-11 12:00:00,0 days 02:33:00,51,24500.0 / 24600.0,1,37.65,100.0,Target Hit (50% Premium Decay),19.45,19.45
NIFTY,CE_SPREAD,2026-08-11 09:30:00,2026-08-11 12:00:00,0 days 02:30:00,50,24500.0 / 24600.0,1,37.9,100.0,Target Hit (50% Premium Decay),19.7,19.7
NIFTY,CE_SPREAD,2026-08-11 09:39:00,2026-08-11 12:03:00,0 days 02:24:00,48,24500.0 / 24600.0,1,35.85,100.0,Target Hit (50% Premium Decay),18.25,18.25
NIFTY,CE_SPREAD,2026-08-11 09:42:00,2026-08-11 12:03:00,0 days 02:21:00,47,24500.0 / 24600.0,1,35.55,100.0,Target Hit (50% Premium Decay),17.95,17.95
NIFTY,CE_SPREAD,2026-08-11 09:45:00,2026-08-11 14:03:00,0 days 04:18:00,86,24500.0 / 24600.0,1,31.85,100.0,Target Hit (50% Premium Decay),16.45,16.45
NIFTY,CE_SPREAD,2026-08-11 09:48:00,2026-08-11 15:15:00,0 days 05:27:00,109,24450.0 / 24550.0,1,46.25,100.0,Target Hit (50% Premium Decay),26.95,26.95
NIFTY,CE_SPREAD,2026-08-11 09:54:00,2026-08-11 15:15:00,0 days 05:21:00,107,24450.0 / 24550.0,1,46.9,100.0,Target Hit (50% Premium Decay),27.6,27.6
NIFTY,CE_SPREAD,2026-08-11 10:03:00,2026-08-11 12:24:00,0 days 02:21:00,47,24500.0 / 24600.0,1,34.3,100.0,Target Hit (50% Premium Decay),17.15,17.15
NIFTY,CE_SPREAD,2026-08-11 10:09:00,2026-08-11 12:24:00,0 days 02:15:00,45,24500.0 / 24600.0,1,34.85,100.0,Target Hit (50% Premium Decay),17.7,17.7
NIFTY,CE_SPREAD,2026-08-11 10:15:00,2026-08-11 15:15:00,0 days 05:00:00,100,24450.0 / 24550.0,1,46.65,100.0,Target Hit (50% Premium Decay),27.35,27.35
NIFTY,CE_SPREAD,2026-08-11 10:21:00,2026-08-11 15:15:00,0 days 04:54:00,98,24450.0 / 24550.0,1,46.3,100.0,Target Hit (50% Premium Decay),27.0,27.0
NIFTY,CE_SPREAD,2026-08-11 10:27:00,2026-08-11 15:15:00,0 days 04:48:00,96,24450.0 / 24550.0,1,47.05,100.0,Target Hit (50% Premium Decay),27.75,27.75
NIFTY,CE_SPREAD,2026-08-11 10:36:00,2026-08-11 15:15:00,0 days 04:39:00,93,24450.0 / 24550.0,1,48.4,100.0,Target Hit (50% Premium Decay),29.1,29.1
NIFTY,CE_SPREAD,2026-08-11 10:45:00,2026-08-11 15:15:00,0 days 04:30:00,90,24450.0 / 24550.0,1,44.95,100.0,Target Hit (50% Premium Decay),25.65,25.65
NIFTY,CE_SPREAD,2026-08-11 10:48:00,2026-08-11 15:15:00,0 days 04:27:00,89,24450.0 / 24550.0,1,45.55,100.0,Target Hit (50% Premium Decay),26.25,26.25
NIFTY,CE_SPREAD,2026-08-11 10:57:00,2026-08-11 15:15:00,0 days 04:18:00,86,24450.0 / 24550.0,1,44.85,100.0,Target Hit (50% Premium Decay),25.55,25.55
NIFTY,CE_SPREAD,2026-08-11 11:00:00,2026-08-11 15:15:00,0 days 04:15:00,85,24450.0 / 24550.0,1,41.5,100.0,Target Hit (50% Premium Decay),22.2,22.2
NIFTY,CE_SPREAD,2026-08-11 11:03:00,2026-08-11 15:15:00,0 days 04:12:00,84,24450.0 / 24550.0,1,41.05,100.0,Target Hit (50% Premium Decay),21.75,21.75
NIFTY,CE_SPREAD,2026-08-11 11:06:00,2026-08-11 15:15:00,0 days 04:09:00,83,24450.0 / 24550.0,1,39.9,100.0,Target Hit (50% Premium Decay),20.6,20.6
NIFTY,CE_SPREAD,2026-08-11 11:09:00,2026-08-11 15:18:00,0 days 04:09:00,83,24450.0 / 24550.0,1,38.05,100.0,Target Hit (50% Premium Decay),28.0,28.0
NIFTY,CE_SPREAD,2026-08-11 11:12:00,2026-08-11 15:15:00,0 days 04:03:00,81,24450.0 / 24550.0,1,38.9,100.0,Target Hit (50% Premium Decay),19.6,19.6
NIFTY,CE_SPREAD,2026-08-11 11:18:00,2026-08-11 15:15:00,0 days 03:57:00,79,24450.0 / 24550.0,1,39.3,100.0,Target Hit (50% Premium Decay),20.0,20.0
NIFTY,CE_SPREAD,2026-08-11 11:21:00,2026-08-11 15:18:00,0 days 03:57:00,79,24450.0 / 24550.0,1,37.55,100.0,Target Hit (50% Premium Decay),27.5,27.5
NIFTY,CE_SPREAD,2026-08-11 11:24:00,2026-08-11 15:18:00,0 days 03:54:00,78,24450.0 / 24550.0,1,35.85,100.0,Target Hit (50% Premium Decay),25.8,25.8
NIFTY,CE_SPREAD,2026-08-11 11:27:00,2026-08-11 15:18:00,0 days 03:51:00,77,24450.0 / 24550.0,1,36.0,100.0,Target Hit (50% Premium Decay),25.95,25.95
NIFTY,CE_SPREAD,2026-08-11 11:33:00,2026-08-11 15:18:00,0 days 03:45:00,75,24450.0 / 24550.0,1,35.4,100.0,Target Hit (50% Premium Decay),25.35,25.35
NIFTY,CE_SPREAD,2026-08-11 11:54:00,2026-08-11 15:18:00,0 days 03:24:00,68,24450.0 / 24550.0,1,34.9,100.0,Target Hit (50% Premium Decay),24.85,24.85
NIFTY,CE_SPREAD,2026-08-11 11:57:00,2026-08-11 15:18:00,0 days 03:21:00,67,24450.0 / 24550.0,1,35.55,100.0,Target Hit (50% Premium Decay),25.5,25.5
NIFTY,CE_SPREAD,2026-08-11 12:03:00,2026-08-11 15:18:00,0 days 03:15:00,65,24450.0 / 24550.0,1,31.95,100.0,Target Hit (50% Premium Decay),21.9,21.9
NIFTY,CE_SPREAD,2026-08-11 12:06:00,2026-08-11 15:18:00,0 days 03:12:00,64,24450.0 / 24550.0,1,32.55,100.0,Target Hit (50% Premium Decay),22.5,22.5
NIFTY,CE_SPREAD,2026-08-11 12:18:00,2026-08-11 15:18:00,0 days 03:00:00,60,24450.0 / 24550.0,1,33.45,100.0,Target Hit (50% Premium Decay),23.4,23.4
NIFTY,CE_SPREAD,2026-08-11 12:24:00,2026-08-11 15:18:00,0 days 02:54:00,58,24450.0 / 24550.0,1,31.75,100.0,Target Hit (50% Premium Decay),21.7,21.7
NIFTY,CE_SPREAD,2026-08-11 12:27:00,2026-08-11 15:18:00,0 days 02:51:00,57,24450.0 / 24550.0,1,32.5,100.0,Target Hit (50% Premium Decay),22.45,22.45
NIFTY,CE_SPREAD,2026-08-11 12:42:00,2026-08-11 15:18:00,0 days 02:36:00,52,24450.0 / 24550.0,1,35.4,100.0,Target Hit (50% Premium Decay),25.35,25.35
NIFTY,CE_SPREAD,2026-08-11 12:54:00,2026-08-11 15:18:00,0 days 02:24:00,48,24450.0 / 24550.0,1,32.7,100.0,Target Hit (50% Premium Decay),22.65,22.65
NIFTY,CE_SPREAD,2026-08-11 12:57:00,2026-08-11 15:18:00,0 days 02:21:00,47,24450.0 / 24550.0,1,33.4,100.0,Target Hit (50% Premium Decay),23.35,23.35
NIFTY,CE_SPREAD,2026-08-11 13:00:00,2026-08-11 15:18:00,0 days 02:18:00,46,24450.0 / 24550.0,1,35.5,100.0,Target Hit (50% Premium Decay),25.45,25.45
NIFTY,CE_SPREAD,2026-08-11 13:18:00,2026-08-11 15:18:00,0 days 02:00:00,40,24450.0 / 24550.0,1,35.4,100.0,Target Hit (50% Premium Decay),25.35,25.35
NIFTY,CE_SPREAD,2026-08-11 13:21:00,2026-08-11 15:18:00,0 days 01:57:00,39,24450.0 / 24550.0,1,34.85,100.0,Target Hit (50% Premium Decay),24.8,24.8
NIFTY,CE_SPREAD,2026-08-11 13:24:00,2026-08-11 15:15:00,0 days 01:51:00,37,24450.0 / 24550.0,1,40.25,100.0,Target Hit (50% Premium Decay),20.95,20.95
NIFTY,CE_SPREAD,2026-08-11 13:39:00,2026-08-11 15:18:00,0 days 01:39:00,33,24450.0 / 24550.0,1,37.9,100.0,Target Hit (50% Premium Decay),27.85,27.85
NIFTY,CE_SPREAD,2026-08-11 13:54:00,2026-08-11 15:18:00,0 days 01:24:00,28,24450.0 / 24550.0,1,35.3,100.0,Target Hit (50% Premium Decay),25.25,25.25
NIFTY,CE_SPREAD,2026-08-11 13:57:00,2026-08-11 15:18:00,0 days 01:21:00,27,24450.0 / 24550.0,1,37.15,100.0,Target Hit (50% Premium Decay),27.1,27.1
NIFTY,CE_SPREAD,2026-08-11 14:00:00,2026-08-11 15:18:00,0 days 01:18:00,26,24450.0 / 24550.0,1,36.35,100.0,Target Hit (50% Premium Decay),26.3,26.3
NIFTY,CE_SPREAD,2026-08-11 14:03:00,2026-08-11 15:18:00,0 days 01:15:00,25,24450.0 / 24550.0,1,32.3,100.0,Target Hit (50% Premium Decay),22.25,22.25
NIFTY,CE_SPREAD,2026-08-11 14:06:00,2026-08-11 15:18:00,0 days 01:12:00,24,24450.0 / 24550.0,1,34.8,100.0,Target Hit (50% Premium Decay),24.75,24.75
NIFTY,CE_SPREAD,2026-08-11 14:21:00,2026-08-11 15:18:00,0 days 00:57:00,19,24450.0 / 24550.0,1,33.65,100.0,Target Hit (50% Premium Decay),23.6,23.6
NIFTY,CE_SPREAD,2026-08-11 14:30:00,2026-08-11 15:18:00,0 days 00:48:00,16,24450.0 / 24550.0,1,30.05,100.0,Target Hit (50% Premium Decay),20.0,20.0
NIFTY,CE_SPREAD,2026-08-11 14:33:00,2026-08-11 15:18:00,0 days 00:45:00,15,24450.0 / 24550.0,1,30.9,100.0,Target Hit (50% Premium Decay),20.85,20.85
NIFTY,CE_SPREAD,2026-08-11 14:42:00,2026-08-11 15:18:00,0 days 00:36:00,12,24450.0 / 24550.0,1,30.6,100.0,Target Hit (50% Premium Decay),20.55,20.55
NIFTY,CE_SPREAD,2026-08-11 15:06:00,2026-08-11 15:18:00,0 days 00:12:00,4,24450.0 / 24550.0,1,37.05,100.0,Target Hit (50% Premium Decay),27.0,27.0
NIFTY,CE_SPREAD,2026-08-11 15:12:00,2026-08-11 15:18:00,0 days 00:06:00,2,24450.0 / 24550.0,1,37.55,100.0,Target Hit (50% Premium Decay),27.5,27.5
SENSEX,PE_SPREAD,2026-07-17 10:00:00,2026-07-22 09:15:00,4 days 23:15:00,360,77800.0 / 77600.0,1,94.95,200.0,SL Hit (50% Premium Appreciation),-65.45,-32.72
SENSEX,PE_SPREAD,2026-07-17 10:06:00,2026-07-22 09:15:00,4 days 23:09:00,358,77800.0 / 77600.0,1,93.15,200.0,SL Hit (50% Premium Appreciation),-67.25,-33.62
SENSEX,PE_SPREAD,2026-07-17 10:09:00,2026-07-22 09:15:00,4 days 23:06:00,357,77800.0 / 77600.0,1,91.8,200.0,SL Hit (50% Premium Appreciation),-68.6,-34.3
SENSEX,PE_SPREAD,2026-07-17 10:48:00,2026-07-21 12:57:00,4 days 02:09:00,293,77900.0 / 77700.0,1,93.15,200.0,SL Hit (50% Premium Appreciation),-47.25,-23.63
SENSEX,PE_SPREAD,2026-07-17 10:54:00,2026-07-21 13:12:00,4 days 02:18:00,296,77900.0 / 77700.0,1,94.05,200.0,SL Hit (50% Premium Appreciation),-47.7,-23.85
SENSEX,PE_SPREAD,2026-07-17 10:57:00,2026-07-21 12:57:00,4 days 02:00:00,290,77900.0 / 77700.0,1,92.55,200.0,SL Hit (50% Premium Appreciation),-47.85,-23.93
SENSEX,PE_SPREAD,2026-07-17 11:00:00,2026-07-21 12:57:00,4 days 01:57:00,289,77900.0 / 77700.0,1,93.2,200.0,SL Hit (50% Premium Appreciation),-47.2,-23.6
SENSEX,PE_SPREAD,2026-07-17 11:06:00,2026-07-22 09:15:00,4 days 22:09:00,338,77900.0 / 77700.0,1,97.45,200.0,SL Hit (50% Premium Appreciation),-72.7,-36.35
SENSEX,PE_SPREAD,2026-07-17 11:12:00,2026-07-22 09:15:00,4 days 22:03:00,336,77900.0 / 77700.0,1,97.2,200.0,SL Hit (50% Premium Appreciation),-72.95,-36.48
SENSEX,PE_SPREAD,2026-07-17 11:18:00,2026-07-22 09:15:00,4 days 21:57:00,334,77800.0 / 77600.0,1,91.65,200.0,SL Hit (50% Premium Appreciation),-68.75,-34.38
SENSEX,PE_SPREAD,2026-07-17 11:21:00,2026-07-22 09:15:00,4 days 21:54:00,333,77900.0 / 77700.0,1,95.9,200.0,SL Hit (50% Premium Appreciation),-74.25,-37.12
SENSEX,PE_SPREAD,2026-07-17 11:27:00,2026-07-21 13:12:00,4 days 01:45:00,285,77900.0 / 77700.0,1,93.75,200.0,SL Hit (50% Premium Appreciation),-48.0,-24.0
SENSEX,PE_SPREAD,2026-07-17 11:30:00,2026-07-21 12:57:00,4 days 01:27:00,279,77900.0 / 77700.0,1,93.2,200.0,SL Hit (50% Premium Appreciation),-47.2,-23.6
SENSEX,PE_SPREAD,2026-07-17 11:36:00,2026-07-21 12:57:00,4 days 01:21:00,277,77900.0 / 77700.0,1,93.6,200.0,SL Hit (50% Premium Appreciation),-46.8,-23.4
SENSEX,PE_SPREAD,2026-07-17 11:42:00,2026-07-21 12:57:00,4 days 01:15:00,275,77900.0 / 77700.0,1,91.05,200.0,SL Hit (50% Premium Appreciation),-49.35,-24.68
SENSEX,PE_SPREAD,2026-07-17 12:06:00,2026-07-20 12:45:00,3 days 00:39:00,138,78000.0 / 77800.0,1,95.0,200.0,SL Hit (50% Premium Appreciation),-50.0,-25.0
SENSEX,PE_SPREAD,2026-07-17 12:12:00,2026-07-20 12:45:00,3 days 00:33:00,136,78000.0 / 77800.0,1,95.4,200.0,SL Hit (50% Premium Appreciation),-49.6,-24.8
SENSEX,PE_SPREAD,2026-07-17 12:15:00,2026-07-20 12:45:00,3 days 00:30:00,135,78000.0 / 77800.0,1,96.4,200.0,SL Hit (50% Premium Appreciation),-48.6,-24.3
SENSEX,PE_SPREAD,2026-07-17 12:21:00,2026-07-20 12:45:00,3 days 00:24:00,133,78000.0 / 77800.0,1,94.95,200.0,SL Hit (50% Premium Appreciation),-50.05,-25.03
SENSEX,PE_SPREAD,2026-07-17 12:36:00,2026-07-20 12:45:00,3 days 00:09:00,128,78000.0 / 77800.0,1,93.95,200.0,SL Hit (50% Premium Appreciation),-51.05,-25.52
SENSEX,PE_SPREAD,2026-07-17 12:45:00,2026-07-20 12:45:00,3 days 00:00:00,125,78000.0 / 77800.0,1,93.25,200.0,SL Hit (50% Premium Appreciation),-51.75,-25.87
SENSEX,PE_SPREAD,2026-07-17 12:48:00,2026-07-20 12:45:00,2 days 23:57:00,124,78000.0 / 77800.0,1,95.15,200.0,SL Hit (50% Premium Appreciation),-49.85,-24.93
SENSEX,PE_SPREAD,2026-07-17 13:00:00,2026-07-21 12:57:00,3 days 23:57:00,249,78000.0 / 77800.0,1,97.7,200.0,SL Hit (50% Premium Appreciation),-49.65,-24.82
SENSEX,PE_SPREAD,2026-07-17 13:06:00,2026-07-21 12:57:00,3 days 23:51:00,247,78000.0 / 77800.0,1,98.05,200.0,SL Hit (50% Premium Appreciation),-49.3,-24.65
SENSEX,PE_SPREAD,2026-07-17 13:12:00,2026-07-20 12:45:00,2 days 23:33:00,116,78000.0 / 77800.0,1,95.7,200.0,SL Hit (50% Premium Appreciation),-49.3,-24.65
SENSEX,PE_SPREAD,2026-07-17 13:15:00,2026-07-21 12:57:00,3 days 23:42:00,244,78000.0 / 77800.0,1,97.15,200.0,SL Hit (50% Premium Appreciation),-50.2,-25.1
SENSEX,PE_SPREAD,2026-07-17 13:21:00,2026-07-21 12:57:00,3 days 23:36:00,242,78000.0 / 77800.0,1,97.9,200.0,SL Hit (50% Premium Appreciation),-49.45,-24.72
SENSEX,PE_SPREAD,2026-07-17 13:30:00,2026-07-21 12:57:00,3 days 23:27:00,239,78000.0 / 77800.0,1,98.0,200.0,SL Hit (50% Premium Appreciation),-49.35,-24.67
SENSEX,PE_SPREAD,2026-07-17 13:36:00,2026-07-22 09:15:00,4 days 19:39:00,288,78000.0 / 77800.0,1,101.55,200.0,SL Hit (50% Premium Appreciation),-79.6,-39.8
SENSEX,PE_SPREAD,2026-07-17 13:57:00,2026-07-22 09:15:00,4 days 19:18:00,281,77800.0 / 77600.0,1,89.7,200.0,SL Hit (50% Premium Appreciation),-70.7,-35.35
SENSEX,PE_SPREAD,2026-07-17 14:00:00,2026-07-22 09:15:00,4 days 19:15:00,280,77900.0 / 77700.0,1,99.75,200.0,SL Hit (50% Premium Appreciation),-70.4,-35.2
SENSEX,PE_SPREAD,2026-07-17 14:06:00,2026-07-22 09:15:00,4 days 19:09:00,278,77900.0 / 77700.0,1,98.2,200.0,SL Hit (50% Premium Appreciation),-71.95,-35.98
SENSEX,PE_SPREAD,2026-07-17 14:12:00,2026-07-21 11:51:00,3 days 21:39:00,203,77900.0 / 77700.0,1,90.15,200.0,SL Hit (50% Premium Appreciation),-45.2,-22.6
SENSEX,PE_SPREAD,2026-07-17 14:33:00,2026-07-20 09:45:00,2 days 19:12:00,29,78100.0 / 77900.0,1,93.3,200.0,SL Hit (50% Premium Appreciation),-47.2,-23.6
SENSEX,PE_SPREAD,2026-07-17 14:42:00,2026-07-20 09:36:00,2 days 18:54:00,23,78100.0 / 77900.0,1,91.0,200.0,SL Hit (50% Premium Appreciation),-46.5,-23.25
SENSEX,PE_SPREAD,2026-07-17 15:03:00,2026-07-20 09:36:00,2 days 18:33:00,16,78100.0 / 77900.0,1,89.35,200.0,SL Hit (50% Premium Appreciation),-48.15,-24.08
SENSEX,PE_SPREAD,2026-07-17 15:06:00,2026-07-20 09:33:00,2 days 18:27:00,14,78100.0 / 77900.0,1,88.4,200.0,SL Hit (50% Premium Appreciation),-45.6,-22.8
SENSEX,PE_SPREAD,2026-07-17 15:21:00,2026-07-20 09:27:00,2 days 18:06:00,7,78200.0 / 78000.0,1,91.5,200.0,SL Hit (50% Premium Appreciation),-47.15,-23.57
SENSEX,PE_SPREAD,2026-07-20 09:27:00,2026-07-22 09:15:00,1 days 23:48:00,246,77600.0 / 77400.0,1,89.4,200.0,SL Hit (50% Premium Appreciation),-54.0,-27.0
SENSEX,PE_SPREAD,2026-07-20 09:36:00,2026-07-22 09:21:00,1 days 23:45:00,245,77600.0 / 77400.0,1,98.05,200.0,SL Hit (50% Premium Appreciation),-51.3,-25.65
SENSEX,PE_SPREAD,2026-07-20 09:45:00,2026-07-22 09:24:00,1 days 23:39:00,243,77500.0 / 77300.0,1,92.3,200.0,SL Hit (50% Premium Appreciation),-47.3,-23.65
SENSEX,CE_SPREAD,2026-07-20 09:48:00,2026-07-22 09:15:00,1 days 23:27:00,239,77500.0 / 77700.0,1,97.05,200.0,Target Hit (50% Premium Decay),51.6,25.8
SENSEX,CE_SPREAD,2026-07-20 10:54:00,2026-07-22 09:15:00,1 days 22:21:00,217,77700.0 / 77900.0,1,91.2,200.0,Target Hit (50% Premium Decay),60.3,30.15
SENSEX,CE_SPREAD,2026-07-20 11:03:00,2026-07-22 09:15:00,1 days 22:12:00,214,77700.0 / 77900.0,1,89.35,200.0,Target Hit (50% Premium Decay),58.45,29.22
SENSEX,CE_SPREAD,2026-07-20 11:06:00,2026-07-22 09:15:00,1 days 22:09:00,213,77700.0 / 77900.0,1,95.45,200.0,Target Hit (50% Premium Decay),64.55,32.28
SENSEX,CE_SPREAD,2026-07-20 11:12:00,2026-07-22 09:15:00,1 days 22:03:00,211,77700.0 / 77900.0,1,89.5,200.0,Target Hit (50% Premium Decay),58.6,29.3
SENSEX,CE_SPREAD,2026-07-20 11:15:00,2026-07-22 09:15:00,1 days 22:00:00,210,77700.0 / 77900.0,1,90.9,200.0,Target Hit (50% Premium Decay),60.0,30.0
SENSEX,CE_SPREAD,2026-07-20 11:18:00,2026-07-22 09:15:00,1 days 21:57:00,209,77700.0 / 77900.0,1,91.3,200.0,Target Hit (50% Premium Decay),60.4,30.2
SENSEX,CE_SPREAD,2026-07-20 11:24:00,2026-07-22 09:15:00,1 days 21:51:00,207,77600.0 / 77800.0,1,98.2,200.0,Target Hit (50% Premium Decay),61.95,30.98
SENSEX,CE_SPREAD,2026-07-20 11:30:00,2026-07-22 09:15:00,1 days 21:45:00,205,77600.0 / 77800.0,1,96.05,200.0,Target Hit (50% Premium Decay),59.8,29.9
SENSEX,CE_SPREAD,2026-07-20 11:36:00,2026-07-22 09:15:00,1 days 21:39:00,203,77600.0 / 77800.0,1,95.15,200.0,Target Hit (50% Premium Decay),58.9,29.45
SENSEX,CE_SPREAD,2026-07-20 11:42:00,2026-07-22 09:15:00,1 days 21:33:00,201,77600.0 / 77800.0,1,92.05,200.0,Target Hit (50% Premium Decay),55.8,27.9
SENSEX,CE_SPREAD,2026-07-20 11:45:00,2026-07-22 09:15:00,1 days 21:30:00,200,77600.0 / 77800.0,1,89.8,200.0,Target Hit (50% Premium Decay),53.55,26.78
SENSEX,CE_SPREAD,2026-07-20 11:48:00,2026-07-22 09:15:00,1 days 21:27:00,199,77600.0 / 77800.0,1,89.7,200.0,Target Hit (50% Premium Decay),53.45,26.73
SENSEX,CE_SPREAD,2026-07-20 11:51:00,2026-07-22 09:15:00,1 days 21:24:00,198,77600.0 / 77800.0,1,88.8,200.0,Target Hit (50% Premium Decay),52.55,26.28
SENSEX,CE_SPREAD,2026-07-20 11:54:00,2026-07-22 09:15:00,1 days 21:21:00,197,77600.0 / 77800.0,1,87.8,200.0,Target Hit (50% Premium Decay),51.55,25.78
SENSEX,CE_SPREAD,2026-07-20 11:57:00,2026-07-22 09:15:00,1 days 21:18:00,196,77600.0 / 77800.0,1,90.05,200.0,Target Hit (50% Premium Decay),53.8,26.9
SENSEX,CE_SPREAD,2026-07-20 12:03:00,2026-07-22 09:15:00,1 days 21:12:00,194,77500.0 / 77700.0,1,95.6,200.0,Target Hit (50% Premium Decay),50.15,25.07
SENSEX,CE_SPREAD,2026-07-20 12:15:00,2026-07-22 09:15:00,1 days 21:00:00,190,77600.0 / 77800.0,1,90.95,200.0,Target Hit (50% Premium Decay),54.7,27.35
SENSEX,CE_SPREAD,2026-07-20 12:24:00,2026-07-22 09:15:00,1 days 20:51:00,187,77600.0 / 77800.0,1,87.95,200.0,Target Hit (50% Premium Decay),51.7,25.85
SENSEX,CE_SPREAD,2026-07-20 12:27:00,2026-07-22 09:15:00,1 days 20:48:00,186,77500.0 / 77700.0,1,94.9,200.0,Target Hit (50% Premium Decay),49.45,24.73
SENSEX,CE_SPREAD,2026-07-20 12:30:00,2026-07-22 09:15:00,1 days 20:45:00,185,77500.0 / 77700.0,1,94.65,200.0,Target Hit (50% Premium Decay),49.2,24.6
SENSEX,CE_SPREAD,2026-07-20 12:36:00,2026-07-22 09:21:00,1 days 20:45:00,185,77500.0 / 77700.0,1,90.85,200.0,Target Hit (50% Premium Decay),46.3,23.15
SENSEX,CE_SPREAD,2026-07-20 12:39:00,2026-07-22 09:15:00,1 days 20:36:00,182,77500.0 / 77700.0,1,93.1,200.0,Target Hit (50% Premium Decay),47.65,23.83
SENSEX,CE_SPREAD,2026-07-20 12:45:00,2026-07-22 09:30:00,1 days 20:45:00,185,77400.0 / 77600.0,1,94.25,200.0,Target Hit (50% Premium Decay),50.9,25.45
SENSEX,CE_SPREAD,2026-07-20 12:48:00,2026-07-22 09:27:00,1 days 20:39:00,183,77400.0 / 77600.0,1,95.6,200.0,Target Hit (50% Premium Decay),48.45,24.23
SENSEX,CE_SPREAD,2026-07-20 13:54:00,2026-07-22 09:15:00,1 days 19:21:00,157,77700.0 / 77900.0,1,102.5,200.0,Target Hit (50% Premium Decay),71.6,35.8
SENSEX,PE_SPREAD,2026-07-20 14:21:00,2026-07-21 13:03:00,0 days 22:42:00,99,77800.0 / 77600.0,1,87.55,200.0,SL Hit (50% Premium Appreciation),-44.8,-22.4
SENSEX,PE_SPREAD,2026-07-20 14:24:00,2026-07-21 13:03:00,0 days 22:39:00,98,77800.0 / 77600.0,1,87.75,200.0,SL Hit (50% Premium Appreciation),-44.6,-22.3
SENSEX,PE_SPREAD,2026-07-20 14:30:00,2026-07-22 09:15:00,1 days 18:45:00,145,77800.0 / 77600.0,1,89.3,200.0,SL Hit (50% Premium Appreciation),-71.1,-35.55
SENSEX,PE_SPREAD,2026-07-20 14:42:00,2026-07-22 09:15:00,1 days 18:33:00,141,77700.0 / 77500.0,1,84.4,200.0,SL Hit (50% Premium Appreciation),-68.2,-34.1
SENSEX,PE_SPREAD,2026-07-20 14:48:00,2026-07-21 12:57:00,0 days 22:09:00,88,77700.0 / 77500.0,1,80.55,200.0,SL Hit (50% Premium Appreciation),-40.55,-20.27
SENSEX,PE_SPREAD,2026-07-20 14:51:00,2026-07-21 12:57:00,0 days 22:06:00,87,77700.0 / 77500.0,1,80.55,200.0,SL Hit (50% Premium Appreciation),-40.55,-20.27
SENSEX,PE_SPREAD,2026-07-20 14:54:00,2026-07-21 13:03:00,0 days 22:09:00,88,77700.0 / 77500.0,1,82.35,200.0,SL Hit (50% Premium Appreciation),-42.0,-21.0
SENSEX,PE_SPREAD,2026-07-20 15:03:00,2026-07-21 13:03:00,0 days 22:00:00,85,77700.0 / 77500.0,1,82.45,200.0,SL Hit (50% Premium Appreciation),-41.9,-20.95
SENSEX,PE_SPREAD,2026-07-20 15:09:00,2026-07-22 09:15:00,1 days 18:06:00,132,77700.0 / 77500.0,1,83.9,200.0,SL Hit (50% Premium Appreciation),-68.7,-34.35
SENSEX,PE_SPREAD,2026-07-20 15:12:00,2026-07-21 12:51:00,0 days 21:39:00,78,77700.0 / 77500.0,1,79.1,200.0,SL Hit (50% Premium Appreciation),-41.05,-20.53
SENSEX,PE_SPREAD,2026-07-20 15:18:00,2026-07-21 12:51:00,0 days 21:33:00,76,77700.0 / 77500.0,1,78.35,200.0,SL Hit (50% Premium Appreciation),-41.8,-20.9
SENSEX,PE_SPREAD,2026-07-20 15:24:00,2026-07-21 11:39:00,0 days 20:15:00,50,77700.0 / 77500.0,1,76.8,200.0,SL Hit (50% Premium Appreciation),-38.7,-19.35
SENSEX,PE_SPREAD,2026-07-20 15:27:00,2026-07-21 10:36:00,0 days 19:09:00,28,77700.0 / 77500.0,1,74.6,200.0,SL Hit (50% Premium Appreciation),-39.4,-19.7
SENSEX,PE_SPREAD,2026-07-21 09:18:00,2026-07-22 09:15:00,0 days 23:57:00,124,77700.0 / 77500.0,1,84.55,200.0,SL Hit (50% Premium Appreciation),-68.05,-34.02
SENSEX,PE_SPREAD,2026-07-21 09:21:00,2026-07-22 09:15:00,0 days 23:54:00,123,77700.0 / 77500.0,1,88.7,200.0,SL Hit (50% Premium Appreciation),-63.9,-31.95
SENSEX,PE_SPREAD,2026-07-21 09:27:00,2026-07-22 09:15:00,0 days 23:48:00,121,77700.0 / 77500.0,1,85.25,200.0,SL Hit (50% Premium Appreciation),-67.35,-33.67
SENSEX,PE_SPREAD,2026-07-21 09:30:00,2026-07-22 09:15:00,0 days 23:45:00,120,77700.0 / 77500.0,1,91.7,200.0,SL Hit (50% Premium Appreciation),-60.9,-30.45
SENSEX,CE_SPREAD,2026-07-21 09:33:00,2026-07-22 09:15:00,0 days 23:42:00,119,77600.0 / 77800.0,1,93.9,200.0,Target Hit (50% Premium Decay),57.65,28.82
SENSEX,CE_SPREAD,2026-07-21 09:36:00,2026-07-22 09:15:00,0 days 23:39:00,118,77600.0 / 77800.0,1,97.25,200.0,Target Hit (50% Premium Decay),61.0,30.5
SENSEX,CE_SPREAD,2026-07-21 09:48:00,2026-07-22 09:15:00,0 days 23:27:00,114,77600.0 / 77800.0,1,84.65,200.0,Target Hit (50% Premium Decay),48.4,24.2
SENSEX,CE_SPREAD,2026-07-21 09:57:00,2026-07-22 09:15:00,0 days 23:18:00,111,77600.0 / 77800.0,1,96.25,200.0,Target Hit (50% Premium Decay),60.0,30.0
SENSEX,CE_SPREAD,2026-07-21 10:03:00,2026-07-22 09:15:00,0 days 23:12:00,109,77600.0 / 77800.0,1,94.55,200.0,Target Hit (50% Premium Decay),58.3,29.15
SENSEX,CE_SPREAD,2026-07-21 10:09:00,2026-07-22 09:15:00,0 days 23:06:00,107,77600.0 / 77800.0,1,91.7,200.0,Target Hit (50% Premium Decay),55.45,27.73
SENSEX,CE_SPREAD,2026-07-21 10:15:00,2026-07-22 09:15:00,0 days 23:00:00,105,77600.0 / 77800.0,1,88.3,200.0,Target Hit (50% Premium Decay),52.05,26.02
SENSEX,CE_SPREAD,2026-07-21 10:18:00,2026-07-22 09:15:00,0 days 22:57:00,104,77500.0 / 77700.0,1,96.45,200.0,Target Hit (50% Premium Decay),51.0,25.5
SENSEX,CE_SPREAD,2026-07-21 10:21:00,2026-07-22 09:15:00,0 days 22:54:00,103,77500.0 / 77700.0,1,91.75,200.0,Target Hit (50% Premium Decay),46.3,23.15
SENSEX,CE_SPREAD,2026-07-21 10:24:00,2026-07-22 09:21:00,0 days 22:57:00,104,77500.0 / 77700.0,1,90.0,200.0,Target Hit (50% Premium Decay),45.45,22.72
SENSEX,CE_SPREAD,2026-07-21 10:33:00,2026-07-22 09:15:00,0 days 22:42:00,99,77500.0 / 77700.0,1,92.1,200.0,Target Hit (50% Premium Decay),46.65,23.33
SENSEX,CE_SPREAD,2026-07-21 10:36:00,2026-07-22 09:24:00,0 days 22:48:00,101,77500.0 / 77700.0,1,84.65,200.0,Target Hit (50% Premium Decay),42.75,21.38
SENSEX,CE_SPREAD,2026-07-21 10:39:00,2026-07-22 09:24:00,0 days 22:45:00,100,77500.0 / 77700.0,1,87.9,200.0,Target Hit (50% Premium Decay),46.0,23.0
SENSEX,CE_SPREAD,2026-07-21 10:48:00,2026-07-22 09:24:00,0 days 22:36:00,97,77500.0 / 77700.0,1,86.1,200.0,Target Hit (50% Premium Decay),44.2,22.1
SENSEX,CE_SPREAD,2026-07-21 10:51:00,2026-07-22 09:27:00,0 days 22:36:00,97,77400.0 / 77600.0,1,97.8,200.0,Target Hit (50% Premium Decay),50.65,25.33
SENSEX,CE_SPREAD,2026-07-21 10:54:00,2026-07-22 09:24:00,0 days 22:30:00,95,77400.0 / 77600.0,1,102.45,200.0,Target Hit (50% Premium Decay),52.05,26.03
SENSEX,CE_SPREAD,2026-07-21 11:15:00,2026-07-22 09:15:00,0 days 22:00:00,85,77500.0 / 77700.0,1,91.3,200.0,Target Hit (50% Premium Decay),45.85,22.92
SENSEX,CE_SPREAD,2026-07-21 11:18:00,2026-07-22 09:21:00,0 days 22:03:00,86,77500.0 / 77700.0,1,90.9,200.0,Target Hit (50% Premium Decay),46.35,23.18
SENSEX,CE_SPREAD,2026-07-21 11:24:00,2026-07-22 09:24:00,0 days 22:00:00,85,77500.0 / 77700.0,1,87.95,200.0,Target Hit (50% Premium Decay),46.05,23.02
SENSEX,CE_SPREAD,2026-07-21 11:30:00,2026-07-22 09:15:00,0 days 21:45:00,80,77500.0 / 77700.0,1,91.65,200.0,Target Hit (50% Premium Decay),46.2,23.1
SENSEX,CE_SPREAD,2026-07-21 11:39:00,2026-07-22 09:24:00,0 days 21:45:00,80,77500.0 / 77700.0,1,86.4,200.0,Target Hit (50% Premium Decay),44.5,22.25
SENSEX,CE_SPREAD,2026-07-21 11:42:00,2026-07-22 09:30:00,0 days 21:48:00,81,77400.0 / 77600.0,1,93.5,200.0,Target Hit (50% Premium Decay),50.15,25.08
SENSEX,CE_SPREAD,2026-07-21 11:45:00,2026-07-22 09:27:00,0 days 21:42:00,79,77400.0 / 77600.0,1,94.75,200.0,Target Hit (50% Premium Decay),47.6,23.8
SENSEX,CE_SPREAD,2026-07-21 11:54:00,2026-07-22 09:27:00,0 days 21:33:00,76,77400.0 / 77600.0,1,96.8,200.0,Target Hit (50% Premium Decay),49.65,24.83
SENSEX,CE_SPREAD,2026-07-21 12:15:00,2026-07-22 09:24:00,0 days 21:09:00,68,77500.0 / 77700.0,1,86.0,200.0,Target Hit (50% Premium Decay),44.1,22.05
SENSEX,CE_SPREAD,2026-07-21 12:18:00,2026-07-22 09:27:00,0 days 21:09:00,68,77400.0 / 77600.0,1,98.2,200.0,Target Hit (50% Premium Decay),51.05,25.52
SENSEX,CE_SPREAD,2026-07-21 12:30:00,2026-07-22 09:24:00,0 days 20:54:00,63,77400.0 / 77600.0,1,103.45,200.0,Target Hit (50% Premium Decay),53.05,26.52
SENSEX,CE_SPREAD,2026-07-21 12:42:00,2026-07-22 09:24:00,0 days 20:42:00,59,77500.0 / 77700.0,1,85.5,200.0,Target Hit (50% Premium Decay),43.6,21.8
SENSEX,CE_SPREAD,2026-07-21 12:45:00,2026-07-22 09:27:00,0 days 20:42:00,59,77400.0 / 77600.0,1,96.55,200.0,Target Hit (50% Premium Decay),49.4,24.7
SENSEX,CE_SPREAD,2026-07-21 12:51:00,2026-07-22 09:30:00,0 days 20:39:00,58,77400.0 / 77600.0,1,93.75,200.0,Target Hit (50% Premium Decay),50.4,25.2
SENSEX,CE_SPREAD,2026-07-21 12:54:00,2026-07-22 09:27:00,0 days 20:33:00,56,77400.0 / 77600.0,1,94.3,200.0,Target Hit (50% Premium Decay),47.15,23.58
SENSEX,CE_SPREAD,2026-07-21 13:00:00,2026-07-22 09:30:00,0 days 20:30:00,55,77400.0 / 77600.0,1,88.45,200.0,Target Hit (50% Premium Decay),45.1,22.55
SENSEX,CE_SPREAD,2026-07-21 13:03:00,2026-07-22 09:30:00,0 days 20:27:00,54,77400.0 / 77600.0,1,87.7,200.0,Target Hit (50% Premium Decay),44.35,22.17
SENSEX,CE_SPREAD,2026-07-21 13:06:00,2026-07-22 09:30:00,0 days 20:24:00,53,77400.0 / 77600.0,1,88.6,200.0,Target Hit (50% Premium Decay),45.25,22.62
SENSEX,CE_SPREAD,2026-07-21 13:09:00,2026-07-22 09:30:00,0 days 20:21:00,52,77400.0 / 77600.0,1,89.55,200.0,Target Hit (50% Premium Decay),46.2,23.1
SENSEX,CE_SPREAD,2026-07-21 13:15:00,2026-07-22 09:33:00,0 days 20:18:00,51,77400.0 / 77600.0,1,86.4,200.0,Target Hit (50% Premium Decay),45.2,22.6
SENSEX,CE_SPREAD,2026-07-21 13:57:00,2026-07-22 09:30:00,0 days 19:33:00,36,77400.0 / 77600.0,1,93.15,200.0,Target Hit (50% Premium Decay),49.8,24.9
SENSEX,CE_SPREAD,2026-07-21 14:00:00,2026-07-22 09:27:00,0 days 19:27:00,34,77400.0 / 77600.0,1,98.15,200.0,Target Hit (50% Premium Decay),51.0,25.5
SENSEX,CE_SPREAD,2026-07-21 14:09:00,2026-07-22 09:30:00,0 days 19:21:00,32,77400.0 / 77600.0,1,91.5,200.0,Target Hit (50% Premium Decay),48.15,24.07
SENSEX,CE_SPREAD,2026-07-21 14:12:00,2026-07-22 09:30:00,0 days 19:18:00,31,77400.0 / 77600.0,1,94.25,200.0,Target Hit (50% Premium Decay),50.9,25.45
SENSEX,CE_SPREAD,2026-07-21 14:18:00,2026-07-22 09:30:00,0 days 19:12:00,29,77400.0 / 77600.0,1,93.1,200.0,Target Hit (50% Premium Decay),49.75,24.88
SENSEX,CE_SPREAD,2026-07-21 14:27:00,2026-07-22 09:30:00,0 days 19:03:00,26,77400.0 / 77600.0,1,92.55,200.0,Target Hit (50% Premium Decay),49.2,24.6
SENSEX,CE_SPREAD,2026-07-21 14:39:00,2026-07-22 09:30:00,0 days 18:51:00,22,77400.0 / 77600.0,1,92.0,200.0,Target Hit (50% Premium Decay),48.65,24.33
SENSEX,CE_SPREAD,2026-07-21 14:48:00,2026-07-22 09:30:00,0 days 18:42:00,19,77400.0 / 77600.0,1,92.6,200.0,Target Hit (50% Premium Decay),49.25,24.62
SENSEX,CE_SPREAD,2026-07-21 15:27:00,2026-07-22 09:24:00,0 days 17:57:00,4,77500.0 / 77700.0,1,85.6,200.0,Target Hit (50% Premium Decay),43.7,21.85
SENSEX,CE_SPREAD,2026-07-22 09:18:00,2026-07-22 12:18:00,0 days 03:00:00,60,77100.0 / 77300.0,1,91.2,200.0,Target Hit (50% Premium Decay),50.3,25.15
SENSEX,CE_SPREAD,2026-07-22 09:24:00,2026-07-22 12:18:00,0 days 02:54:00,58,77100.0 / 77300.0,1,82.65,200.0,Target Hit (50% Premium Decay),41.75,20.88
SENSEX,CE_SPREAD,2026-07-22 09:27:00,2026-07-22 14:21:00,0 days 04:54:00,98,77100.0 / 77300.0,1,76.4,200.0,Target Hit (50% Premium Decay),38.6,19.3
SENSEX,CE_SPREAD,2026-07-22 09:30:00,2026-07-23 09:15:00,0 days 23:45:00,120,77000.0 / 77200.0,1,85.15,200.0,Target Hit (50% Premium Decay),74.7,37.35
SENSEX,CE_SPREAD,2026-07-22 09:33:00,2026-07-23 09:15:00,0 days 23:42:00,119,76900.0 / 77100.0,1,92.65,200.0,Target Hit (50% Premium Decay),78.1,39.05
SENSEX,CE_SPREAD,2026-07-22 09:36:00,2026-07-23 09:15:00,0 days 23:39:00,118,76900.0 / 77100.0,1,95.55,200.0,Target Hit (50% Premium Decay),81.0,40.5
SENSEX,CE_SPREAD,2026-07-22 09:42:00,2026-07-23 09:15:00,0 days 23:33:00,116,76900.0 / 77100.0,1,92.3,200.0,Target Hit (50% Premium Decay),77.75,38.88
SENSEX,CE_SPREAD,2026-07-22 09:48:00,2026-07-23 09:15:00,0 days 23:27:00,114,76900.0 / 77100.0,1,89.7,200.0,Target Hit (50% Premium Decay),75.15,37.57
SENSEX,CE_SPREAD,2026-07-22 09:57:00,2026-07-23 09:15:00,0 days 23:18:00,111,76900.0 / 77100.0,1,88.75,200.0,Target Hit (50% Premium Decay),74.2,37.1
SENSEX,CE_SPREAD,2026-07-22 10:15:00,2026-07-23 09:15:00,0 days 23:00:00,105,76900.0 / 77100.0,1,86.25,200.0,Target Hit (50% Premium Decay),71.7,35.85
SENSEX,CE_SPREAD,2026-07-22 10:18:00,2026-07-23 09:15:00,0 days 22:57:00,104,76900.0 / 77100.0,1,87.35,200.0,Target Hit (50% Premium Decay),72.8,36.4
SENSEX,CE_SPREAD,2026-07-22 10:21:00,2026-07-23 09:15:00,0 days 22:54:00,103,76900.0 / 77100.0,1,80.05,200.0,Target Hit (50% Premium Decay),65.5,32.75
SENSEX,CE_SPREAD,2026-07-22 10:24:00,2026-07-23 09:15:00,0 days 22:51:00,102,76800.0 / 77000.0,1,82.7,200.0,Target Hit (50% Premium Decay),63.2,31.6
SENSEX,CE_SPREAD,2026-07-22 10:27:00,2026-07-23 09:15:00,0 days 22:48:00,101,76700.0 / 76900.0,1,105.25,200.0,Target Hit (50% Premium Decay),76.45,38.22
SENSEX,CE_SPREAD,2026-07-22 10:33:00,2026-07-23 09:15:00,0 days 22:42:00,99,76800.0 / 77000.0,1,89.4,200.0,Target Hit (50% Premium Decay),69.9,34.95
SENSEX,CE_SPREAD,2026-07-22 10:39:00,2026-07-23 09:15:00,0 days 22:36:00,97,76800.0 / 77000.0,1,85.6,200.0,Target Hit (50% Premium Decay),66.1,33.05
SENSEX,CE_SPREAD,2026-07-22 10:42:00,2026-07-23 09:15:00,0 days 22:33:00,96,76800.0 / 77000.0,1,84.1,200.0,Target Hit (50% Premium Decay),64.6,32.3
SENSEX,CE_SPREAD,2026-07-22 10:45:00,2026-07-23 09:15:00,0 days 22:30:00,95,76800.0 / 77000.0,1,87.9,200.0,Target Hit (50% Premium Decay),68.4,34.2
SENSEX,CE_SPREAD,2026-07-22 11:03:00,2026-07-23 09:15:00,0 days 22:12:00,89,76800.0 / 77000.0,1,91.5,200.0,Target Hit (50% Premium Decay),72.0,36.0
SENSEX,CE_SPREAD,2026-07-22 11:15:00,2026-07-23 09:15:00,0 days 22:00:00,85,76800.0 / 77000.0,1,96.1,200.0,Target Hit (50% Premium Decay),76.6,38.3
SENSEX,CE_SPREAD,2026-07-22 11:54:00,2026-07-23 09:15:00,0 days 21:21:00,72,76900.0 / 77100.0,1,81.3,200.0,Target Hit (50% Premium Decay),66.75,33.38
SENSEX,CE_SPREAD,2026-07-22 11:57:00,2026-07-23 09:15:00,0 days 21:18:00,71,76900.0 / 77100.0,1,78.85,200.0,Target Hit (50% Premium Decay),64.3,32.15
SENSEX,CE_SPREAD,2026-07-22 12:00:00,2026-07-23 09:15:00,0 days 21:15:00,70,76900.0 / 77100.0,1,72.7,200.0,Target Hit (50% Premium Decay),58.15,29.08
SENSEX,CE_SPREAD,2026-07-22 12:03:00,2026-07-23 09:15:00,0 days 21:12:00,69,76800.0 / 77000.0,1,88.05,200.0,Target Hit (50% Premium Decay),68.55,34.27
SENSEX,CE_SPREAD,2026-07-22 12:12:00,2026-07-23 09:15:00,0 days 21:03:00,66,76800.0 / 77000.0,1,83.0,200.0,Target Hit (50% Premium Decay),63.5,31.75
SENSEX,CE_SPREAD,2026-07-22 12:15:00,2026-07-23 09:15:00,0 days 21:00:00,65,76800.0 / 77000.0,1,82.7,200.0,Target Hit (50% Premium Decay),63.2,31.6
SENSEX,CE_SPREAD,2026-07-22 12:18:00,2026-07-23 09:15:00,0 days 20:57:00,64,76800.0 / 77000.0,1,70.4,200.0,Target Hit (50% Premium Decay),50.9,25.45
SENSEX,CE_SPREAD,2026-07-22 12:21:00,2026-07-23 09:15:00,0 days 20:54:00,63,76700.0 / 76900.0,1,90.55,200.0,Target Hit (50% Premium Decay),61.75,30.87
SENSEX,CE_SPREAD,2026-07-22 12:30:00,2026-07-23 09:15:00,0 days 20:45:00,60,76700.0 / 76900.0,1,84.6,200.0,Target Hit (50% Premium Decay),55.8,27.9
SENSEX,CE_SPREAD,2026-07-22 12:33:00,2026-07-23 09:15:00,0 days 20:42:00,59,76700.0 / 76900.0,1,85.1,200.0,Target Hit (50% Premium Decay),56.3,28.15
SENSEX,CE_SPREAD,2026-07-22 12:39:00,2026-07-23 09:15:00,0 days 20:36:00,57,76700.0 / 76900.0,1,84.55,200.0,Target Hit (50% Premium Decay),55.75,27.87
SENSEX,CE_SPREAD,2026-07-22 12:42:00,2026-07-23 09:15:00,0 days 20:33:00,56,76700.0 / 76900.0,1,92.3,200.0,Target Hit (50% Premium Decay),63.5,31.75
SENSEX,CE_SPREAD,2026-07-22 13:03:00,2026-07-23 09:15:00,0 days 20:12:00,49,76800.0 / 77000.0,1,74.55,200.0,Target Hit (50% Premium Decay),55.05,27.53
SENSEX,CE_SPREAD,2026-07-22 13:06:00,2026-07-23 09:15:00,0 days 20:09:00,48,76700.0 / 76900.0,1,89.15,200.0,Target Hit (50% Premium Decay),60.35,30.18
SENSEX,CE_SPREAD,2026-07-22 13:12:00,2026-07-23 09:15:00,0 days 20:03:00,46,76700.0 / 76900.0,1,86.05,200.0,Target Hit (50% Premium Decay),57.25,28.63
SENSEX,CE_SPREAD,2026-07-22 13:15:00,2026-07-23 09:15:00,0 days 20:00:00,45,76700.0 / 76900.0,1,88.3,200.0,Target Hit (50% Premium Decay),59.5,29.75
SENSEX,CE_SPREAD,2026-07-22 13:24:00,2026-07-23 09:15:00,0 days 19:51:00,42,76700.0 / 76900.0,1,85.25,200.0,Target Hit (50% Premium Decay),56.45,28.22
SENSEX,CE_SPREAD,2026-07-22 13:27:00,2026-07-23 09:15:00,0 days 19:48:00,41,76700.0 / 76900.0,1,88.5,200.0,Target Hit (50% Premium Decay),59.7,29.85
SENSEX,CE_SPREAD,2026-07-22 13:42:00,2026-07-23 09:15:00,0 days 19:33:00,36,76700.0 / 76900.0,1,92.4,200.0,Target Hit (50% Premium Decay),63.6,31.8
SENSEX,CE_SPREAD,2026-07-22 13:48:00,2026-07-23 09:15:00,0 days 19:27:00,34,76700.0 / 76900.0,1,87.0,200.0,Target Hit (50% Premium Decay),58.2,29.1
SENSEX,CE_SPREAD,2026-07-22 13:51:00,2026-07-23 09:15:00,0 days 19:24:00,33,76700.0 / 76900.0,1,87.7,200.0,Target Hit (50% Premium Decay),58.9,29.45
SENSEX,CE_SPREAD,2026-07-22 13:57:00,2026-07-23 09:15:00,0 days 19:18:00,31,76700.0 / 76900.0,1,86.9,200.0,Target Hit (50% Premium Decay),58.1,29.05
SENSEX,CE_SPREAD,2026-07-22 14:06:00,2026-07-23 09:15:00,0 days 19:09:00,28,76700.0 / 76900.0,1,87.7,200.0,Target Hit (50% Premium Decay),58.9,29.45
SENSEX,CE_SPREAD,2026-07-22 14:09:00,2026-07-23 09:15:00,0 days 19:06:00,27,76700.0 / 76900.0,1,86.0,200.0,Target Hit (50% Premium Decay),57.2,28.6
SENSEX,CE_SPREAD,2026-07-22 14:15:00,2026-07-23 09:15:00,0 days 19:00:00,25,76700.0 / 76900.0,1,88.8,200.0,Target Hit (50% Premium Decay),60.0,30.0
SENSEX,CE_SPREAD,2026-07-22 14:24:00,2026-07-23 09:15:00,0 days 18:51:00,22,76700.0 / 76900.0,1,83.5,200.0,Target Hit (50% Premium Decay),54.7,27.35
SENSEX,CE_SPREAD,2026-07-22 14:27:00,2026-07-23 09:15:00,0 days 18:48:00,21,76700.0 / 76900.0,1,82.0,200.0,Target Hit (50% Premium Decay),53.2,26.6
SENSEX,CE_SPREAD,2026-07-22 14:30:00,2026-07-23 09:15:00,0 days 18:45:00,20,76700.0 / 76900.0,1,82.05,200.0,Target Hit (50% Premium Decay),53.25,26.63
SENSEX,CE_SPREAD,2026-07-22 14:33:00,2026-07-23 09:15:00,0 days 18:42:00,19,76700.0 / 76900.0,1,89.5,200.0,Target Hit (50% Premium Decay),60.7,30.35
SENSEX,CE_SPREAD,2026-07-22 14:42:00,2026-07-23 09:15:00,0 days 18:33:00,16,76700.0 / 76900.0,1,83.4,200.0,Target Hit (50% Premium Decay),54.6,27.3
SENSEX,CE_SPREAD,2026-07-22 14:45:00,2026-07-23 09:15:00,0 days 18:30:00,15,76700.0 / 76900.0,1,85.35,200.0,Target Hit (50% Premium Decay),56.55,28.27
SENSEX,CE_SPREAD,2026-07-22 15:00:00,2026-07-23 09:15:00,0 days 18:15:00,10,76700.0 / 76900.0,1,85.2,200.0,Target Hit (50% Premium Decay),56.4,28.2
SENSEX,CE_SPREAD,2026-07-22 15:24:00,2026-07-23 09:15:00,0 days 17:51:00,2,76700.0 / 76900.0,1,88.9,200.0,Target Hit (50% Premium Decay),60.1,30.05
SENSEX,CE_SPREAD,2026-07-23 09:18:00,2026-07-23 12:42:00,0 days 03:24:00,68,76400.0 / 76600.0,1,105.9,200.0,Target Hit (50% Premium Decay),60.4,30.2
SENSEX,CE_SPREAD,2026-07-23 09:24:00,2026-07-23 11:03:00,0 days 01:39:00,33,76500.0 / 76700.0,1,81.0,200.0,SL Hit (50% Premium Appreciation),-46.3,-23.15
SENSEX,CE_SPREAD,2026-07-23 09:27:00,2026-07-23 10:09:00,0 days 00:42:00,14,76500.0 / 76700.0,1,66.65,200.0,SL Hit (50% Premium Appreciation),-35.5,-17.75
SENSEX,CE_SPREAD,2026-07-23 09:30:00,2026-07-23 10:00:00,0 days 00:30:00,10,76500.0 / 76700.0,1,59.9,200.0,SL Hit (50% Premium Appreciation),-33.6,-16.8
SENSEX,CE_SPREAD,2026-07-23 09:33:00,2026-07-23 10:00:00,0 days 00:27:00,9,76400.0 / 76600.0,1,73.8,200.0,SL Hit (50% Premium Appreciation),-49.5,-24.75
SENSEX,CE_SPREAD,2026-07-23 09:36:00,2026-07-23 10:00:00,0 days 00:24:00,8,76400.0 / 76600.0,1,77.35,200.0,SL Hit (50% Premium Appreciation),-45.95,-22.98
SENSEX,CE_SPREAD,2026-07-23 09:39:00,2026-07-23 10:15:00,0 days 00:36:00,12,76400.0 / 76600.0,1,87.1,200.0,SL Hit (50% Premium Appreciation),-44.5,-22.25
SENSEX,CE_SPREAD,2026-07-23 09:45:00,2026-07-23 10:00:00,0 days 00:15:00,5,76400.0 / 76600.0,1,81.1,200.0,SL Hit (50% Premium Appreciation),-42.2,-21.1
SENSEX,CE_SPREAD,2026-07-23 10:21:00,2026-07-23 12:30:00,0 days 02:09:00,43,76600.0 / 76800.0,1,69.55,200.0,Target Hit (50% Premium Decay),44.65,22.32
SENSEX,CE_SPREAD,2026-07-23 10:24:00,2026-07-23 12:27:00,0 days 02:03:00,41,76600.0 / 76800.0,1,73.25,200.0,Target Hit (50% Premium Decay),37.35,18.68
SENSEX,CE_SPREAD,2026-07-23 11:09:00,2026-07-23 11:51:00,0 days 00:42:00,14,76700.0 / 76900.0,1,63.8,200.0,Target Hit (50% Premium Decay),35.6,17.8
SENSEX,CE_SPREAD,2026-07-23 11:18:00,2026-07-23 12:24:00,0 days 01:06:00,22,76700.0 / 76900.0,1,46.6,200.0,Target Hit (50% Premium Decay),26.05,13.02
SENSEX,CE_SPREAD,2026-07-23 11:21:00,2026-07-23 12:30:00,0 days 01:09:00,23,76600.0 / 76800.0,1,71.2,200.0,Target Hit (50% Premium Decay),46.3,23.15
SENSEX,CE_SPREAD,2026-07-23 11:27:00,2026-07-23 12:30:00,0 days 01:03:00,21,76600.0 / 76800.0,1,59.15,200.0,Target Hit (50% Premium Decay),34.25,17.12
SENSEX,CE_SPREAD,2026-07-23 11:30:00,2026-07-23 12:30:00,0 days 01:00:00,20,76600.0 / 76800.0,1,61.3,200.0,Target Hit (50% Premium Decay),36.4,18.2
SENSEX,CE_SPREAD,2026-07-23 11:39:00,2026-07-23 12:30:00,0 days 00:51:00,17,76600.0 / 76800.0,1,58.55,200.0,Target Hit (50% Premium Decay),33.65,16.83
SENSEX,CE_SPREAD,2026-07-23 11:42:00,2026-07-23 12:30:00,0 days 00:48:00,16,76600.0 / 76800.0,1,62.0,200.0,Target Hit (50% Premium Decay),37.1,18.55
SENSEX,CE_SPREAD,2026-07-23 11:48:00,2026-07-23 12:30:00,0 days 00:42:00,14,76600.0 / 76800.0,1,54.35,200.0,Target Hit (50% Premium Decay),29.45,14.72
SENSEX,CE_SPREAD,2026-07-23 11:51:00,2026-07-23 12:33:00,0 days 00:42:00,14,76600.0 / 76800.0,1,47.0,200.0,Target Hit (50% Premium Decay),26.7,13.35
SENSEX,CE_SPREAD,2026-07-23 11:54:00,2026-07-23 12:39:00,0 days 00:45:00,15,76500.0 / 76700.0,1,82.45,200.0,Target Hit (50% Premium Decay),48.45,24.22
SENSEX,CE_SPREAD,2026-07-23 11:57:00,2026-07-23 12:33:00,0 days 00:36:00,12,76500.0 / 76700.0,1,93.95,200.0,Target Hit (50% Premium Decay),51.7,25.85
SENSEX,CE_SPREAD,2026-07-23 12:06:00,2026-07-23 12:30:00,0 days 00:24:00,8,76600.0 / 76800.0,1,64.05,200.0,Target Hit (50% Premium Decay),39.15,19.57
SENSEX,CE_SPREAD,2026-07-23 12:15:00,2026-07-23 12:33:00,0 days 00:18:00,6,76500.0 / 76700.0,1,85.1,200.0,Target Hit (50% Premium Decay),42.85,21.42
SENSEX,CE_SPREAD,2026-07-23 12:21:00,2026-07-23 12:33:00,0 days 00:12:00,4,76600.0 / 76800.0,1,42.55,200.0,Target Hit (50% Premium Decay),22.25,11.13
SENSEX,CE_SPREAD,2026-07-23 12:24:00,2026-07-23 12:39:00,0 days 00:15:00,5,76600.0 / 76800.0,1,37.7,200.0,Target Hit (50% Premium Decay),20.55,10.28
SENSEX,CE_SPREAD,2026-07-23 12:27:00,2026-07-23 12:42:00,0 days 00:15:00,5,76500.0 / 76700.0,1,65.35,200.0,Target Hit (50% Premium Decay),40.45,20.22
SENSEX,CE_SPREAD,2026-07-23 12:30:00,2026-07-23 12:45:00,0 days 00:15:00,5,76500.0 / 76700.0,1,47.6,200.0,Target Hit (50% Premium Decay),24.4,12.2
SENSEX,CE_SPREAD,2026-07-23 12:33:00,2026-07-23 13:00:00,0 days 00:27:00,9,76400.0 / 76600.0,1,72.0,200.0,Target Hit (50% Premium Decay),37.45,18.73
SENSEX,CE_SPREAD,2026-07-23 12:36:00,2026-07-23 13:00:00,0 days 00:24:00,8,76400.0 / 76600.0,1,75.4,200.0,Target Hit (50% Premium Decay),40.85,20.43
SENSEX,CE_SPREAD,2026-07-23 12:42:00,2026-07-23 14:12:00,0 days 01:30:00,30,76400.0 / 76600.0,1,45.5,200.0,Target Hit (50% Premium Decay),23.65,11.82
SENSEX,CE_SPREAD,2026-07-23 12:45:00,2026-07-23 14:33:00,0 days 01:48:00,36,76300.0 / 76500.0,1,68.85,200.0,SL Hit (50% Premium Appreciation),-47.05,-23.53
SENSEX,CE_SPREAD,2026-07-23 12:48:00,2026-07-23 14:33:00,0 days 01:45:00,35,76300.0 / 76500.0,1,65.75,200.0,SL Hit (50% Premium Appreciation),-50.15,-25.08
SENSEX,CE_SPREAD,2026-07-23 12:51:00,2026-07-23 14:33:00,0 days 01:42:00,34,76300.0 / 76500.0,1,62.6,200.0,SL Hit (50% Premium Appreciation),-53.3,-26.65
SENSEX,CE_SPREAD,2026-07-23 12:54:00,2026-07-23 14:33:00,0 days 01:39:00,33,76300.0 / 76500.0,1,68.4,200.0,SL Hit (50% Premium Appreciation),-47.5,-23.75
SENSEX,CE_SPREAD,2026-07-23 13:00:00,2026-07-23 14:33:00,0 days 01:33:00,31,76300.0 / 76500.0,1,59.85,200.0,SL Hit (50% Premium Appreciation),-56.05,-28.02
SENSEX,CE_SPREAD,2026-07-23 13:03:00,2026-07-23 14:33:00,0 days 01:30:00,30,76300.0 / 76500.0,1,53.65,200.0,SL Hit (50% Premium Appreciation),-62.25,-31.13
SENSEX,CE_SPREAD,2026-07-23 13:06:00,2026-07-23 13:45:00,0 days 00:39:00,13,76300.0 / 76500.0,1,44.3,200.0,SL Hit (50% Premium Appreciation),-25.5,-12.75
SENSEX,CE_SPREAD,2026-07-23 13:09:00,2026-07-23 14:21:00,0 days 01:12:00,24,76200.0 / 76400.0,1,81.05,200.0,SL Hit (50% Premium Appreciation),-43.0,-21.5
SENSEX,CE_SPREAD,2026-07-23 13:12:00,2026-07-23 14:21:00,0 days 01:09:00,23,76200.0 / 76400.0,1,81.2,200.0,SL Hit (50% Premium Appreciation),-42.85,-21.42
SENSEX,CE_SPREAD,2026-07-23 13:15:00,2026-07-23 14:03:00,0 days 00:48:00,16,76200.0 / 76400.0,1,74.45,200.0,SL Hit (50% Premium Appreciation),-37.6,-18.8
SENSEX,CE_SPREAD,2026-07-23 13:18:00,2026-07-23 14:24:00,0 days 01:06:00,22,76200.0 / 76400.0,1,83.0,200.0,SL Hit (50% Premium Appreciation),-42.65,-21.33
SENSEX,CE_SPREAD,2026-07-23 13:24:00,2026-07-23 14:33:00,0 days 01:09:00,23,76200.0 / 76400.0,1,86.4,200.0,SL Hit (50% Premium Appreciation),-76.1,-38.05
SENSEX,CE_SPREAD,2026-07-23 13:30:00,2026-07-23 13:45:00,0 days 00:15:00,5,76300.0 / 76500.0,1,43.95,200.0,SL Hit (50% Premium Appreciation),-25.85,-12.93
SENSEX,CE_SPREAD,2026-07-23 13:33:00,2026-07-23 13:45:00,0 days 00:12:00,4,76300.0 / 76500.0,1,44.9,200.0,SL Hit (50% Premium Appreciation),-24.9,-12.45
SENSEX,CE_SPREAD,2026-07-23 13:36:00,2026-07-23 14:33:00,0 days 00:57:00,19,76200.0 / 76400.0,1,97.35,200.0,SL Hit (50% Premium Appreciation),-65.15,-32.57
SENSEX,CE_SPREAD,2026-07-23 14:12:00,2026-07-23 14:21:00,0 days 00:09:00,3,76300.0 / 76500.0,1,49.45,200.0,SL Hit (50% Premium Appreciation),-25.5,-12.75
SENSEX,CE_SPREAD,2026-07-23 14:15:00,2026-07-23 14:33:00,0 days 00:18:00,6,76300.0 / 76500.0,1,60.95,200.0,SL Hit (50% Premium Appreciation),-54.95,-27.48
SENSEX,CE_SPREAD,2026-07-23 14:21:00,2026-07-23 14:33:00,0 days 00:12:00,4,76300.0 / 76500.0,1,74.95,200.0,SL Hit (50% Premium Appreciation),-40.95,-20.48
SENSEX,CE_SPREAD,2026-07-23 14:39:00,2026-07-23 14:48:00,0 days 00:09:00,3,76300.0 / 76500.0,1,39.7,200.0,Target Hit (50% Premium Decay),21.25,10.62
SENSEX,CE_SPREAD,2026-07-23 14:42:00,2026-07-23 14:51:00,0 days 00:09:00,3,76300.0 / 76500.0,1,31.6,200.0,Target Hit (50% Premium Decay),18.2,9.1
SENSEX,CE_SPREAD,2026-07-23 14:48:00,2026-07-23 14:57:00,0 days 00:09:00,3,76200.0 / 76400.0,1,52.6,200.0,SL Hit (50% Premium Appreciation),-26.55,-13.28
SENSEX,CE_SPREAD,2026-07-23 14:51:00,2026-07-23 14:57:00,0 days 00:06:00,2,76200.0 / 76400.0,1,43.55,200.0,SL Hit (50% Premium Appreciation),-35.6,-17.8
SENSEX,CE_SPREAD,2026-07-23 14:57:00,2026-07-23 15:00:00,0 days 00:03:00,1,76200.0 / 76400.0,1,79.15,200.0,SL Hit (50% Premium Appreciation),-40.8,-20.4
SENSEX,CE_SPREAD,2026-07-24 09:24:00,2026-07-27 09:15:00,2 days 23:51:00,122,75900.0 / 76100.0,1,96.35,200.0,SL Hit (50% Premium Appreciation),-57.9,-28.95
SENSEX,CE_SPREAD,2026-07-24 09:27:00,2026-07-27 09:15:00,2 days 23:48:00,121,75800.0 / 76000.0,1,100.85,200.0,SL Hit (50% Premium Appreciation),-60.4,-30.2
SENSEX,CE_SPREAD,2026-07-24 09:30:00,2026-07-27 09:15:00,2 days 23:45:00,120,75800.0 / 76000.0,1,98.75,200.0,SL Hit (50% Premium Appreciation),-62.5,-31.25
SENSEX,CE_SPREAD,2026-07-24 09:33:00,2026-07-27 09:15:00,2 days 23:42:00,119,75800.0 / 76000.0,1,99.2,200.0,SL Hit (50% Premium Appreciation),-62.05,-31.03
SENSEX,CE_SPREAD,2026-07-24 09:36:00,2026-07-27 09:15:00,2 days 23:39:00,118,75800.0 / 76000.0,1,93.2,200.0,SL Hit (50% Premium Appreciation),-68.05,-34.03
SENSEX,CE_SPREAD,2026-07-24 09:39:00,2026-07-27 09:15:00,2 days 23:36:00,117,75700.0 / 75900.0,1,101.1,200.0,SL Hit (50% Premium Appreciation),-62.9,-31.45
SENSEX,CE_SPREAD,2026-07-24 09:42:00,2026-07-27 09:15:00,2 days 23:33:00,116,75700.0 / 75900.0,1,100.05,200.0,SL Hit (50% Premium Appreciation),-63.95,-31.98
SENSEX,CE_SPREAD,2026-07-24 09:45:00,2026-07-27 09:15:00,2 days 23:30:00,115,75600.0 / 75800.0,1,104.95,200.0,SL Hit (50% Premium Appreciation),-73.15,-36.57
SENSEX,CE_SPREAD,2026-07-24 09:48:00,2026-07-27 09:15:00,2 days 23:27:00,114,75600.0 / 75800.0,1,103.05,200.0,SL Hit (50% Premium Appreciation),-75.05,-37.52
SENSEX,CE_SPREAD,2026-07-24 09:51:00,2026-07-27 09:15:00,2 days 23:24:00,113,75600.0 / 75800.0,1,107.35,200.0,SL Hit (50% Premium Appreciation),-70.75,-35.37
SENSEX,CE_SPREAD,2026-07-24 10:00:00,2026-07-27 09:15:00,2 days 23:15:00,110,75600.0 / 75800.0,1,102.65,200.0,SL Hit (50% Premium Appreciation),-75.45,-37.72
SENSEX,CE_SPREAD,2026-07-24 10:03:00,2026-07-27 09:15:00,2 days 23:12:00,109,75600.0 / 75800.0,1,103.8,200.0,SL Hit (50% Premium Appreciation),-74.3,-37.15
SENSEX,CE_SPREAD,2026-07-24 10:06:00,2026-07-27 09:15:00,2 days 23:09:00,108,75500.0 / 75700.0,1,107.85,200.0,SL Hit (50% Premium Appreciation),-57.65,-28.82
SENSEX,CE_SPREAD,2026-07-24 10:12:00,2026-07-27 09:15:00,2 days 23:03:00,106,75500.0 / 75700.0,1,105.35,200.0,SL Hit (50% Premium Appreciation),-60.15,-30.07
SENSEX,CE_SPREAD,2026-07-24 10:15:00,2026-07-27 09:15:00,2 days 23:00:00,105,75500.0 / 75700.0,1,105.75,200.0,SL Hit (50% Premium Appreciation),-59.75,-29.88
SENSEX,CE_SPREAD,2026-07-24 10:21:00,2026-07-27 09:15:00,2 days 22:54:00,103,75500.0 / 75700.0,1,106.85,200.0,SL Hit (50% Premium Appreciation),-58.65,-29.32
SENSEX,CE_SPREAD,2026-07-24 10:24:00,2026-07-27 09:15:00,2 days 22:51:00,102,75500.0 / 75700.0,1,105.85,200.0,SL Hit (50% Premium Appreciation),-59.65,-29.83
SENSEX,CE_SPREAD,2026-07-24 10:33:00,2026-07-27 09:15:00,2 days 22:42:00,99,75500.0 / 75700.0,1,106.7,200.0,SL Hit (50% Premium Appreciation),-58.8,-29.4
SENSEX,CE_SPREAD,2026-07-24 10:57:00,2026-07-27 09:15:00,2 days 22:18:00,91,75600.0 / 75800.0,1,100.55,200.0,SL Hit (50% Premium Appreciation),-77.55,-38.77
SENSEX,CE_SPREAD,2026-07-24 11:00:00,2026-07-27 09:15:00,2 days 22:15:00,90,75600.0 / 75800.0,1,102.95,200.0,SL Hit (50% Premium Appreciation),-75.15,-37.57
SENSEX,CE_SPREAD,2026-07-24 11:09:00,2026-07-27 09:15:00,2 days 22:06:00,87,75500.0 / 75700.0,1,105.75,200.0,SL Hit (50% Premium Appreciation),-59.75,-29.88
SENSEX,CE_SPREAD,2026-07-24 11:12:00,2026-07-27 09:15:00,2 days 22:03:00,86,75500.0 / 75700.0,1,105.8,200.0,SL Hit (50% Premium Appreciation),-59.7,-29.85
SENSEX,CE_SPREAD,2026-07-24 11:15:00,2026-07-27 09:21:00,2 days 22:06:00,87,75500.0 / 75700.0,1,112.85,200.0,SL Hit (50% Premium Appreciation),-58.85,-29.43
SENSEX,CE_SPREAD,2026-07-24 13:06:00,2026-07-27 11:06:00,2 days 22:00:00,85,76000.0 / 76200.0,1,105.0,200.0,SL Hit (50% Premium Appreciation),-53.0,-26.5
SENSEX,CE_SPREAD,2026-07-24 13:09:00,2026-07-27 14:06:00,3 days 00:57:00,144,76000.0 / 76200.0,1,109.35,200.0,SL Hit (50% Premium Appreciation),-59.8,-29.9
SENSEX,PE_SPREAD,2026-07-24 13:18:00,2026-07-27 09:42:00,2 days 20:24:00,53,76100.0 / 75900.0,1,83.0,200.0,Target Hit (50% Premium Decay),41.55,20.78
SENSEX,PE_SPREAD,2026-07-24 13:39:00,2026-07-27 09:15:00,2 days 19:36:00,37,76000.0 / 75800.0,1,86.4,200.0,Target Hit (50% Premium Decay),44.6,22.3
SENSEX,PE_SPREAD,2026-07-24 13:48:00,2026-07-27 09:18:00,2 days 19:30:00,35,76000.0 / 75800.0,1,82.3,200.0,Target Hit (50% Premium Decay),42.3,21.15
SENSEX,PE_SPREAD,2026-07-24 13:51:00,2026-07-27 09:18:00,2 days 19:27:00,34,76000.0 / 75800.0,1,82.1,200.0,Target Hit (50% Premium Decay),42.1,21.05
SENSEX,PE_SPREAD,2026-07-24 13:54:00,2026-07-27 09:36:00,2 days 19:42:00,39,76100.0 / 75900.0,1,86.5,200.0,Target Hit (50% Premium Decay),43.7,21.85
SENSEX,PE_SPREAD,2026-07-24 13:57:00,2026-07-27 11:21:00,2 days 21:24:00,73,76100.0 / 75900.0,1,79.1,200.0,Target Hit (50% Premium Decay),40.1,20.05
SENSEX,PE_SPREAD,2026-07-24 14:27:00,2026-07-27 09:42:00,2 days 19:15:00,30,76100.0 / 75900.0,1,83.55,200.0,Target Hit (50% Premium Decay),42.1,21.05
SENSEX,PE_SPREAD,2026-07-24 14:30:00,2026-07-27 09:42:00,2 days 19:12:00,29,76100.0 / 75900.0,1,84.05,200.0,Target Hit (50% Premium Decay),42.6,21.3
SENSEX,PE_SPREAD,2026-07-24 14:33:00,2026-07-27 09:42:00,2 days 19:09:00,28,76100.0 / 75900.0,1,82.95,200.0,Target Hit (50% Premium Decay),41.5,20.75
SENSEX,PE_SPREAD,2026-07-24 14:42:00,2026-07-27 09:48:00,2 days 19:06:00,27,76100.0 / 75900.0,1,82.0,200.0,Target Hit (50% Premium Decay),41.05,20.53
SENSEX,PE_SPREAD,2026-07-24 14:48:00,2026-07-27 09:42:00,2 days 18:54:00,23,76100.0 / 75900.0,1,83.15,200.0,Target Hit (50% Premium Decay),41.7,20.85
SENSEX,PE_SPREAD,2026-07-24 14:54:00,2026-07-27 11:21:00,2 days 20:27:00,54,76100.0 / 75900.0,1,80.2,200.0,Target Hit (50% Premium Decay),41.2,20.6
SENSEX,PE_SPREAD,2026-07-24 14:57:00,2026-07-27 11:18:00,2 days 20:21:00,52,76100.0 / 75900.0,1,81.55,200.0,Target Hit (50% Premium Decay),41.4,20.7
SENSEX,PE_SPREAD,2026-07-24 15:09:00,2026-07-27 09:18:00,2 days 18:09:00,8,76000.0 / 75800.0,1,80.2,200.0,Target Hit (50% Premium Decay),40.2,20.1
SENSEX,PE_SPREAD,2026-07-24 15:12:00,2026-07-27 09:42:00,2 days 18:30:00,15,76000.0 / 75800.0,1,74.25,200.0,Target Hit (50% Premium Decay),37.6,18.8
SENSEX,PE_SPREAD,2026-07-24 15:15:00,2026-07-27 11:21:00,2 days 20:06:00,47,76100.0 / 75900.0,1,79.0,200.0,Target Hit (50% Premium Decay),40.0,20.0
SENSEX,PE_SPREAD,2026-07-24 15:18:00,2026-07-27 11:21:00,2 days 20:03:00,46,76100.0 / 75900.0,1,78.7,200.0,Target Hit (50% Premium Decay),39.7,19.85
SENSEX,PE_SPREAD,2026-07-27 09:15:00,2026-07-29 09:15:00,2 days 00:00:00,250,76600.0 / 76400.0,1,80.4,200.0,Target Hit (50% Premium Decay),68.2,34.1
SENSEX,PE_SPREAD,2026-07-27 10:00:00,2026-07-29 09:15:00,1 days 23:15:00,235,76700.0 / 76500.0,1,88.25,200.0,Target Hit (50% Premium Decay),73.35,36.67
SENSEX,PE_SPREAD,2026-07-27 10:09:00,2026-07-29 09:15:00,1 days 23:06:00,232,76600.0 / 76400.0,1,82.4,200.0,Target Hit (50% Premium Decay),70.2,35.1
SENSEX,PE_SPREAD,2026-07-27 10:12:00,2026-07-29 09:15:00,1 days 23:03:00,231,76600.0 / 76400.0,1,79.1,200.0,Target Hit (50% Premium Decay),66.9,33.45
SENSEX,PE_SPREAD,2026-07-27 10:15:00,2026-07-29 09:15:00,1 days 23:00:00,230,76700.0 / 76500.0,1,89.85,200.0,Target Hit (50% Premium Decay),74.95,37.48
SENSEX,PE_SPREAD,2026-07-27 10:24:00,2026-07-29 09:15:00,1 days 22:51:00,227,76600.0 / 76400.0,1,81.8,200.0,Target Hit (50% Premium Decay),69.6,34.8
SENSEX,PE_SPREAD,2026-07-27 10:30:00,2026-07-29 09:15:00,1 days 22:45:00,225,76600.0 / 76400.0,1,84.8,200.0,Target Hit (50% Premium Decay),72.6,36.3
SENSEX,PE_SPREAD,2026-07-27 10:42:00,2026-07-29 09:15:00,1 days 22:33:00,221,76600.0 / 76400.0,1,81.95,200.0,Target Hit (50% Premium Decay),69.75,34.87
SENSEX,PE_SPREAD,2026-07-27 10:45:00,2026-07-29 09:15:00,1 days 22:30:00,220,76600.0 / 76400.0,1,81.55,200.0,Target Hit (50% Premium Decay),69.35,34.68
SENSEX,PE_SPREAD,2026-07-27 10:54:00,2026-07-29 09:15:00,1 days 22:21:00,217,76600.0 / 76400.0,1,81.6,200.0,Target Hit (50% Premium Decay),69.4,34.7
SENSEX,PE_SPREAD,2026-07-27 11:00:00,2026-07-29 09:15:00,1 days 22:15:00,215,76700.0 / 76500.0,1,86.5,200.0,Target Hit (50% Premium Decay),71.6,35.8
SENSEX,PE_SPREAD,2026-07-27 11:18:00,2026-07-29 09:15:00,1 days 21:57:00,209,76700.0 / 76500.0,1,83.45,200.0,Target Hit (50% Premium Decay),68.55,34.27
SENSEX,PE_SPREAD,2026-07-27 11:21:00,2026-07-29 09:15:00,1 days 21:54:00,208,76700.0 / 76500.0,1,81.05,200.0,Target Hit (50% Premium Decay),66.15,33.08
SENSEX,PE_SPREAD,2026-07-27 11:57:00,2026-07-29 09:15:00,1 days 21:18:00,196,76800.0 / 76600.0,1,86.45,200.0,Target Hit (50% Premium Decay),67.45,33.72
SENSEX,PE_SPREAD,2026-07-27 12:09:00,2026-07-29 09:15:00,1 days 21:06:00,192,76700.0 / 76500.0,1,80.75,200.0,Target Hit (50% Premium Decay),65.85,32.92
SENSEX,PE_SPREAD,2026-07-27 12:12:00,2026-07-29 09:15:00,1 days 21:03:00,191,76700.0 / 76500.0,1,81.25,200.0,Target Hit (50% Premium Decay),66.35,33.17
SENSEX,PE_SPREAD,2026-07-27 12:15:00,2026-07-29 09:15:00,1 days 21:00:00,190,76700.0 / 76500.0,1,79.5,200.0,Target Hit (50% Premium Decay),64.6,32.3
SENSEX,PE_SPREAD,2026-07-27 12:18:00,2026-07-29 09:15:00,1 days 20:57:00,189,76700.0 / 76500.0,1,81.45,200.0,Target Hit (50% Premium Decay),66.55,33.28
SENSEX,PE_SPREAD,2026-07-27 12:24:00,2026-07-29 09:15:00,1 days 20:51:00,187,76700.0 / 76500.0,1,81.15,200.0,Target Hit (50% Premium Decay),66.25,33.12
SENSEX,PE_SPREAD,2026-07-27 12:27:00,2026-07-29 09:15:00,1 days 20:48:00,186,76700.0 / 76500.0,1,83.05,200.0,Target Hit (50% Premium Decay),68.15,34.08
SENSEX,PE_SPREAD,2026-07-27 12:33:00,2026-07-29 09:15:00,1 days 20:42:00,184,76700.0 / 76500.0,1,82.5,200.0,Target Hit (50% Premium Decay),67.6,33.8
SENSEX,PE_SPREAD,2026-07-27 12:45:00,2026-07-29 09:15:00,1 days 20:30:00,180,76700.0 / 76500.0,1,80.7,200.0,Target Hit (50% Premium Decay),65.8,32.9
SENSEX,PE_SPREAD,2026-07-27 12:48:00,2026-07-29 09:15:00,1 days 20:27:00,179,76700.0 / 76500.0,1,79.95,200.0,Target Hit (50% Premium Decay),65.05,32.53
SENSEX,PE_SPREAD,2026-07-27 13:00:00,2026-07-29 09:15:00,1 days 20:15:00,175,76700.0 / 76500.0,1,81.4,200.0,Target Hit (50% Premium Decay),66.5,33.25
SENSEX,PE_SPREAD,2026-07-27 13:03:00,2026-07-29 09:15:00,1 days 20:12:00,174,76700.0 / 76500.0,1,76.85,200.0,Target Hit (50% Premium Decay),61.95,30.98
SENSEX,PE_SPREAD,2026-07-27 13:06:00,2026-07-29 09:15:00,1 days 20:09:00,173,76700.0 / 76500.0,1,79.75,200.0,Target Hit (50% Premium Decay),64.85,32.42
SENSEX,PE_SPREAD,2026-07-27 13:12:00,2026-07-29 09:15:00,1 days 20:03:00,171,76700.0 / 76500.0,1,77.95,200.0,Target Hit (50% Premium Decay),63.05,31.52
SENSEX,PE_SPREAD,2026-07-27 13:15:00,2026-07-29 09:15:00,1 days 20:00:00,170,76800.0 / 76600.0,1,80.85,200.0,Target Hit (50% Premium Decay),61.85,30.93
SENSEX,PE_SPREAD,2026-07-27 13:39:00,2026-07-29 09:15:00,1 days 19:36:00,162,76700.0 / 76500.0,1,84.7,200.0,Target Hit (50% Premium Decay),69.8,34.9
SENSEX,PE_SPREAD,2026-07-27 13:45:00,2026-07-29 09:15:00,1 days 19:30:00,160,76700.0 / 76500.0,1,80.6,200.0,Target Hit (50% Premium Decay),65.7,32.85
SENSEX,PE_SPREAD,2026-07-27 13:48:00,2026-07-29 09:15:00,1 days 19:27:00,159,76700.0 / 76500.0,1,82.75,200.0,Target Hit (50% Premium Decay),67.85,33.92
SENSEX,PE_SPREAD,2026-07-27 13:54:00,2026-07-29 09:15:00,1 days 19:21:00,157,76700.0 / 76500.0,1,77.0,200.0,Target Hit (50% Premium Decay),62.1,31.05
SENSEX,PE_SPREAD,2026-07-27 14:42:00,2026-07-29 09:15:00,1 days 18:33:00,141,76900.0 / 76700.0,1,83.5,200.0,Target Hit (50% Premium Decay),59.35,29.68
SENSEX,PE_SPREAD,2026-07-27 14:51:00,2026-07-29 09:15:00,1 days 18:24:00,138,76800.0 / 76600.0,1,76.6,200.0,Target Hit (50% Premium Decay),57.6,28.8
SENSEX,PE_SPREAD,2026-07-27 14:54:00,2026-07-29 09:15:00,1 days 18:21:00,137,76800.0 / 76600.0,1,75.55,200.0,Target Hit (50% Premium Decay),56.55,28.28
SENSEX,PE_SPREAD,2026-07-27 14:57:00,2026-07-29 09:15:00,1 days 18:18:00,136,76800.0 / 76600.0,1,76.55,200.0,Target Hit (50% Premium Decay),57.55,28.78
SENSEX,PE_SPREAD,2026-07-27 15:03:00,2026-07-29 09:15:00,1 days 18:12:00,134,76800.0 / 76600.0,1,76.5,200.0,Target Hit (50% Premium Decay),57.5,28.75
SENSEX,PE_SPREAD,2026-07-27 15:09:00,2026-07-29 09:15:00,1 days 18:06:00,132,76800.0 / 76600.0,1,74.45,200.0,Target Hit (50% Premium Decay),55.45,27.73
SENSEX,PE_SPREAD,2026-07-27 15:12:00,2026-07-29 09:15:00,1 days 18:03:00,131,76900.0 / 76700.0,1,85.25,200.0,Target Hit (50% Premium Decay),61.1,30.55
SENSEX,PE_SPREAD,2026-07-27 15:18:00,2026-07-29 09:15:00,1 days 17:57:00,129,76800.0 / 76600.0,1,71.65,200.0,Target Hit (50% Premium Decay),52.65,26.32
SENSEX,PE_SPREAD,2026-07-27 15:21:00,2026-07-29 09:15:00,1 days 17:54:00,128,76800.0 / 76600.0,1,70.5,200.0,Target Hit (50% Premium Decay),51.5,25.75
SENSEX,PE_SPREAD,2026-07-27 15:24:00,2026-07-29 09:15:00,1 days 17:51:00,127,76900.0 / 76700.0,1,82.8,200.0,Target Hit (50% Premium Decay),58.65,29.33
SENSEX,PE_SPREAD,2026-07-28 09:15:00,2026-07-29 09:15:00,1 days 00:00:00,125,76800.0 / 76600.0,1,68.7,200.0,Target Hit (50% Premium Decay),49.7,24.85
SENSEX,PE_SPREAD,2026-07-28 09:18:00,2026-07-29 09:15:00,0 days 23:57:00,124,76900.0 / 76700.0,1,74.4,200.0,Target Hit (50% Premium Decay),50.25,25.12
SENSEX,PE_SPREAD,2026-07-28 09:30:00,2026-07-29 09:15:00,0 days 23:45:00,120,76900.0 / 76700.0,1,88.4,200.0,Target Hit (50% Premium Decay),64.25,32.12
SENSEX,PE_SPREAD,2026-07-28 09:36:00,2026-07-29 09:15:00,0 days 23:39:00,118,76900.0 / 76700.0,1,79.8,200.0,Target Hit (50% Premium Decay),55.65,27.82
SENSEX,PE_SPREAD,2026-07-28 09:39:00,2026-07-29 09:15:00,0 days 23:36:00,117,76900.0 / 76700.0,1,79.6,200.0,Target Hit (50% Premium Decay),55.45,27.73
SENSEX,PE_SPREAD,2026-07-28 09:51:00,2026-07-29 09:15:00,0 days 23:24:00,113,76900.0 / 76700.0,1,86.75,200.0,Target Hit (50% Premium Decay),62.6,31.3
SENSEX,PE_SPREAD,2026-07-28 09:57:00,2026-07-29 09:15:00,0 days 23:18:00,111,76900.0 / 76700.0,1,81.9,200.0,Target Hit (50% Premium Decay),57.75,28.87
SENSEX,PE_SPREAD,2026-07-28 10:00:00,2026-07-29 09:15:00,0 days 23:15:00,110,76900.0 / 76700.0,1,92.5,200.0,Target Hit (50% Premium Decay),68.35,34.17
SENSEX,PE_SPREAD,2026-07-28 10:15:00,2026-07-29 09:15:00,0 days 23:00:00,105,76800.0 / 76600.0,1,76.95,200.0,Target Hit (50% Premium Decay),57.95,28.97
SENSEX,PE_SPREAD,2026-07-28 10:18:00,2026-07-29 09:15:00,0 days 22:57:00,104,76800.0 / 76600.0,1,78.6,200.0,Target Hit (50% Premium Decay),59.6,29.8
SENSEX,PE_SPREAD,2026-07-28 10:27:00,2026-07-29 09:15:00,0 days 22:48:00,101,76800.0 / 76600.0,1,82.35,200.0,Target Hit (50% Premium Decay),63.35,31.68
SENSEX,PE_SPREAD,2026-07-28 10:33:00,2026-07-29 09:15:00,0 days 22:42:00,99,76800.0 / 76600.0,1,81.55,200.0,Target Hit (50% Premium Decay),62.55,31.27
SENSEX,PE_SPREAD,2026-07-28 10:39:00,2026-07-29 09:15:00,0 days 22:36:00,97,76900.0 / 76700.0,1,87.0,200.0,Target Hit (50% Premium Decay),62.85,31.43
SENSEX,PE_SPREAD,2026-07-28 11:06:00,2026-07-29 09:15:00,0 days 22:09:00,88,76900.0 / 76700.0,1,79.75,200.0,Target Hit (50% Premium Decay),55.6,27.8
SENSEX,PE_SPREAD,2026-07-28 11:18:00,2026-07-29 09:15:00,0 days 21:57:00,84,76900.0 / 76700.0,1,82.0,200.0,Target Hit (50% Premium Decay),57.85,28.92
SENSEX,PE_SPREAD,2026-07-28 11:24:00,2026-07-29 09:15:00,0 days 21:51:00,82,76900.0 / 76700.0,1,81.15,200.0,Target Hit (50% Premium Decay),57.0,28.5
SENSEX,PE_SPREAD,2026-07-28 11:30:00,2026-07-29 09:15:00,0 days 21:45:00,80,76900.0 / 76700.0,1,83.25,200.0,Target Hit (50% Premium Decay),59.1,29.55
SENSEX,PE_SPREAD,2026-07-28 11:39:00,2026-07-29 09:15:00,0 days 21:36:00,77,76900.0 / 76700.0,1,80.75,200.0,Target Hit (50% Premium Decay),56.6,28.3
SENSEX,PE_SPREAD,2026-07-28 11:42:00,2026-07-29 09:15:00,0 days 21:33:00,76,76900.0 / 76700.0,1,76.55,200.0,Target Hit (50% Premium Decay),52.4,26.2
SENSEX,PE_SPREAD,2026-07-28 11:45:00,2026-07-29 09:15:00,0 days 21:30:00,75,76900.0 / 76700.0,1,73.9,200.0,Target Hit (50% Premium Decay),49.75,24.88
SENSEX,PE_SPREAD,2026-07-28 12:00:00,2026-07-29 09:15:00,0 days 21:15:00,70,76900.0 / 76700.0,1,78.95,200.0,Target Hit (50% Premium Decay),54.8,27.4
SENSEX,PE_SPREAD,2026-07-28 12:06:00,2026-07-29 09:15:00,0 days 21:09:00,68,76900.0 / 76700.0,1,73.0,200.0,Target Hit (50% Premium Decay),48.85,24.42
SENSEX,PE_SPREAD,2026-07-28 12:09:00,2026-07-29 09:15:00,0 days 21:06:00,67,76900.0 / 76700.0,1,72.8,200.0,Target Hit (50% Premium Decay),48.65,24.33
SENSEX,PE_SPREAD,2026-07-28 12:24:00,2026-07-29 09:15:00,0 days 20:51:00,62,76900.0 / 76700.0,1,75.5,200.0,Target Hit (50% Premium Decay),51.35,25.68
SENSEX,PE_SPREAD,2026-07-28 12:27:00,2026-07-29 09:15:00,0 days 20:48:00,61,76900.0 / 76700.0,1,72.5,200.0,Target Hit (50% Premium Decay),48.35,24.18
SENSEX,PE_SPREAD,2026-07-28 12:30:00,2026-07-29 09:15:00,0 days 20:45:00,60,77000.0 / 76800.0,1,85.0,200.0,Target Hit (50% Premium Decay),54.35,27.18
SENSEX,PE_SPREAD,2026-07-28 12:39:00,2026-07-29 09:15:00,0 days 20:36:00,57,76900.0 / 76700.0,1,74.2,200.0,Target Hit (50% Premium Decay),50.05,25.03
SENSEX,PE_SPREAD,2026-07-28 12:42:00,2026-07-29 09:15:00,0 days 20:33:00,56,76900.0 / 76700.0,1,76.7,200.0,Target Hit (50% Premium Decay),52.55,26.27
SENSEX,PE_SPREAD,2026-07-28 12:48:00,2026-07-29 09:15:00,0 days 20:27:00,54,76900.0 / 76700.0,1,78.1,200.0,Target Hit (50% Premium Decay),53.95,26.98
SENSEX,PE_SPREAD,2026-07-28 12:54:00,2026-07-29 09:15:00,0 days 20:21:00,52,76900.0 / 76700.0,1,76.4,200.0,Target Hit (50% Premium Decay),52.25,26.12
SENSEX,PE_SPREAD,2026-07-28 12:57:00,2026-07-29 09:15:00,0 days 20:18:00,51,76900.0 / 76700.0,1,82.7,200.0,Target Hit (50% Premium Decay),58.55,29.27
SENSEX,PE_SPREAD,2026-07-28 13:24:00,2026-07-29 09:15:00,0 days 19:51:00,42,76800.0 / 76600.0,1,84.75,200.0,Target Hit (50% Premium Decay),65.75,32.88
SENSEX,PE_SPREAD,2026-07-28 13:30:00,2026-07-29 09:15:00,0 days 19:45:00,40,76800.0 / 76600.0,1,84.05,200.0,Target Hit (50% Premium Decay),65.05,32.53
SENSEX,PE_SPREAD,2026-07-28 13:36:00,2026-07-29 09:15:00,0 days 19:39:00,38,76800.0 / 76600.0,1,83.6,200.0,Target Hit (50% Premium Decay),64.6,32.3
SENSEX,PE_SPREAD,2026-07-28 13:45:00,2026-07-29 09:15:00,0 days 19:30:00,35,76800.0 / 76600.0,1,84.3,200.0,Target Hit (50% Premium Decay),65.3,32.65
SENSEX,PE_SPREAD,2026-07-28 13:48:00,2026-07-29 09:15:00,0 days 19:27:00,34,76800.0 / 76600.0,1,81.2,200.0,Target Hit (50% Premium Decay),62.2,31.1
SENSEX,PE_SPREAD,2026-07-28 13:51:00,2026-07-29 09:15:00,0 days 19:24:00,33,76800.0 / 76600.0,1,79.05,200.0,Target Hit (50% Premium Decay),60.05,30.03
SENSEX,PE_SPREAD,2026-07-28 13:54:00,2026-07-29 09:15:00,0 days 19:21:00,32,76800.0 / 76600.0,1,79.8,200.0,Target Hit (50% Premium Decay),60.8,30.4
SENSEX,PE_SPREAD,2026-07-28 14:06:00,2026-07-29 09:15:00,0 days 19:09:00,28,76800.0 / 76600.0,1,78.45,200.0,Target Hit (50% Premium Decay),59.45,29.72
SENSEX,CE_SPREAD,2026-07-28 14:18:00,2026-07-29 09:15:00,0 days 18:57:00,24,76800.0 / 77000.0,1,94.9,200.0,SL Hit (50% Premium Appreciation),-77.25,-38.62
SENSEX,CE_SPREAD,2026-07-28 14:24:00,2026-07-29 09:15:00,0 days 18:51:00,22,76800.0 / 77000.0,1,94.2,200.0,SL Hit (50% Premium Appreciation),-77.95,-38.97
SENSEX,CE_SPREAD,2026-07-28 14:30:00,2026-07-29 09:15:00,0 days 18:45:00,20,76800.0 / 77000.0,1,84.65,200.0,SL Hit (50% Premium Appreciation),-87.5,-43.75
SENSEX,CE_SPREAD,2026-07-28 14:33:00,2026-07-29 09:15:00,0 days 18:42:00,19,76700.0 / 76900.0,1,103.2,200.0,SL Hit (50% Premium Appreciation),-70.95,-35.47
SENSEX,CE_SPREAD,2026-07-28 14:48:00,2026-07-29 09:15:00,0 days 18:27:00,14,76700.0 / 76900.0,1,103.0,200.0,SL Hit (50% Premium Appreciation),-71.15,-35.57
SENSEX,CE_SPREAD,2026-07-28 14:51:00,2026-07-29 09:15:00,0 days 18:24:00,13,76700.0 / 76900.0,1,104.45,200.0,SL Hit (50% Premium Appreciation),-69.7,-34.85
SENSEX,CE_SPREAD,2026-07-28 15:00:00,2026-07-29 09:15:00,0 days 18:15:00,10,76800.0 / 77000.0,1,89.2,200.0,SL Hit (50% Premium Appreciation),-82.95,-41.47
SENSEX,CE_SPREAD,2026-07-28 15:03:00,2026-07-29 09:15:00,0 days 18:12:00,9,76700.0 / 76900.0,1,104.5,200.0,SL Hit (50% Premium Appreciation),-69.65,-34.82
SENSEX,CE_SPREAD,2026-07-28 15:09:00,2026-07-29 09:15:00,0 days 18:06:00,7,76700.0 / 76900.0,1,105.0,200.0,SL Hit (50% Premium Appreciation),-69.15,-34.57
SENSEX,CE_SPREAD,2026-07-28 15:12:00,2026-07-29 09:15:00,0 days 18:03:00,6,76700.0 / 76900.0,1,105.1,200.0,SL Hit (50% Premium Appreciation),-69.05,-34.52
SENSEX,CE_SPREAD,2026-07-29 09:15:00,2026-07-30 12:30:00,1 days 03:15:00,190,77400.0 / 77600.0,1,107.75,200.0,SL Hit (50% Premium Appreciation),-66.85,-33.43
SENSEX,PE_SPREAD,2026-07-29 10:03:00,2026-07-30 09:30:00,0 days 23:27:00,114,77500.0 / 77300.0,1,79.05,200.0,Target Hit (50% Premium Decay),40.55,20.28
SENSEX,PE_SPREAD,2026-07-29 10:57:00,2026-07-30 11:24:00,1 days 00:27:00,134,77600.0 / 77400.0,1,89.65,200.0,Target Hit (50% Premium Decay),48.5,24.25
SENSEX,PE_SPREAD,2026-07-29 11:03:00,2026-07-30 11:24:00,1 days 00:21:00,132,77600.0 / 77400.0,1,86.25,200.0,Target Hit (50% Premium Decay),45.1,22.55
SENSEX,PE_SPREAD,2026-07-29 11:06:00,2026-07-30 12:30:00,1 days 01:24:00,153,77600.0 / 77400.0,1,81.9,200.0,Target Hit (50% Premium Decay),58.35,29.18
SENSEX,PE_SPREAD,2026-07-29 11:21:00,2026-07-30 12:30:00,1 days 01:09:00,148,77600.0 / 77400.0,1,81.8,200.0,Target Hit (50% Premium Decay),58.25,29.12
SENSEX,PE_SPREAD,2026-07-29 11:24:00,2026-07-30 11:24:00,1 days 00:00:00,125,77600.0 / 77400.0,1,84.45,200.0,Target Hit (50% Premium Decay),43.3,21.65
SENSEX,PE_SPREAD,2026-07-29 11:33:00,2026-07-30 11:24:00,0 days 23:51:00,122,77600.0 / 77400.0,1,87.9,200.0,Target Hit (50% Premium Decay),46.75,23.37
SENSEX,PE_SPREAD,2026-07-29 11:45:00,2026-07-30 11:24:00,0 days 23:39:00,118,77600.0 / 77400.0,1,83.85,200.0,Target Hit (50% Premium Decay),42.7,21.35
SENSEX,PE_SPREAD,2026-07-29 12:00:00,2026-07-30 11:24:00,0 days 23:24:00,113,77600.0 / 77400.0,1,82.55,200.0,Target Hit (50% Premium Decay),41.4,20.7
SENSEX,PE_SPREAD,2026-07-29 12:03:00,2026-07-30 12:30:00,1 days 00:27:00,134,77600.0 / 77400.0,1,81.75,200.0,Target Hit (50% Premium Decay),58.2,29.1
SENSEX,PE_SPREAD,2026-07-29 12:09:00,2026-07-30 12:30:00,1 days 00:21:00,132,77600.0 / 77400.0,1,77.45,200.0,Target Hit (50% Premium Decay),53.9,26.95
SENSEX,PE_SPREAD,2026-07-29 12:21:00,2026-07-30 12:30:00,1 days 00:09:00,128,77600.0 / 77400.0,1,82.2,200.0,Target Hit (50% Premium Decay),58.65,29.32
SENSEX,PE_SPREAD,2026-07-29 12:33:00,2026-07-30 11:24:00,0 days 22:51:00,102,77600.0 / 77400.0,1,83.9,200.0,Target Hit (50% Premium Decay),42.75,21.38
SENSEX,PE_SPREAD,2026-07-29 12:36:00,2026-07-30 11:24:00,0 days 22:48:00,101,77600.0 / 77400.0,1,83.75,200.0,Target Hit (50% Premium Decay),42.6,21.3
SENSEX,PE_SPREAD,2026-07-29 12:42:00,2026-07-30 11:24:00,0 days 22:42:00,99,77600.0 / 77400.0,1,85.9,200.0,Target Hit (50% Premium Decay),44.75,22.38
SENSEX,PE_SPREAD,2026-07-29 12:48:00,2026-07-30 11:24:00,0 days 22:36:00,97,77600.0 / 77400.0,1,90.3,200.0,Target Hit (50% Premium Decay),49.15,24.57
SENSEX,PE_SPREAD,2026-07-29 12:54:00,2026-07-30 11:24:00,0 days 22:30:00,95,77600.0 / 77400.0,1,86.8,200.0,Target Hit (50% Premium Decay),45.65,22.82
SENSEX,PE_SPREAD,2026-07-29 13:00:00,2026-07-30 11:24:00,0 days 22:24:00,93,77600.0 / 77400.0,1,83.4,200.0,Target Hit (50% Premium Decay),42.25,21.13
SENSEX,PE_SPREAD,2026-07-29 13:27:00,2026-07-30 12:30:00,0 days 23:03:00,106,77700.0 / 77500.0,1,93.05,200.0,Target Hit (50% Premium Decay),55.4,27.7
SENSEX,PE_SPREAD,2026-07-29 13:33:00,2026-07-30 12:30:00,0 days 22:57:00,104,77700.0 / 77500.0,1,91.0,200.0,Target Hit (50% Premium Decay),53.35,26.67
SENSEX,PE_SPREAD,2026-07-29 13:39:00,2026-07-30 12:30:00,0 days 22:51:00,102,77600.0 / 77400.0,1,76.75,200.0,Target Hit (50% Premium Decay),53.2,26.6
SENSEX,PE_SPREAD,2026-07-29 13:42:00,2026-07-30 12:30:00,0 days 22:48:00,101,77700.0 / 77500.0,1,98.35,200.0,Target Hit (50% Premium Decay),60.7,30.35
SENSEX,PE_SPREAD,2026-07-29 13:48:00,2026-07-30 12:30:00,0 days 22:42:00,99,77700.0 / 77500.0,1,92.35,200.0,Target Hit (50% Premium Decay),54.7,27.35
SENSEX,PE_SPREAD,2026-07-29 13:54:00,2026-07-30 12:30:00,0 days 22:36:00,97,77700.0 / 77500.0,1,89.6,200.0,Target Hit (50% Premium Decay),51.95,25.98
SENSEX,PE_SPREAD,2026-07-29 14:03:00,2026-07-30 12:30:00,0 days 22:27:00,94,77700.0 / 77500.0,1,84.2,200.0,Target Hit (50% Premium Decay),46.55,23.28
SENSEX,PE_SPREAD,2026-07-29 14:30:00,2026-07-30 12:30:00,0 days 22:00:00,85,77700.0 / 77500.0,1,82.95,200.0,Target Hit (50% Premium Decay),45.3,22.65
SENSEX,PE_SPREAD,2026-07-29 14:48:00,2026-07-30 12:30:00,0 days 21:42:00,79,77700.0 / 77500.0,1,85.3,200.0,Target Hit (50% Premium Decay),47.65,23.82
SENSEX,PE_SPREAD,2026-07-29 14:54:00,2026-07-30 12:30:00,0 days 21:36:00,77,77700.0 / 77500.0,1,81.7,200.0,Target Hit (50% Premium Decay),44.05,22.03
SENSEX,PE_SPREAD,2026-07-29 15:09:00,2026-07-30 12:30:00,0 days 21:21:00,72,77700.0 / 77500.0,1,82.75,200.0,Target Hit (50% Premium Decay),45.1,22.55
SENSEX,PE_SPREAD,2026-07-29 15:12:00,2026-07-30 12:30:00,0 days 21:18:00,71,77700.0 / 77500.0,1,86.85,200.0,Target Hit (50% Premium Decay),49.2,24.6
SENSEX,PE_SPREAD,2026-07-29 15:27:00,2026-07-30 12:30:00,0 days 21:03:00,66,77600.0 / 77400.0,1,78.7,200.0,Target Hit (50% Premium Decay),55.15,27.57
SENSEX,PE_SPREAD,2026-07-30 09:15:00,2026-07-30 11:24:00,0 days 02:09:00,43,77600.0 / 77400.0,1,83.85,200.0,Target Hit (50% Premium Decay),42.7,21.35
SENSEX,PE_SPREAD,2026-07-30 09:21:00,2026-07-30 12:30:00,0 days 03:09:00,63,77700.0 / 77500.0,1,83.6,200.0,Target Hit (50% Premium Decay),45.95,22.98
SENSEX,PE_SPREAD,2026-07-30 09:24:00,2026-07-30 12:30:00,0 days 03:06:00,62,77700.0 / 77500.0,1,79.8,200.0,Target Hit (50% Premium Decay),42.15,21.08
SENSEX,PE_SPREAD,2026-07-30 09:33:00,2026-07-30 12:30:00,0 days 02:57:00,59,77700.0 / 77500.0,1,85.65,200.0,Target Hit (50% Premium Decay),48.0,24.0
SENSEX,PE_SPREAD,2026-07-30 09:45:00,2026-07-30 10:30:00,0 days 00:45:00,15,77600.0 / 77400.0,1,58.4,200.0,SL Hit (50% Premium Appreciation),-29.35,-14.68
SENSEX,PE_SPREAD,2026-07-30 09:48:00,2026-07-30 12:30:00,0 days 02:42:00,54,77700.0 / 77500.0,1,78.35,200.0,Target Hit (50% Premium Decay),40.7,20.35
SENSEX,PE_SPREAD,2026-07-30 09:51:00,2026-07-30 12:30:00,0 days 02:39:00,53,77700.0 / 77500.0,1,83.9,200.0,Target Hit (50% Premium Decay),46.25,23.12
SENSEX,PE_SPREAD,2026-07-30 10:12:00,2026-07-30 12:30:00,0 days 02:18:00,46,77700.0 / 77500.0,1,99.25,200.0,Target Hit (50% Premium Decay),61.6,30.8
SENSEX,PE_SPREAD,2026-07-30 10:18:00,2026-07-30 12:30:00,0 days 02:12:00,44,77600.0 / 77400.0,1,78.4,200.0,Target Hit (50% Premium Decay),54.85,27.42
SENSEX,PE_SPREAD,2026-07-30 10:24:00,2026-07-30 12:30:00,0 days 02:06:00,42,77600.0 / 77400.0,1,78.75,200.0,Target Hit (50% Premium Decay),55.2,27.6
SENSEX,PE_SPREAD,2026-07-30 10:36:00,2026-07-30 12:30:00,0 days 01:54:00,38,77600.0 / 77400.0,1,76.5,200.0,Target Hit (50% Premium Decay),52.95,26.47
SENSEX,PE_SPREAD,2026-07-30 10:42:00,2026-07-30 12:30:00,0 days 01:48:00,36,77600.0 / 77400.0,1,62.65,200.0,Target Hit (50% Premium Decay),39.1,19.55
SENSEX,PE_SPREAD,2026-07-30 10:45:00,2026-07-30 12:30:00,0 days 01:45:00,35,77700.0 / 77500.0,1,90.3,200.0,Target Hit (50% Premium Decay),52.65,26.33
SENSEX,PE_SPREAD,2026-07-30 10:57:00,2026-07-30 12:30:00,0 days 01:33:00,31,77700.0 / 77500.0,1,94.75,200.0,Target Hit (50% Premium Decay),57.1,28.55
SENSEX,PE_SPREAD,2026-07-30 11:03:00,2026-07-30 12:30:00,0 days 01:27:00,29,77700.0 / 77500.0,1,91.1,200.0,Target Hit (50% Premium Decay),53.45,26.72
SENSEX,PE_SPREAD,2026-07-30 11:09:00,2026-07-30 12:30:00,0 days 01:21:00,27,77700.0 / 77500.0,1,80.85,200.0,Target Hit (50% Premium Decay),43.2,21.6
SENSEX,PE_SPREAD,2026-07-30 11:12:00,2026-07-30 12:30:00,0 days 01:18:00,26,77700.0 / 77500.0,1,85.45,200.0,Target Hit (50% Premium Decay),47.8,23.9
SENSEX,PE_SPREAD,2026-07-30 11:18:00,2026-07-30 12:33:00,0 days 01:15:00,25,77700.0 / 77500.0,1,72.75,200.0,Target Hit (50% Premium Decay),46.2,23.1
SENSEX,PE_SPREAD,2026-07-30 11:27:00,2026-07-30 12:33:00,0 days 01:06:00,22,77700.0 / 77500.0,1,67.85,200.0,Target Hit (50% Premium Decay),41.3,20.65
SENSEX,PE_SPREAD,2026-07-30 11:36:00,2026-07-30 12:33:00,0 days 00:57:00,19,77700.0 / 77500.0,1,69.4,200.0,Target Hit (50% Premium Decay),42.85,21.43
SENSEX,PE_SPREAD,2026-07-30 11:57:00,2026-07-30 12:30:00,0 days 00:33:00,11,77700.0 / 77500.0,1,77.1,200.0,Target Hit (50% Premium Decay),39.45,19.72
SENSEX,PE_SPREAD,2026-07-30 12:18:00,2026-07-30 12:30:00,0 days 00:12:00,4,77700.0 / 77500.0,1,78.45,200.0,Target Hit (50% Premium Decay),40.8,20.4
SENSEX,PE_SPREAD,2026-07-30 12:21:00,2026-07-30 12:30:00,0 days 00:09:00,3,77700.0 / 77500.0,1,82.5,200.0,Target Hit (50% Premium Decay),44.85,22.42
SENSEX,PE_SPREAD,2026-07-30 12:24:00,2026-07-30 12:30:00,0 days 00:06:00,2,77700.0 / 77500.0,1,81.1,200.0,Target Hit (50% Premium Decay),43.45,21.72
SENSEX,PE_SPREAD,2026-07-30 12:27:00,2026-07-30 12:33:00,0 days 00:06:00,2,77700.0 / 77500.0,1,75.0,200.0,Target Hit (50% Premium Decay),48.45,24.22
SENSEX,PE_SPREAD,2026-07-30 12:30:00,2026-07-30 13:09:00,0 days 00:39:00,13,77700.0 / 77500.0,1,37.65,200.0,SL Hit (50% Premium Appreciation),-19.6,-9.8
SENSEX,PE_SPREAD,2026-07-30 12:33:00,2026-07-30 13:09:00,0 days 00:36:00,12,77800.0 / 77600.0,1,49.2,200.0,SL Hit (50% Premium Appreciation),-47.85,-23.92
SENSEX,PE_SPREAD,2026-07-30 12:51:00,2026-07-30 13:09:00,0 days 00:18:00,6,77800.0 / 77600.0,1,61.4,200.0,SL Hit (50% Premium Appreciation),-35.65,-17.83
SENSEX,PE_SPREAD,2026-07-30 12:54:00,2026-07-30 13:09:00,0 days 00:15:00,5,77800.0 / 77600.0,1,62.1,200.0,SL Hit (50% Premium Appreciation),-34.95,-17.47
SENSEX,PE_SPREAD,2026-07-30 13:00:00,2026-07-30 13:12:00,0 days 00:12:00,4,77800.0 / 77600.0,1,70.05,200.0,SL Hit (50% Premium Appreciation),-35.75,-17.88
SENSEX,PE_SPREAD,2026-07-30 13:06:00,2026-07-30 13:15:00,0 days 00:09:00,3,77800.0 / 77600.0,1,72.15,200.0,SL Hit (50% Premium Appreciation),-40.8,-20.4
SENSEX,PE_SPREAD,2026-07-30 13:21:00,2026-07-30 14:12:00,0 days 00:51:00,17,77700.0 / 77500.0,1,45.2,200.0,SL Hit (50% Premium Appreciation),-26.05,-13.02
SENSEX,PE_SPREAD,2026-07-30 13:24:00,2026-07-30 14:18:00,0 days 00:54:00,18,77800.0 / 77600.0,1,88.55,200.0,SL Hit (50% Premium Appreciation),-59.8,-29.9
SENSEX,PE_SPREAD,2026-07-30 13:36:00,2026-07-30 14:09:00,0 days 00:33:00,11,77800.0 / 77600.0,1,70.3,200.0,SL Hit (50% Premium Appreciation),-43.3,-21.65
SENSEX,PE_SPREAD,2026-07-30 13:39:00,2026-07-30 14:09:00,0 days 00:30:00,10,77800.0 / 77600.0,1,67.6,200.0,SL Hit (50% Premium Appreciation),-46.0,-23.0
SENSEX,PE_SPREAD,2026-07-30 13:54:00,2026-07-30 14:12:00,0 days 00:18:00,6,77800.0 / 77600.0,1,78.65,200.0,SL Hit (50% Premium Appreciation),-41.55,-20.78
SENSEX,PE_SPREAD,2026-07-30 14:24:00,2026-07-30 14:36:00,0 days 00:12:00,4,77600.0 / 77400.0,1,53.8,200.0,Target Hit (50% Premium Decay),31.05,15.52
SENSEX,PE_SPREAD,2026-07-30 14:30:00,2026-07-30 14:45:00,0 days 00:15:00,5,77600.0 / 77400.0,1,36.5,200.0,Target Hit (50% Premium Decay),22.75,11.38
SENSEX,PE_SPREAD,2026-07-30 14:33:00,2026-07-30 14:45:00,0 days 00:12:00,4,77600.0 / 77400.0,1,37.55,200.0,Target Hit (50% Premium Decay),23.8,11.9
SENSEX,PE_SPREAD,2026-07-30 14:39:00,2026-07-30 14:48:00,0 days 00:09:00,3,77700.0 / 77500.0,1,79.4,200.0,Target Hit (50% Premium Decay),46.15,23.07
SENSEX,PE_SPREAD,2026-07-30 14:45:00,2026-07-30 15:00:00,0 days 00:15:00,5,77700.0 / 77500.0,1,41.25,200.0,Target Hit (50% Premium Decay),36.15,18.08
SENSEX,PE_SPREAD,2026-07-30 14:48:00,2026-07-30 15:00:00,0 days 00:12:00,4,77700.0 / 77500.0,1,33.25,200.0,Target Hit (50% Premium Decay),28.15,14.08
SENSEX,PE_SPREAD,2026-07-30 14:57:00,2026-07-30 15:00:00,0 days 00:03:00,1,77700.0 / 77500.0,1,34.15,200.0,Target Hit (50% Premium Decay),29.05,14.52
SENSEX,PE_SPREAD,2026-07-30 15:03:00,2026-07-30 15:06:00,0 days 00:03:00,1,77800.0 / 77600.0,1,16.0,200.0,Target Hit (50% Premium Decay),11.75,5.88
SENSEX,PE_SPREAD,2026-07-30 15:24:00,2026-08-14 15:27:00,15 days 00:03:00,1376,78000.0 / 77800.0,1,55.9,200.0,Data Ended,-19.15,-9.57
SENSEX,PE_SPREAD,2026-07-31 09:42:00,2026-08-03 09:15:00,2 days 23:33:00,116,77900.0 / 77700.0,1,79.9,200.0,Target Hit (50% Premium Decay),51.25,25.63
SENSEX,PE_SPREAD,2026-07-31 09:45:00,2026-08-03 09:15:00,2 days 23:30:00,115,78000.0 / 77800.0,1,85.65,200.0,Target Hit (50% Premium Decay),51.65,25.82
SENSEX,PE_SPREAD,2026-07-31 10:12:00,2026-08-03 09:15:00,2 days 23:03:00,106,78000.0 / 77800.0,1,90.2,200.0,Target Hit (50% Premium Decay),56.2,28.1
SENSEX,PE_SPREAD,2026-07-31 10:21:00,2026-08-03 09:15:00,2 days 22:54:00,103,78000.0 / 77800.0,1,86.7,200.0,Target Hit (50% Premium Decay),52.7,26.35
SENSEX,PE_SPREAD,2026-07-31 10:24:00,2026-08-03 09:15:00,2 days 22:51:00,102,78000.0 / 77800.0,1,87.75,200.0,Target Hit (50% Premium Decay),53.75,26.88
SENSEX,PE_SPREAD,2026-07-31 10:30:00,2026-08-03 09:15:00,2 days 22:45:00,100,78000.0 / 77800.0,1,90.4,200.0,Target Hit (50% Premium Decay),56.4,28.2
SENSEX,PE_SPREAD,2026-07-31 10:36:00,2026-08-03 09:15:00,2 days 22:39:00,98,77900.0 / 77700.0,1,80.05,200.0,Target Hit (50% Premium Decay),51.4,25.7
SENSEX,PE_SPREAD,2026-07-31 10:39:00,2026-08-03 09:15:00,2 days 22:36:00,97,78000.0 / 77800.0,1,87.25,200.0,Target Hit (50% Premium Decay),53.25,26.63
SENSEX,PE_SPREAD,2026-07-31 10:57:00,2026-08-03 09:15:00,2 days 22:18:00,91,78000.0 / 77800.0,1,86.3,200.0,Target Hit (50% Premium Decay),52.3,26.15
SENSEX,PE_SPREAD,2026-07-31 11:00:00,2026-08-03 09:15:00,2 days 22:15:00,90,78000.0 / 77800.0,1,85.55,200.0,Target Hit (50% Premium Decay),51.55,25.78
SENSEX,PE_SPREAD,2026-07-31 11:06:00,2026-08-03 09:15:00,2 days 22:09:00,88,78000.0 / 77800.0,1,88.2,200.0,Target Hit (50% Premium Decay),54.2,27.1
SENSEX,PE_SPREAD,2026-07-31 11:15:00,2026-08-03 09:15:00,2 days 22:00:00,85,78000.0 / 77800.0,1,83.8,200.0,Target Hit (50% Premium Decay),49.8,24.9
SENSEX,PE_SPREAD,2026-07-31 11:36:00,2026-08-03 09:15:00,2 days 21:39:00,78,78000.0 / 77800.0,1,82.35,200.0,Target Hit (50% Premium Decay),48.35,24.18
SENSEX,PE_SPREAD,2026-07-31 11:45:00,2026-08-03 09:15:00,2 days 21:30:00,75,78000.0 / 77800.0,1,83.35,200.0,Target Hit (50% Premium Decay),49.35,24.68
SENSEX,PE_SPREAD,2026-07-31 11:51:00,2026-08-03 09:15:00,2 days 21:24:00,73,78000.0 / 77800.0,1,82.15,200.0,Target Hit (50% Premium Decay),48.15,24.08
SENSEX,PE_SPREAD,2026-07-31 11:57:00,2026-08-03 09:15:00,2 days 21:18:00,71,78000.0 / 77800.0,1,81.25,200.0,Target Hit (50% Premium Decay),47.25,23.63
SENSEX,PE_SPREAD,2026-07-31 12:03:00,2026-08-03 09:15:00,2 days 21:12:00,69,78000.0 / 77800.0,1,82.65,200.0,Target Hit (50% Premium Decay),48.65,24.33
SENSEX,PE_SPREAD,2026-07-31 12:09:00,2026-08-03 09:15:00,2 days 21:06:00,67,78100.0 / 77900.0,1,89.95,200.0,Target Hit (50% Premium Decay),51.8,25.9
SENSEX,PE_SPREAD,2026-07-31 12:15:00,2026-08-03 09:15:00,2 days 21:00:00,65,78100.0 / 77900.0,1,86.0,200.0,Target Hit (50% Premium Decay),47.85,23.93
SENSEX,PE_SPREAD,2026-07-31 13:18:00,2026-08-03 09:54:00,2 days 20:36:00,57,78200.0 / 78000.0,1,83.95,200.0,Target Hit (50% Premium Decay),43.25,21.62
SENSEX,PE_SPREAD,2026-07-31 13:21:00,2026-08-03 09:54:00,2 days 20:33:00,56,78200.0 / 78000.0,1,82.45,200.0,Target Hit (50% Premium Decay),41.75,20.88
SENSEX,PE_SPREAD,2026-07-31 13:24:00,2026-08-03 09:54:00,2 days 20:30:00,55,78200.0 / 78000.0,1,81.6,200.0,Target Hit (50% Premium Decay),40.9,20.45
SENSEX,PE_SPREAD,2026-07-31 13:39:00,2026-08-03 09:39:00,2 days 20:00:00,45,78200.0 / 78000.0,1,86.3,200.0,Target Hit (50% Premium Decay),43.65,21.83
SENSEX,PE_SPREAD,2026-07-31 13:51:00,2026-08-03 09:39:00,2 days 19:48:00,41,78200.0 / 78000.0,1,85.6,200.0,Target Hit (50% Premium Decay),42.95,21.48
SENSEX,PE_SPREAD,2026-07-31 13:54:00,2026-08-03 09:54:00,2 days 20:00:00,45,78200.0 / 78000.0,1,85.0,200.0,Target Hit (50% Premium Decay),44.3,22.15
SENSEX,PE_SPREAD,2026-07-31 13:57:00,2026-08-03 09:54:00,2 days 19:57:00,44,78200.0 / 78000.0,1,83.2,200.0,Target Hit (50% Premium Decay),42.5,21.25
SENSEX,PE_SPREAD,2026-07-31 14:00:00,2026-08-03 09:54:00,2 days 19:54:00,43,78200.0 / 78000.0,1,84.5,200.0,Target Hit (50% Premium Decay),43.8,21.9
SENSEX,PE_SPREAD,2026-07-31 14:09:00,2026-08-03 09:15:00,2 days 19:06:00,27,78100.0 / 77900.0,1,80.8,200.0,Target Hit (50% Premium Decay),42.65,21.33
SENSEX,PE_SPREAD,2026-07-31 14:12:00,2026-08-03 09:15:00,2 days 19:03:00,26,78200.0 / 78000.0,1,87.0,200.0,Target Hit (50% Premium Decay),43.55,21.77
SENSEX,PE_SPREAD,2026-07-31 14:15:00,2026-08-03 09:15:00,2 days 19:00:00,25,78200.0 / 78000.0,1,86.95,200.0,Target Hit (50% Premium Decay),43.5,21.75
SENSEX,PE_SPREAD,2026-07-31 14:24:00,2026-08-03 09:54:00,2 days 19:30:00,35,78200.0 / 78000.0,1,84.1,200.0,Target Hit (50% Premium Decay),43.4,21.7
SENSEX,PE_SPREAD,2026-07-31 14:27:00,2026-08-03 09:39:00,2 days 19:12:00,29,78200.0 / 78000.0,1,85.75,200.0,Target Hit (50% Premium Decay),43.1,21.55
SENSEX,PE_SPREAD,2026-07-31 14:39:00,2026-08-03 09:15:00,2 days 18:36:00,17,78100.0 / 77900.0,1,84.5,200.0,Target Hit (50% Premium Decay),46.35,23.18
SENSEX,PE_SPREAD,2026-07-31 14:51:00,2026-08-03 09:15:00,2 days 18:24:00,13,78100.0 / 77900.0,1,85.25,200.0,Target Hit (50% Premium Decay),47.1,23.55
SENSEX,PE_SPREAD,2026-07-31 15:03:00,2026-08-03 09:15:00,2 days 18:12:00,9,78100.0 / 77900.0,1,84.3,200.0,Target Hit (50% Premium Decay),46.15,23.08
SENSEX,PE_SPREAD,2026-08-03 10:27:00,2026-08-04 12:09:00,1 days 01:42:00,159,78700.0 / 78500.0,1,77.75,200.0,SL Hit (50% Premium Appreciation),-42.1,-21.05
SENSEX,PE_SPREAD,2026-08-03 10:39:00,2026-08-04 12:09:00,1 days 01:30:00,155,78700.0 / 78500.0,1,79.3,200.0,SL Hit (50% Premium Appreciation),-40.55,-20.28
SENSEX,PE_SPREAD,2026-08-03 10:51:00,2026-08-04 12:09:00,1 days 01:18:00,151,78700.0 / 78500.0,1,78.6,200.0,SL Hit (50% Premium Appreciation),-41.25,-20.63
SENSEX,PE_SPREAD,2026-08-03 11:03:00,2026-08-04 12:06:00,1 days 01:03:00,146,78700.0 / 78500.0,1,76.15,200.0,SL Hit (50% Premium Appreciation),-38.25,-19.12
SENSEX,PE_SPREAD,2026-08-03 11:18:00,2026-08-04 12:57:00,1 days 01:39:00,158,78800.0 / 78600.0,1,86.55,200.0,SL Hit (50% Premium Appreciation),-44.95,-22.47
SENSEX,PE_SPREAD,2026-08-03 11:24:00,2026-08-04 13:09:00,1 days 01:45:00,160,78800.0 / 78600.0,1,87.7,200.0,SL Hit (50% Premium Appreciation),-45.2,-22.6
SENSEX,PE_SPREAD,2026-08-03 11:36:00,2026-08-04 12:09:00,1 days 00:33:00,136,78700.0 / 78500.0,1,78.4,200.0,SL Hit (50% Premium Appreciation),-41.45,-20.73
SENSEX,PE_SPREAD,2026-08-03 11:39:00,2026-08-04 12:09:00,1 days 00:30:00,135,78700.0 / 78500.0,1,76.95,200.0,SL Hit (50% Premium Appreciation),-42.9,-21.45
SENSEX,PE_SPREAD,2026-08-03 11:42:00,2026-08-04 12:57:00,1 days 01:15:00,150,78800.0 / 78600.0,1,87.65,200.0,SL Hit (50% Premium Appreciation),-43.85,-21.93
SENSEX,PE_SPREAD,2026-08-03 11:51:00,2026-08-04 12:57:00,1 days 01:06:00,147,78800.0 / 78600.0,1,87.25,200.0,SL Hit (50% Premium Appreciation),-44.25,-22.12
SENSEX,PE_SPREAD,2026-08-03 12:00:00,2026-08-04 12:09:00,1 days 00:09:00,128,78700.0 / 78500.0,1,78.75,200.0,SL Hit (50% Premium Appreciation),-41.1,-20.55
SENSEX,PE_SPREAD,2026-08-03 12:06:00,2026-08-04 12:09:00,1 days 00:03:00,126,78700.0 / 78500.0,1,78.5,200.0,SL Hit (50% Premium Appreciation),-41.35,-20.68
SENSEX,PE_SPREAD,2026-08-03 12:09:00,2026-08-04 12:09:00,1 days 00:00:00,125,78700.0 / 78500.0,1,78.25,200.0,SL Hit (50% Premium Appreciation),-41.6,-20.8
SENSEX,PE_SPREAD,2026-08-03 12:15:00,2026-08-04 12:09:00,0 days 23:54:00,123,78800.0 / 78600.0,1,83.85,200.0,SL Hit (50% Premium Appreciation),-43.85,-21.93
SENSEX,PE_SPREAD,2026-08-03 12:24:00,2026-08-04 12:36:00,1 days 00:12:00,129,78800.0 / 78600.0,1,85.8,200.0,SL Hit (50% Premium Appreciation),-43.2,-21.6
SENSEX,PE_SPREAD,2026-08-03 12:42:00,2026-08-04 12:33:00,0 days 23:51:00,122,78700.0 / 78500.0,1,80.1,200.0,SL Hit (50% Premium Appreciation),-40.25,-20.12
SENSEX,PE_SPREAD,2026-08-03 12:51:00,2026-08-04 13:09:00,1 days 00:18:00,131,78700.0 / 78500.0,1,82.85,200.0,SL Hit (50% Premium Appreciation),-41.85,-20.93
SENSEX,PE_SPREAD,2026-08-03 12:54:00,2026-08-04 13:09:00,1 days 00:15:00,130,78700.0 / 78500.0,1,82.8,200.0,SL Hit (50% Premium Appreciation),-41.9,-20.95
SENSEX,PE_SPREAD,2026-08-03 13:09:00,2026-08-04 13:30:00,1 days 00:21:00,132,78700.0 / 78500.0,1,87.25,200.0,SL Hit (50% Premium Appreciation),-45.65,-22.83
SENSEX,PE_SPREAD,2026-08-03 13:12:00,2026-08-04 13:18:00,1 days 00:06:00,127,78700.0 / 78500.0,1,86.35,200.0,SL Hit (50% Premium Appreciation),-43.4,-21.7
SENSEX,PE_SPREAD,2026-08-03 13:18:00,2026-08-04 13:12:00,0 days 23:54:00,123,78700.0 / 78500.0,1,84.7,200.0,SL Hit (50% Premium Appreciation),-42.65,-21.33
SENSEX,PE_SPREAD,2026-08-03 13:21:00,2026-08-04 13:12:00,0 days 23:51:00,122,78700.0 / 78500.0,1,84.6,200.0,SL Hit (50% Premium Appreciation),-42.75,-21.38
SENSEX,PE_SPREAD,2026-08-03 13:27:00,2026-08-04 13:00:00,0 days 23:33:00,116,78700.0 / 78500.0,1,81.2,200.0,SL Hit (50% Premium Appreciation),-42.2,-21.1
SENSEX,PE_SPREAD,2026-08-03 13:33:00,2026-08-04 12:09:00,0 days 22:36:00,97,78700.0 / 78500.0,1,77.8,200.0,SL Hit (50% Premium Appreciation),-42.05,-21.03
SENSEX,PE_SPREAD,2026-08-03 13:36:00,2026-08-04 12:57:00,0 days 23:21:00,112,78800.0 / 78600.0,1,87.55,200.0,SL Hit (50% Premium Appreciation),-43.95,-21.97
SENSEX,PE_SPREAD,2026-08-03 14:03:00,2026-08-04 13:00:00,0 days 22:57:00,104,78700.0 / 78500.0,1,81.7,200.0,SL Hit (50% Premium Appreciation),-41.7,-20.85
SENSEX,PE_SPREAD,2026-08-03 14:06:00,2026-08-04 13:00:00,0 days 22:54:00,103,78700.0 / 78500.0,1,82.0,200.0,SL Hit (50% Premium Appreciation),-41.4,-20.7
SENSEX,PE_SPREAD,2026-08-03 14:09:00,2026-08-04 13:09:00,0 days 23:00:00,105,78700.0 / 78500.0,1,82.3,200.0,SL Hit (50% Premium Appreciation),-42.4,-21.2
SENSEX,PE_SPREAD,2026-08-03 14:12:00,2026-08-04 13:00:00,0 days 22:48:00,101,78700.0 / 78500.0,1,81.85,200.0,SL Hit (50% Premium Appreciation),-41.55,-20.78
SENSEX,PE_SPREAD,2026-08-03 14:15:00,2026-08-04 13:12:00,0 days 22:57:00,104,78700.0 / 78500.0,1,83.3,200.0,SL Hit (50% Premium Appreciation),-44.05,-22.03
SENSEX,PE_SPREAD,2026-08-03 14:21:00,2026-08-04 13:12:00,0 days 22:51:00,102,78700.0 / 78500.0,1,84.2,200.0,SL Hit (50% Premium Appreciation),-43.15,-21.58
SENSEX,PE_SPREAD,2026-08-03 14:27:00,2026-08-04 13:09:00,0 days 22:42:00,99,78700.0 / 78500.0,1,82.8,200.0,SL Hit (50% Premium Appreciation),-41.9,-20.95
SENSEX,PE_SPREAD,2026-08-03 14:30:00,2026-08-04 13:09:00,0 days 22:39:00,98,78700.0 / 78500.0,1,82.45,200.0,SL Hit (50% Premium Appreciation),-42.25,-21.13
SENSEX,PE_SPREAD,2026-08-03 14:36:00,2026-08-04 12:09:00,0 days 21:33:00,76,78700.0 / 78500.0,1,79.05,200.0,SL Hit (50% Premium Appreciation),-40.8,-20.4
SENSEX,PE_SPREAD,2026-08-03 14:39:00,2026-08-04 13:15:00,0 days 22:36:00,97,78800.0 / 78600.0,1,89.2,200.0,SL Hit (50% Premium Appreciation),-46.65,-23.33
SENSEX,PE_SPREAD,2026-08-03 14:57:00,2026-08-04 13:27:00,0 days 22:30:00,95,78800.0 / 78600.0,1,90.75,200.0,SL Hit (50% Premium Appreciation),-49.5,-24.75
SENSEX,PE_SPREAD,2026-08-03 15:03:00,2026-08-04 13:18:00,0 days 22:15:00,90,78700.0 / 78500.0,1,86.4,200.0,SL Hit (50% Premium Appreciation),-43.35,-21.67
SENSEX,PE_SPREAD,2026-08-03 15:12:00,2026-08-04 13:30:00,0 days 22:18:00,91,78700.0 / 78500.0,1,87.6,200.0,SL Hit (50% Premium Appreciation),-45.3,-22.65
SENSEX,PE_SPREAD,2026-08-04 09:36:00,2026-08-04 12:33:00,0 days 02:57:00,59,78700.0 / 78500.0,1,80.0,200.0,SL Hit (50% Premium Appreciation),-40.35,-20.17
SENSEX,PE_SPREAD,2026-08-04 09:39:00,2026-08-04 12:09:00,0 days 02:30:00,50,78700.0 / 78500.0,1,76.3,200.0,SL Hit (50% Premium Appreciation),-43.55,-21.78
SENSEX,PE_SPREAD,2026-08-04 10:15:00,2026-08-04 12:09:00,0 days 01:54:00,38,78800.0 / 78600.0,1,83.95,200.0,SL Hit (50% Premium Appreciation),-43.75,-21.88
SENSEX,PE_SPREAD,2026-08-04 10:18:00,2026-08-04 13:09:00,0 days 02:51:00,57,78800.0 / 78600.0,1,87.7,200.0,SL Hit (50% Premium Appreciation),-45.2,-22.6
SENSEX,PE_SPREAD,2026-08-04 10:30:00,2026-08-04 13:18:00,0 days 02:48:00,56,78700.0 / 78500.0,1,86.45,200.0,SL Hit (50% Premium Appreciation),-43.3,-21.65
SENSEX,PE_SPREAD,2026-08-04 10:42:00,2026-08-04 13:30:00,0 days 02:48:00,56,78700.0 / 78500.0,1,87.35,200.0,SL Hit (50% Premium Appreciation),-45.55,-22.78
SENSEX,PE_SPREAD,2026-08-04 10:51:00,2026-08-04 13:12:00,0 days 02:21:00,47,78700.0 / 78500.0,1,84.75,200.0,SL Hit (50% Premium Appreciation),-42.6,-21.3
SENSEX,PE_SPREAD,2026-08-04 10:54:00,2026-08-06 15:15:00,2 days 04:21:00,337,78700.0 / 78500.0,1,97.3,200.0,Target Hit (50% Premium Decay),57.2,28.6
SENSEX,PE_SPREAD,2026-08-04 11:00:00,2026-08-04 13:00:00,0 days 02:00:00,40,78600.0 / 78400.0,1,74.45,200.0,SL Hit (50% Premium Appreciation),-37.3,-18.65
SENSEX,PE_SPREAD,2026-08-04 11:03:00,2026-08-04 13:12:00,0 days 02:09:00,43,78700.0 / 78500.0,1,84.85,200.0,SL Hit (50% Premium Appreciation),-42.5,-21.25
SENSEX,PE_SPREAD,2026-08-04 11:09:00,2026-08-04 13:15:00,0 days 02:06:00,42,78700.0 / 78500.0,1,85.15,200.0,SL Hit (50% Premium Appreciation),-43.1,-21.55
SENSEX,PE_SPREAD,2026-08-04 11:15:00,2026-08-04 13:09:00,0 days 01:54:00,38,78700.0 / 78500.0,1,82.8,200.0,SL Hit (50% Premium Appreciation),-41.9,-20.95
SENSEX,PE_SPREAD,2026-08-04 11:18:00,2026-08-04 13:15:00,0 days 01:57:00,39,78700.0 / 78500.0,1,85.15,200.0,SL Hit (50% Premium Appreciation),-43.1,-21.55
SENSEX,CE_SPREAD,2026-08-04 11:33:00,2026-08-06 15:15:00,2 days 03:42:00,324,78600.0 / 78800.0,1,98.55,200.0,SL Hit (50% Premium Appreciation),-52.0,-26.0
SENSEX,CE_SPREAD,2026-08-04 11:36:00,2026-08-06 15:15:00,2 days 03:39:00,323,78600.0 / 78800.0,1,95.75,200.0,SL Hit (50% Premium Appreciation),-54.8,-27.4
SENSEX,CE_SPREAD,2026-08-04 11:39:00,2026-08-06 15:15:00,2 days 03:36:00,322,78600.0 / 78800.0,1,93.2,200.0,SL Hit (50% Premium Appreciation),-57.35,-28.68
SENSEX,CE_SPREAD,2026-08-04 11:45:00,2026-08-05 09:15:00,0 days 21:30:00,75,78600.0 / 78800.0,1,89.5,200.0,SL Hit (50% Premium Appreciation),-45.25,-22.62
SENSEX,CE_SPREAD,2026-08-04 11:48:00,2026-08-05 09:15:00,0 days 21:27:00,74,78600.0 / 78800.0,1,84.55,200.0,SL Hit (50% Premium Appreciation),-50.2,-25.1
SENSEX,CE_SPREAD,2026-08-04 11:51:00,2026-08-05 09:15:00,0 days 21:24:00,73,78500.0 / 78700.0,1,96.1,200.0,SL Hit (50% Premium Appreciation),-52.45,-26.22
SENSEX,CE_SPREAD,2026-08-04 11:54:00,2026-08-05 09:15:00,0 days 21:21:00,72,78500.0 / 78700.0,1,92.1,200.0,SL Hit (50% Premium Appreciation),-56.45,-28.23
SENSEX,CE_SPREAD,2026-08-04 12:00:00,2026-08-05 09:15:00,0 days 21:15:00,70,78500.0 / 78700.0,1,87.3,200.0,SL Hit (50% Premium Appreciation),-61.25,-30.63
SENSEX,CE_SPREAD,2026-08-04 12:03:00,2026-08-05 09:15:00,0 days 21:12:00,69,78500.0 / 78700.0,1,88.5,200.0,SL Hit (50% Premium Appreciation),-60.05,-30.03
SENSEX,CE_SPREAD,2026-08-04 12:09:00,2026-08-05 09:15:00,0 days 21:06:00,67,78400.0 / 78600.0,1,92.2,200.0,SL Hit (50% Premium Appreciation),-68.95,-34.48
SENSEX,CE_SPREAD,2026-08-04 12:12:00,2026-08-05 09:15:00,0 days 21:03:00,66,78400.0 / 78600.0,1,97.35,200.0,SL Hit (50% Premium Appreciation),-63.8,-31.9
SENSEX,CE_SPREAD,2026-08-04 12:27:00,2026-08-05 09:15:00,0 days 20:48:00,61,78500.0 / 78700.0,1,88.55,200.0,SL Hit (50% Premium Appreciation),-60.0,-30.0
SENSEX,CE_SPREAD,2026-08-04 12:30:00,2026-08-05 09:15:00,0 days 20:45:00,60,78500.0 / 78700.0,1,89.3,200.0,SL Hit (50% Premium Appreciation),-59.25,-29.63
SENSEX,CE_SPREAD,2026-08-04 12:33:00,2026-08-05 09:15:00,0 days 20:42:00,59,78500.0 / 78700.0,1,83.0,200.0,SL Hit (50% Premium Appreciation),-65.55,-32.78
SENSEX,CE_SPREAD,2026-08-04 12:36:00,2026-08-05 09:15:00,0 days 20:39:00,58,78400.0 / 78600.0,1,91.15,200.0,SL Hit (50% Premium Appreciation),-70.0,-35.0
SENSEX,CE_SPREAD,2026-08-04 12:39:00,2026-08-05 09:15:00,0 days 20:36:00,57,78400.0 / 78600.0,1,91.55,200.0,SL Hit (50% Premium Appreciation),-69.6,-34.8
SENSEX,CE_SPREAD,2026-08-04 12:42:00,2026-08-05 09:15:00,0 days 20:33:00,56,78400.0 / 78600.0,1,90.55,200.0,SL Hit (50% Premium Appreciation),-70.6,-35.3
SENSEX,CE_SPREAD,2026-08-04 12:45:00,2026-08-05 09:15:00,0 days 20:30:00,55,78400.0 / 78600.0,1,94.4,200.0,SL Hit (50% Premium Appreciation),-66.75,-33.38
SENSEX,CE_SPREAD,2026-08-04 12:51:00,2026-08-05 09:15:00,0 days 20:24:00,53,78400.0 / 78600.0,1,91.9,200.0,SL Hit (50% Premium Appreciation),-69.25,-34.63
SENSEX,CE_SPREAD,2026-08-04 12:54:00,2026-08-05 09:15:00,0 days 20:21:00,52,78400.0 / 78600.0,1,91.3,200.0,SL Hit (50% Premium Appreciation),-69.85,-34.93
SENSEX,CE_SPREAD,2026-08-04 12:57:00,2026-08-05 09:15:00,0 days 20:18:00,51,78400.0 / 78600.0,1,89.35,200.0,SL Hit (50% Premium Appreciation),-71.8,-35.9
SENSEX,CE_SPREAD,2026-08-04 13:00:00,2026-08-05 09:15:00,0 days 20:15:00,50,78400.0 / 78600.0,1,90.4,200.0,SL Hit (50% Premium Appreciation),-70.75,-35.38
SENSEX,CE_SPREAD,2026-08-04 13:09:00,2026-08-05 09:15:00,0 days 20:06:00,47,78400.0 / 78600.0,1,86.5,200.0,SL Hit (50% Premium Appreciation),-74.65,-37.33
SENSEX,CE_SPREAD,2026-08-04 13:12:00,2026-08-05 09:15:00,0 days 20:03:00,46,78400.0 / 78600.0,1,85.5,200.0,SL Hit (50% Premium Appreciation),-75.65,-37.83
SENSEX,CE_SPREAD,2026-08-04 13:15:00,2026-08-05 09:15:00,0 days 20:00:00,45,78400.0 / 78600.0,1,84.6,200.0,SL Hit (50% Premium Appreciation),-76.55,-38.28
SENSEX,CE_SPREAD,2026-08-04 13:18:00,2026-08-05 09:15:00,0 days 19:57:00,44,78400.0 / 78600.0,1,85.1,200.0,SL Hit (50% Premium Appreciation),-76.05,-38.03
SENSEX,CE_SPREAD,2026-08-04 13:21:00,2026-08-05 09:15:00,0 days 19:54:00,43,78300.0 / 78500.0,1,97.5,200.0,SL Hit (50% Premium Appreciation),-67.35,-33.68
SENSEX,CE_SPREAD,2026-08-04 13:27:00,2026-08-05 09:15:00,0 days 19:48:00,41,78400.0 / 78600.0,1,81.0,200.0,SL Hit (50% Premium Appreciation),-80.15,-40.08
SENSEX,CE_SPREAD,2026-08-04 13:30:00,2026-08-05 09:15:00,0 days 19:45:00,40,78300.0 / 78500.0,1,89.95,200.0,SL Hit (50% Premium Appreciation),-74.9,-37.45
SENSEX,CE_SPREAD,2026-08-04 13:33:00,2026-08-05 09:15:00,0 days 19:42:00,39,78300.0 / 78500.0,1,89.85,200.0,SL Hit (50% Premium Appreciation),-75.0,-37.5
SENSEX,CE_SPREAD,2026-08-04 13:45:00,2026-08-05 09:15:00,0 days 19:30:00,35,78300.0 / 78500.0,1,92.75,200.0,SL Hit (50% Premium Appreciation),-72.1,-36.05
SENSEX,CE_SPREAD,2026-08-04 13:48:00,2026-08-05 09:15:00,0 days 19:27:00,34,78300.0 / 78500.0,1,94.8,200.0,SL Hit (50% Premium Appreciation),-70.05,-35.03
SENSEX,CE_SPREAD,2026-08-04 13:54:00,2026-08-05 09:15:00,0 days 19:21:00,32,78300.0 / 78500.0,1,86.85,200.0,SL Hit (50% Premium Appreciation),-78.0,-39.0
SENSEX,CE_SPREAD,2026-08-04 13:57:00,2026-08-05 09:15:00,0 days 19:18:00,31,78300.0 / 78500.0,1,89.9,200.0,SL Hit (50% Premium Appreciation),-74.95,-37.48
SENSEX,CE_SPREAD,2026-08-04 14:03:00,2026-08-05 09:15:00,0 days 19:12:00,29,78300.0 / 78500.0,1,89.9,200.0,SL Hit (50% Premium Appreciation),-74.95,-37.48
SENSEX,CE_SPREAD,2026-08-04 14:36:00,2026-08-05 09:15:00,0 days 18:39:00,18,78300.0 / 78500.0,1,99.5,200.0,SL Hit (50% Premium Appreciation),-65.35,-32.68
SENSEX,CE_SPREAD,2026-08-04 14:42:00,2026-08-05 09:15:00,0 days 18:33:00,16,78300.0 / 78500.0,1,93.85,200.0,SL Hit (50% Premium Appreciation),-71.0,-35.5
SENSEX,CE_SPREAD,2026-08-04 14:45:00,2026-08-05 09:15:00,0 days 18:30:00,15,78300.0 / 78500.0,1,95.1,200.0,SL Hit (50% Premium Appreciation),-69.75,-34.88
SENSEX,CE_SPREAD,2026-08-04 14:51:00,2026-08-05 09:15:00,0 days 18:24:00,13,78300.0 / 78500.0,1,96.45,200.0,SL Hit (50% Premium Appreciation),-68.4,-34.2
SENSEX,CE_SPREAD,2026-08-04 15:00:00,2026-08-05 09:15:00,0 days 18:15:00,10,78300.0 / 78500.0,1,93.55,200.0,SL Hit (50% Premium Appreciation),-71.3,-35.65
SENSEX,CE_SPREAD,2026-08-04 15:03:00,2026-08-05 09:15:00,0 days 18:12:00,9,78300.0 / 78500.0,1,90.0,200.0,SL Hit (50% Premium Appreciation),-74.85,-37.43
SENSEX,CE_SPREAD,2026-08-04 15:06:00,2026-08-05 09:15:00,0 days 18:09:00,8,78200.0 / 78400.0,1,103.95,200.0,SL Hit (50% Premium Appreciation),-62.7,-31.35
SENSEX,CE_SPREAD,2026-08-04 15:12:00,2026-08-05 09:15:00,0 days 18:03:00,6,78300.0 / 78500.0,1,103.95,200.0,SL Hit (50% Premium Appreciation),-60.9,-30.45
SENSEX,PE_SPREAD,2026-08-05 10:00:00,2026-08-05 11:54:00,0 days 01:54:00,38,78700.0 / 78500.0,1,64.1,200.0,SL Hit (50% Premium Appreciation),-34.4,-17.2
SENSEX,PE_SPREAD,2026-08-05 10:03:00,2026-08-05 13:03:00,0 days 03:00:00,60,78800.0 / 78600.0,1,83.4,200.0,SL Hit (50% Premium Appreciation),-44.5,-22.25
SENSEX,PE_SPREAD,2026-08-05 10:12:00,2026-08-05 12:33:00,0 days 02:21:00,47,78800.0 / 78600.0,1,77.9,200.0,SL Hit (50% Premium Appreciation),-41.6,-20.8
SENSEX,PE_SPREAD,2026-08-05 10:21:00,2026-08-05 12:33:00,0 days 02:12:00,44,78800.0 / 78600.0,1,78.75,200.0,SL Hit (50% Premium Appreciation),-40.75,-20.37
SENSEX,PE_SPREAD,2026-08-05 10:24:00,2026-08-05 13:42:00,0 days 03:18:00,66,78800.0 / 78600.0,1,87.8,200.0,SL Hit (50% Premium Appreciation),-46.95,-23.48
SENSEX,PE_SPREAD,2026-08-05 10:39:00,2026-08-05 12:57:00,0 days 02:18:00,46,78600.0 / 78400.0,1,71.15,200.0,SL Hit (50% Premium Appreciation),-36.75,-18.38
SENSEX,PE_SPREAD,2026-08-05 10:42:00,2026-08-05 13:03:00,0 days 02:21:00,47,78700.0 / 78500.0,1,78.85,200.0,SL Hit (50% Premium Appreciation),-39.8,-19.9
SENSEX,PE_SPREAD,2026-08-05 10:45:00,2026-08-05 12:48:00,0 days 02:03:00,41,78700.0 / 78500.0,1,76.25,200.0,SL Hit (50% Premium Appreciation),-38.5,-19.25
SENSEX,PE_SPREAD,2026-08-05 10:48:00,2026-08-05 12:33:00,0 days 01:45:00,35,78700.0 / 78500.0,1,73.5,200.0,SL Hit (50% Premium Appreciation),-39.3,-19.65
SENSEX,PE_SPREAD,2026-08-05 10:51:00,2026-08-05 12:33:00,0 days 01:42:00,34,78700.0 / 78500.0,1,72.95,200.0,SL Hit (50% Premium Appreciation),-39.85,-19.92
SENSEX,PE_SPREAD,2026-08-05 11:15:00,2026-08-05 12:33:00,0 days 01:18:00,26,78800.0 / 78600.0,1,78.45,200.0,SL Hit (50% Premium Appreciation),-41.05,-20.52
SENSEX,PE_SPREAD,2026-08-05 11:18:00,2026-08-05 12:45:00,0 days 01:27:00,29,78800.0 / 78600.0,1,80.75,200.0,SL Hit (50% Premium Appreciation),-40.65,-20.32
SENSEX,PE_SPREAD,2026-08-05 11:39:00,2026-08-05 14:15:00,0 days 02:36:00,52,78700.0 / 78500.0,1,84.5,200.0,SL Hit (50% Premium Appreciation),-45.5,-22.75
SENSEX,PE_SPREAD,2026-08-05 12:03:00,2026-08-06 15:15:00,1 days 03:12:00,189,78600.0 / 78400.0,1,85.7,200.0,Target Hit (50% Premium Decay),55.95,27.97
SENSEX,PE_SPREAD,2026-08-05 12:09:00,2026-08-06 15:15:00,1 days 03:06:00,187,78600.0 / 78400.0,1,90.4,200.0,Target Hit (50% Premium Decay),60.65,30.32
SENSEX,PE_SPREAD,2026-08-05 12:15:00,2026-08-06 15:15:00,1 days 03:00:00,185,78600.0 / 78400.0,1,85.4,200.0,Target Hit (50% Premium Decay),55.65,27.83
SENSEX,PE_SPREAD,2026-08-05 12:18:00,2026-08-06 15:15:00,1 days 02:57:00,184,78600.0 / 78400.0,1,86.7,200.0,Target Hit (50% Premium Decay),56.95,28.47
SENSEX,PE_SPREAD,2026-08-05 12:27:00,2026-08-06 15:15:00,1 days 02:48:00,181,78600.0 / 78400.0,1,90.55,200.0,Target Hit (50% Premium Decay),60.8,30.4
SENSEX,PE_SPREAD,2026-08-05 12:42:00,2026-08-06 14:09:00,1 days 01:27:00,154,78500.0 / 78300.0,1,91.75,200.0,Target Hit (50% Premium Decay),48.65,24.32
SENSEX,CE_SPREAD,2026-08-05 12:48:00,2026-08-06 13:57:00,1 days 01:09:00,148,78400.0 / 78600.0,1,95.05,200.0,SL Hit (50% Premium Appreciation),-49.95,-24.97
SENSEX,CE_SPREAD,2026-08-05 12:51:00,2026-08-06 13:57:00,1 days 01:06:00,147,78400.0 / 78600.0,1,96.6,200.0,SL Hit (50% Premium Appreciation),-48.4,-24.2
SENSEX,CE_SPREAD,2026-08-05 12:57:00,2026-08-06 13:27:00,1 days 00:30:00,135,78400.0 / 78600.0,1,93.35,200.0,SL Hit (50% Premium Appreciation),-46.95,-23.47
SENSEX,CE_SPREAD,2026-08-05 13:00:00,2026-08-06 13:57:00,1 days 00:57:00,144,78400.0 / 78600.0,1,95.45,200.0,SL Hit (50% Premium Appreciation),-49.55,-24.77
SENSEX,CE_SPREAD,2026-08-05 13:06:00,2026-08-06 14:06:00,1 days 01:00:00,145,78400.0 / 78600.0,1,97.0,200.0,SL Hit (50% Premium Appreciation),-49.65,-24.82
SENSEX,CE_SPREAD,2026-08-05 13:27:00,2026-08-06 14:09:00,1 days 00:42:00,139,78400.0 / 78600.0,1,98.2,200.0,SL Hit (50% Premium Appreciation),-50.95,-25.47
SENSEX,CE_SPREAD,2026-08-05 13:36:00,2026-08-06 11:12:00,0 days 21:36:00,77,78400.0 / 78600.0,1,91.3,200.0,SL Hit (50% Premium Appreciation),-46.5,-23.25
SENSEX,CE_SPREAD,2026-08-05 13:39:00,2026-08-06 13:27:00,0 days 23:48:00,121,78400.0 / 78600.0,1,92.5,200.0,SL Hit (50% Premium Appreciation),-47.8,-23.9
SENSEX,CE_SPREAD,2026-08-05 13:42:00,2026-08-06 09:15:00,0 days 19:33:00,36,78400.0 / 78600.0,1,85.6,200.0,SL Hit (50% Premium Appreciation),-46.7,-23.35
SENSEX,CE_SPREAD,2026-08-05 13:45:00,2026-08-06 14:03:00,1 days 00:18:00,131,78300.0 / 78500.0,1,100.55,200.0,SL Hit (50% Premium Appreciation),-53.4,-26.7
SENSEX,CE_SPREAD,2026-08-05 13:54:00,2026-08-06 11:12:00,0 days 21:18:00,71,78400.0 / 78600.0,1,91.5,200.0,SL Hit (50% Premium Appreciation),-46.3,-23.15
SENSEX,CE_SPREAD,2026-08-05 13:57:00,2026-08-06 14:03:00,1 days 00:06:00,127,78300.0 / 78500.0,1,101.0,200.0,SL Hit (50% Premium Appreciation),-52.95,-26.47
SENSEX,CE_SPREAD,2026-08-05 14:12:00,2026-08-06 09:18:00,0 days 19:06:00,27,78400.0 / 78600.0,1,89.15,200.0,SL Hit (50% Premium Appreciation),-44.6,-22.3
SENSEX,CE_SPREAD,2026-08-05 14:15:00,2026-08-06 09:15:00,0 days 19:00:00,25,78400.0 / 78600.0,1,84.45,200.0,SL Hit (50% Premium Appreciation),-47.85,-23.92
SENSEX,CE_SPREAD,2026-08-05 14:18:00,2026-08-06 14:03:00,0 days 23:45:00,120,78300.0 / 78500.0,1,100.75,200.0,SL Hit (50% Premium Appreciation),-53.2,-26.6
SENSEX,CE_SPREAD,2026-08-05 14:24:00,2026-08-06 13:57:00,0 days 23:33:00,116,78300.0 / 78500.0,1,99.75,200.0,SL Hit (50% Premium Appreciation),-50.5,-25.25
SENSEX,CE_SPREAD,2026-08-05 14:33:00,2026-08-06 13:57:00,0 days 23:24:00,113,78300.0 / 78500.0,1,99.2,200.0,SL Hit (50% Premium Appreciation),-51.05,-25.52
SENSEX,CE_SPREAD,2026-08-05 14:36:00,2026-08-06 14:03:00,0 days 23:27:00,114,78300.0 / 78500.0,1,100.55,200.0,SL Hit (50% Premium Appreciation),-53.4,-26.7
SENSEX,CE_SPREAD,2026-08-05 14:45:00,2026-08-06 14:09:00,0 days 23:24:00,113,78300.0 / 78500.0,1,102.85,200.0,SL Hit (50% Premium Appreciation),-55.0,-27.5
SENSEX,CE_SPREAD,2026-08-05 14:54:00,2026-08-06 14:03:00,0 days 23:09:00,108,78300.0 / 78500.0,1,101.3,200.0,SL Hit (50% Premium Appreciation),-52.65,-26.32
SENSEX,CE_SPREAD,2026-08-05 14:57:00,2026-08-06 14:24:00,0 days 23:27:00,114,78300.0 / 78500.0,1,105.9,200.0,SL Hit (50% Premium Appreciation),-54.0,-27.0
SENSEX,PE_SPREAD,2026-08-06 10:09:00,2026-08-06 15:15:00,0 days 05:06:00,102,78700.0 / 78500.0,1,87.9,200.0,Target Hit (50% Premium Decay),47.8,23.9
SENSEX,PE_SPREAD,2026-08-06 10:12:00,2026-08-06 15:15:00,0 days 05:03:00,101,78700.0 / 78500.0,1,87.0,200.0,Target Hit (50% Premium Decay),46.9,23.45
SENSEX,PE_SPREAD,2026-08-06 10:15:00,2026-08-06 15:15:00,0 days 05:00:00,100,78700.0 / 78500.0,1,89.45,200.0,Target Hit (50% Premium Decay),49.35,24.68
SENSEX,PE_SPREAD,2026-08-06 10:24:00,2026-08-06 15:15:00,0 days 04:51:00,97,78700.0 / 78500.0,1,85.1,200.0,Target Hit (50% Premium Decay),45.0,22.5
SENSEX,PE_SPREAD,2026-08-06 10:30:00,2026-08-06 15:15:00,0 days 04:45:00,95,78700.0 / 78500.0,1,82.35,200.0,Target Hit (50% Premium Decay),42.25,21.13
SENSEX,PE_SPREAD,2026-08-06 10:39:00,2026-08-06 15:15:00,0 days 04:36:00,92,78700.0 / 78500.0,1,85.7,200.0,Target Hit (50% Premium Decay),45.6,22.8
SENSEX,PE_SPREAD,2026-08-06 10:45:00,2026-08-06 15:15:00,0 days 04:30:00,90,78700.0 / 78500.0,1,88.4,200.0,Target Hit (50% Premium Decay),48.3,24.15
SENSEX,PE_SPREAD,2026-08-06 10:51:00,2026-08-06 15:15:00,0 days 04:24:00,88,78700.0 / 78500.0,1,89.0,200.0,Target Hit (50% Premium Decay),48.9,24.45
SENSEX,PE_SPREAD,2026-08-06 10:57:00,2026-08-06 15:15:00,0 days 04:18:00,86,78700.0 / 78500.0,1,84.55,200.0,Target Hit (50% Premium Decay),44.45,22.23
SENSEX,PE_SPREAD,2026-08-06 11:09:00,2026-08-06 15:15:00,0 days 04:06:00,82,78700.0 / 78500.0,1,80.35,200.0,Target Hit (50% Premium Decay),40.25,20.13
SENSEX,PE_SPREAD,2026-08-06 11:36:00,2026-08-06 15:21:00,0 days 03:45:00,75,78800.0 / 78600.0,1,81.85,200.0,Target Hit (50% Premium Decay),54.0,27.0
SENSEX,PE_SPREAD,2026-08-06 11:51:00,2026-08-06 15:21:00,0 days 03:30:00,70,78800.0 / 78600.0,1,84.5,200.0,Target Hit (50% Premium Decay),56.65,28.32
SENSEX,PE_SPREAD,2026-08-06 11:54:00,2026-08-06 15:21:00,0 days 03:27:00,69,78800.0 / 78600.0,1,82.9,200.0,Target Hit (50% Premium Decay),55.05,27.53
SENSEX,PE_SPREAD,2026-08-06 11:57:00,2026-08-06 15:21:00,0 days 03:24:00,68,78800.0 / 78600.0,1,82.15,200.0,Target Hit (50% Premium Decay),54.3,27.15
SENSEX,PE_SPREAD,2026-08-06 12:00:00,2026-08-06 15:21:00,0 days 03:21:00,67,78900.0 / 78700.0,1,91.8,200.0,Target Hit (50% Premium Decay),67.3,33.65
SENSEX,PE_SPREAD,2026-08-06 12:18:00,2026-08-06 15:21:00,0 days 03:03:00,61,78800.0 / 78600.0,1,86.15,200.0,Target Hit (50% Premium Decay),58.3,29.15
SENSEX,PE_SPREAD,2026-08-06 12:27:00,2026-08-06 15:21:00,0 days 02:54:00,58,78800.0 / 78600.0,1,84.3,200.0,Target Hit (50% Premium Decay),56.45,28.23
SENSEX,PE_SPREAD,2026-08-06 12:33:00,2026-08-06 15:21:00,0 days 02:48:00,56,78800.0 / 78600.0,1,84.25,200.0,Target Hit (50% Premium Decay),56.4,28.2
SENSEX,PE_SPREAD,2026-08-06 12:36:00,2026-08-06 15:21:00,0 days 02:45:00,55,78800.0 / 78600.0,1,85.5,200.0,Target Hit (50% Premium Decay),57.65,28.82
SENSEX,PE_SPREAD,2026-08-06 12:45:00,2026-08-06 15:21:00,0 days 02:36:00,52,78800.0 / 78600.0,1,83.0,200.0,Target Hit (50% Premium Decay),55.15,27.58
SENSEX,PE_SPREAD,2026-08-06 12:48:00,2026-08-06 15:21:00,0 days 02:33:00,51,78800.0 / 78600.0,1,84.15,200.0,Target Hit (50% Premium Decay),56.3,28.15
SENSEX,PE_SPREAD,2026-08-06 13:00:00,2026-08-06 15:21:00,0 days 02:21:00,47,78800.0 / 78600.0,1,82.75,200.0,Target Hit (50% Premium Decay),54.9,27.45
SENSEX,PE_SPREAD,2026-08-06 13:03:00,2026-08-06 15:21:00,0 days 02:18:00,46,78800.0 / 78600.0,1,81.85,200.0,Target Hit (50% Premium Decay),54.0,27.0
SENSEX,PE_SPREAD,2026-08-06 13:06:00,2026-08-06 15:21:00,0 days 02:15:00,45,78800.0 / 78600.0,1,85.3,200.0,Target Hit (50% Premium Decay),57.45,28.73
SENSEX,PE_SPREAD,2026-08-06 13:12:00,2026-08-06 15:21:00,0 days 02:09:00,43,78800.0 / 78600.0,1,89.3,200.0,Target Hit (50% Premium Decay),61.45,30.72
SENSEX,PE_SPREAD,2026-08-06 13:18:00,2026-08-06 15:21:00,0 days 02:03:00,41,78800.0 / 78600.0,1,86.6,200.0,Target Hit (50% Premium Decay),58.75,29.38
SENSEX,PE_SPREAD,2026-08-06 13:21:00,2026-08-06 15:21:00,0 days 02:00:00,40,78800.0 / 78600.0,1,86.75,200.0,Target Hit (50% Premium Decay),58.9,29.45
SENSEX,PE_SPREAD,2026-08-06 13:30:00,2026-08-06 15:21:00,0 days 01:51:00,37,78800.0 / 78600.0,1,87.7,200.0,Target Hit (50% Premium Decay),59.85,29.92
SENSEX,PE_SPREAD,2026-08-06 13:33:00,2026-08-06 15:21:00,0 days 01:48:00,36,78800.0 / 78600.0,1,82.55,200.0,Target Hit (50% Premium Decay),54.7,27.35
SENSEX,PE_SPREAD,2026-08-06 13:36:00,2026-08-06 15:21:00,0 days 01:45:00,35,78800.0 / 78600.0,1,84.0,200.0,Target Hit (50% Premium Decay),56.15,28.08
SENSEX,PE_SPREAD,2026-08-06 13:42:00,2026-08-06 15:21:00,0 days 01:39:00,33,78800.0 / 78600.0,1,86.65,200.0,Target Hit (50% Premium Decay),58.8,29.4
SENSEX,PE_SPREAD,2026-08-06 13:54:00,2026-08-06 15:21:00,0 days 01:27:00,29,78800.0 / 78600.0,1,87.5,200.0,Target Hit (50% Premium Decay),59.65,29.83
SENSEX,PE_SPREAD,2026-08-06 14:00:00,2026-08-06 15:21:00,0 days 01:21:00,27,78900.0 / 78700.0,1,95.3,200.0,Target Hit (50% Premium Decay),70.8,35.4
SENSEX,PE_SPREAD,2026-08-06 14:06:00,2026-08-06 15:21:00,0 days 01:15:00,25,78900.0 / 78700.0,1,91.05,200.0,Target Hit (50% Premium Decay),66.55,33.27
SENSEX,PE_SPREAD,2026-08-06 14:33:00,2026-08-06 15:21:00,0 days 00:48:00,16,78900.0 / 78700.0,1,88.0,200.0,Target Hit (50% Premium Decay),63.5,31.75
SENSEX,PE_SPREAD,2026-08-06 14:48:00,2026-08-06 15:21:00,0 days 00:33:00,11,78800.0 / 78600.0,1,75.85,200.0,Target Hit (50% Premium Decay),48.0,24.0
SENSEX,PE_SPREAD,2026-08-06 15:03:00,2026-08-06 15:21:00,0 days 00:18:00,6,78800.0 / 78600.0,1,79.5,200.0,Target Hit (50% Premium Decay),51.65,25.82
SENSEX,PE_SPREAD,2026-08-06 15:09:00,2026-08-06 15:21:00,0 days 00:12:00,4,78800.0 / 78600.0,1,78.5,200.0,Target Hit (50% Premium Decay),50.65,25.32
SENSEX,PE_SPREAD,2026-08-06 15:15:00,2026-08-06 15:27:00,0 days 00:12:00,4,78800.0 / 78600.0,1,51.55,200.0,Target Hit (50% Premium Decay),51.25,25.62
SENSEX,PE_SPREAD,2026-08-07 09:15:00,2026-08-11 09:45:00,4 days 00:30:00,260,78500.0 / 78300.0,1,74.8,200.0,SL Hit (50% Premium Appreciation),-38.55,-19.28
SENSEX,PE_SPREAD,2026-08-07 09:18:00,2026-08-11 09:39:00,4 days 00:21:00,257,78600.0 / 78400.0,1,80.4,200.0,SL Hit (50% Premium Appreciation),-41.05,-20.53
SENSEX,PE_SPREAD,2026-08-07 09:21:00,2026-08-11 09:21:00,4 days 00:00:00,250,78700.0 / 78500.0,1,81.1,200.0,SL Hit (50% Premium Appreciation),-41.25,-20.62
SENSEX,PE_SPREAD,2026-08-07 09:24:00,2026-08-11 09:27:00,4 days 00:03:00,251,78700.0 / 78500.0,1,83.4,200.0,SL Hit (50% Premium Appreciation),-42.6,-21.3
SENSEX,PE_SPREAD,2026-08-07 09:39:00,2026-08-11 09:27:00,3 days 23:48:00,246,78700.0 / 78500.0,1,83.95,200.0,SL Hit (50% Premium Appreciation),-42.05,-21.03
SENSEX,PE_SPREAD,2026-08-07 09:45:00,2026-08-11 09:27:00,3 days 23:42:00,244,78700.0 / 78500.0,1,83.55,200.0,SL Hit (50% Premium Appreciation),-42.45,-21.22
SENSEX,PE_SPREAD,2026-08-07 09:51:00,2026-08-11 09:18:00,3 days 23:27:00,239,78700.0 / 78500.0,1,79.05,200.0,SL Hit (50% Premium Appreciation),-42.25,-21.12
SENSEX,PE_SPREAD,2026-08-07 09:54:00,2026-08-11 09:18:00,3 days 23:24:00,238,78700.0 / 78500.0,1,78.8,200.0,SL Hit (50% Premium Appreciation),-42.5,-21.25
SENSEX,PE_SPREAD,2026-08-07 10:00:00,2026-08-11 09:21:00,3 days 23:21:00,237,78700.0 / 78500.0,1,81.05,200.0,SL Hit (50% Premium Appreciation),-41.3,-20.65
SENSEX,CE_SPREAD,2026-08-07 10:03:00,2026-08-10 09:18:00,2 days 23:15:00,110,78700.0 / 78900.0,1,101.85,200.0,Target Hit (50% Premium Decay),72.95,36.48
SENSEX,CE_SPREAD,2026-08-07 10:06:00,2026-08-10 09:18:00,2 days 23:12:00,109,78700.0 / 78900.0,1,102.0,200.0,Target Hit (50% Premium Decay),73.1,36.55
SENSEX,CE_SPREAD,2026-08-07 10:12:00,2026-08-11 11:09:00,4 days 00:57:00,269,78600.0 / 78800.0,1,106.05,200.0,Target Hit (50% Premium Decay),53.15,26.57
SENSEX,CE_SPREAD,2026-08-07 10:15:00,2026-08-11 12:03:00,4 days 01:48:00,286,78600.0 / 78800.0,1,103.7,200.0,Target Hit (50% Premium Decay),52.75,26.38
SENSEX,CE_SPREAD,2026-08-07 10:18:00,2026-08-12 09:15:00,4 days 22:57:00,354,78600.0 / 78800.0,1,100.4,200.0,Target Hit (50% Premium Decay),69.1,34.55
SENSEX,CE_SPREAD,2026-08-07 10:21:00,2026-08-12 09:15:00,4 days 22:54:00,353,78600.0 / 78800.0,1,99.4,200.0,Target Hit (50% Premium Decay),68.1,34.05
SENSEX,CE_SPREAD,2026-08-07 10:24:00,2026-08-12 09:15:00,4 days 22:51:00,352,78600.0 / 78800.0,1,100.2,200.0,Target Hit (50% Premium Decay),68.9,34.45
SENSEX,CE_SPREAD,2026-08-07 10:27:00,2026-08-10 09:18:00,2 days 22:51:00,102,78500.0 / 78700.0,1,105.6,200.0,SL Hit (50% Premium Appreciation),-71.5,-35.75
SENSEX,CE_SPREAD,2026-08-07 10:30:00,2026-08-10 09:18:00,2 days 22:48:00,101,78500.0 / 78700.0,1,104.05,200.0,SL Hit (50% Premium Appreciation),-73.05,-36.53
SENSEX,CE_SPREAD,2026-08-07 10:33:00,2026-08-10 09:18:00,2 days 22:45:00,100,78500.0 / 78700.0,1,106.0,200.0,SL Hit (50% Premium Appreciation),-71.1,-35.55
SENSEX,CE_SPREAD,2026-08-07 10:39:00,2026-08-10 09:18:00,2 days 22:39:00,98,78500.0 / 78700.0,1,106.0,200.0,SL Hit (50% Premium Appreciation),-71.1,-35.55
SENSEX,CE_SPREAD,2026-08-07 10:42:00,2026-08-10 09:18:00,2 days 22:36:00,97,78500.0 / 78700.0,1,104.55,200.0,SL Hit (50% Premium Appreciation),-72.55,-36.28
SENSEX,CE_SPREAD,2026-08-07 10:51:00,2026-08-12 09:15:00,4 days 22:24:00,343,78600.0 / 78800.0,1,99.6,200.0,Target Hit (50% Premium Decay),68.3,34.15
SENSEX,CE_SPREAD,2026-08-07 11:00:00,2026-08-10 09:18:00,2 days 22:18:00,91,78500.0 / 78700.0,1,102.65,200.0,SL Hit (50% Premium Appreciation),-74.45,-37.23
SENSEX,CE_SPREAD,2026-08-07 11:03:00,2026-08-10 09:18:00,2 days 22:15:00,90,78500.0 / 78700.0,1,102.3,200.0,SL Hit (50% Premium Appreciation),-74.8,-37.4
SENSEX,CE_SPREAD,2026-08-07 11:06:00,2026-08-10 09:18:00,2 days 22:12:00,89,78500.0 / 78700.0,1,103.85,200.0,SL Hit (50% Premium Appreciation),-73.25,-36.62
SENSEX,CE_SPREAD,2026-08-07 11:18:00,2026-08-10 09:18:00,2 days 22:00:00,85,78500.0 / 78700.0,1,104.2,200.0,SL Hit (50% Premium Appreciation),-72.9,-36.45
SENSEX,CE_SPREAD,2026-08-07 11:48:00,2026-08-12 09:15:00,4 days 21:27:00,324,78600.0 / 78800.0,1,97.8,200.0,Target Hit (50% Premium Decay),66.5,33.25
SENSEX,CE_SPREAD,2026-08-07 11:51:00,2026-08-10 09:18:00,2 days 21:27:00,74,78500.0 / 78700.0,1,102.1,200.0,SL Hit (50% Premium Appreciation),-75.0,-37.5
SENSEX,CE_SPREAD,2026-08-07 11:54:00,2026-08-10 09:18:00,2 days 21:24:00,73,78500.0 / 78700.0,1,105.8,200.0,SL Hit (50% Premium Appreciation),-71.3,-35.65
SENSEX,CE_SPREAD,2026-08-07 12:03:00,2026-08-10 09:18:00,2 days 21:15:00,70,78500.0 / 78700.0,1,100.15,200.0,SL Hit (50% Premium Appreciation),-76.95,-38.47
SENSEX,CE_SPREAD,2026-08-07 12:06:00,2026-08-10 09:18:00,2 days 21:12:00,69,78500.0 / 78700.0,1,103.2,200.0,SL Hit (50% Premium Appreciation),-73.9,-36.95
SENSEX,CE_SPREAD,2026-08-07 12:09:00,2026-08-10 09:18:00,2 days 21:09:00,68,78500.0 / 78700.0,1,102.15,200.0,SL Hit (50% Premium Appreciation),-74.95,-37.48
SENSEX,CE_SPREAD,2026-08-07 12:12:00,2026-08-10 09:18:00,2 days 21:06:00,67,78500.0 / 78700.0,1,100.2,200.0,SL Hit (50% Premium Appreciation),-76.9,-38.45
SENSEX,CE_SPREAD,2026-08-07 12:15:00,2026-08-10 09:18:00,2 days 21:03:00,66,78500.0 / 78700.0,1,99.9,200.0,SL Hit (50% Premium Appreciation),-77.2,-38.6
SENSEX,CE_SPREAD,2026-08-07 12:18:00,2026-08-12 09:15:00,4 days 20:57:00,314,78400.0 / 78600.0,1,105.0,200.0,Target Hit (50% Premium Decay),63.2,31.6
SENSEX,CE_SPREAD,2026-08-07 13:00:00,2026-08-10 09:18:00,2 days 20:18:00,51,78500.0 / 78700.0,1,101.75,200.0,SL Hit (50% Premium Appreciation),-75.35,-37.68
SENSEX,CE_SPREAD,2026-08-07 13:03:00,2026-08-10 09:18:00,2 days 20:15:00,50,78500.0 / 78700.0,1,103.35,200.0,SL Hit (50% Premium Appreciation),-73.75,-36.88
SENSEX,CE_SPREAD,2026-08-07 13:15:00,2026-08-10 09:18:00,2 days 20:03:00,46,78500.0 / 78700.0,1,100.75,200.0,SL Hit (50% Premium Appreciation),-76.35,-38.18
SENSEX,CE_SPREAD,2026-08-07 13:21:00,2026-08-10 09:18:00,2 days 19:57:00,44,78500.0 / 78700.0,1,105.35,200.0,SL Hit (50% Premium Appreciation),-71.75,-35.88
SENSEX,CE_SPREAD,2026-08-07 13:33:00,2026-08-10 09:18:00,2 days 19:45:00,40,78500.0 / 78700.0,1,101.45,200.0,SL Hit (50% Premium Appreciation),-75.65,-37.83
SENSEX,CE_SPREAD,2026-08-07 13:36:00,2026-08-10 09:18:00,2 days 19:42:00,39,78500.0 / 78700.0,1,101.35,200.0,SL Hit (50% Premium Appreciation),-75.75,-37.88
SENSEX,CE_SPREAD,2026-08-07 13:42:00,2026-08-10 09:18:00,2 days 19:36:00,37,78500.0 / 78700.0,1,101.85,200.0,SL Hit (50% Premium Appreciation),-75.25,-37.63
SENSEX,CE_SPREAD,2026-08-07 14:00:00,2026-08-10 09:18:00,2 days 19:18:00,31,78500.0 / 78700.0,1,102.35,200.0,SL Hit (50% Premium Appreciation),-74.75,-37.38
SENSEX,CE_SPREAD,2026-08-07 14:06:00,2026-08-10 09:18:00,2 days 19:12:00,29,78500.0 / 78700.0,1,96.6,200.0,SL Hit (50% Premium Appreciation),-80.5,-40.25
SENSEX,CE_SPREAD,2026-08-07 14:09:00,2026-08-10 09:18:00,2 days 19:09:00,28,78500.0 / 78700.0,1,96.45,200.0,SL Hit (50% Premium Appreciation),-80.65,-40.33
SENSEX,CE_SPREAD,2026-08-07 14:12:00,2026-08-12 09:15:00,4 days 19:03:00,276,78400.0 / 78600.0,1,102.95,200.0,Target Hit (50% Premium Decay),61.15,30.57
SENSEX,CE_SPREAD,2026-08-07 14:15:00,2026-08-12 09:15:00,4 days 19:00:00,275,78400.0 / 78600.0,1,103.65,200.0,Target Hit (50% Premium Decay),61.85,30.93
SENSEX,CE_SPREAD,2026-08-07 14:24:00,2026-08-12 09:15:00,4 days 18:51:00,272,78400.0 / 78600.0,1,103.55,200.0,Target Hit (50% Premium Decay),61.75,30.87
SENSEX,CE_SPREAD,2026-08-07 14:30:00,2026-08-12 09:15:00,4 days 18:45:00,270,78400.0 / 78600.0,1,102.8,200.0,Target Hit (50% Premium Decay),61.0,30.5
SENSEX,CE_SPREAD,2026-08-07 14:39:00,2026-08-12 09:15:00,4 days 18:36:00,267,78400.0 / 78600.0,1,104.05,200.0,Target Hit (50% Premium Decay),62.25,31.12
SENSEX,CE_SPREAD,2026-08-07 14:42:00,2026-08-12 09:15:00,4 days 18:33:00,266,78400.0 / 78600.0,1,103.1,200.0,Target Hit (50% Premium Decay),61.3,30.65
SENSEX,CE_SPREAD,2026-08-07 14:54:00,2026-08-12 09:15:00,4 days 18:21:00,262,78400.0 / 78600.0,1,104.9,200.0,Target Hit (50% Premium Decay),63.1,31.55
SENSEX,CE_SPREAD,2026-08-07 14:57:00,2026-08-12 09:15:00,4 days 18:18:00,261,78400.0 / 78600.0,1,101.85,200.0,Target Hit (50% Premium Decay),60.05,30.03
SENSEX,CE_SPREAD,2026-08-10 09:27:00,2026-08-12 09:15:00,1 days 23:48:00,246,78500.0 / 78700.0,1,104.8,200.0,Target Hit (50% Premium Decay),67.45,33.73
SENSEX,CE_SPREAD,2026-08-10 09:30:00,2026-08-12 09:15:00,1 days 23:45:00,245,78400.0 / 78600.0,1,105.35,200.0,Target Hit (50% Premium Decay),63.55,31.77
SENSEX,CE_SPREAD,2026-08-10 09:33:00,2026-08-12 09:15:00,1 days 23:42:00,244,78400.0 / 78600.0,1,98.2,200.0,Target Hit (50% Premium Decay),56.4,28.2
SENSEX,CE_SPREAD,2026-08-10 09:36:00,2026-08-12 09:15:00,1 days 23:39:00,243,78300.0 / 78500.0,1,106.05,200.0,Target Hit (50% Premium Decay),56.5,28.25
SENSEX,CE_SPREAD,2026-08-10 09:45:00,2026-08-12 09:15:00,1 days 23:30:00,240,78400.0 / 78600.0,1,98.65,200.0,Target Hit (50% Premium Decay),56.85,28.42
SENSEX,CE_SPREAD,2026-08-10 09:54:00,2026-08-12 09:15:00,1 days 23:21:00,237,78400.0 / 78600.0,1,99.05,200.0,Target Hit (50% Premium Decay),57.25,28.63
SENSEX,PE_SPREAD,2026-08-10 11:03:00,2026-08-11 11:00:00,0 days 23:57:00,124,78600.0 / 78400.0,1,83.95,200.0,SL Hit (50% Premium Appreciation),-42.45,-21.22
SENSEX,PE_SPREAD,2026-08-10 11:12:00,2026-08-11 09:39:00,0 days 22:27:00,94,78600.0 / 78400.0,1,80.55,200.0,SL Hit (50% Premium Appreciation),-40.9,-20.45
SENSEX,PE_SPREAD,2026-08-10 11:15:00,2026-08-11 09:39:00,0 days 22:24:00,93,78600.0 / 78400.0,1,80.8,200.0,SL Hit (50% Premium Appreciation),-40.65,-20.33
SENSEX,PE_SPREAD,2026-08-10 11:21:00,2026-08-11 09:39:00,0 days 22:18:00,91,78600.0 / 78400.0,1,80.05,200.0,SL Hit (50% Premium Appreciation),-41.4,-20.7
SENSEX,PE_SPREAD,2026-08-10 11:27:00,2026-08-11 09:39:00,0 days 22:12:00,89,78600.0 / 78400.0,1,80.05,200.0,SL Hit (50% Premium Appreciation),-41.4,-20.7
SENSEX,PE_SPREAD,2026-08-10 11:39:00,2026-08-11 09:27:00,0 days 21:48:00,81,78600.0 / 78400.0,1,78.7,200.0,SL Hit (50% Premium Appreciation),-39.9,-19.95
SENSEX,PE_SPREAD,2026-08-10 11:42:00,2026-08-11 11:00:00,0 days 23:18:00,111,78600.0 / 78400.0,1,84.1,200.0,SL Hit (50% Premium Appreciation),-42.3,-21.15
SENSEX,PE_SPREAD,2026-08-10 11:48:00,2026-08-11 11:00:00,0 days 23:12:00,109,78600.0 / 78400.0,1,83.75,200.0,SL Hit (50% Premium Appreciation),-42.65,-21.32
SENSEX,PE_SPREAD,2026-08-10 11:51:00,2026-08-11 09:39:00,0 days 21:48:00,81,78600.0 / 78400.0,1,80.2,200.0,SL Hit (50% Premium Appreciation),-41.25,-20.63
SENSEX,PE_SPREAD,2026-08-10 11:54:00,2026-08-11 10:18:00,0 days 22:24:00,93,78600.0 / 78400.0,1,82.75,200.0,SL Hit (50% Premium Appreciation),-42.2,-21.1
SENSEX,PE_SPREAD,2026-08-10 12:03:00,2026-08-11 10:18:00,0 days 22:15:00,90,78600.0 / 78400.0,1,82.7,200.0,SL Hit (50% Premium Appreciation),-42.25,-21.12
SENSEX,PE_SPREAD,2026-08-10 12:06:00,2026-08-11 11:00:00,0 days 22:54:00,103,78600.0 / 78400.0,1,83.8,200.0,SL Hit (50% Premium Appreciation),-42.6,-21.3
SENSEX,PE_SPREAD,2026-08-10 12:12:00,2026-08-11 09:39:00,0 days 21:27:00,74,78600.0 / 78400.0,1,80.0,200.0,SL Hit (50% Premium Appreciation),-41.45,-20.73
SENSEX,PE_SPREAD,2026-08-10 12:15:00,2026-08-11 09:15:00,0 days 21:00:00,65,78600.0 / 78400.0,1,75.4,200.0,SL Hit (50% Premium Appreciation),-38.1,-19.05
SENSEX,PE_SPREAD,2026-08-10 12:30:00,2026-08-11 09:18:00,0 days 20:48:00,61,78600.0 / 78400.0,1,76.7,200.0,SL Hit (50% Premium Appreciation),-38.7,-19.35
SENSEX,PE_SPREAD,2026-08-10 12:39:00,2026-08-11 09:24:00,0 days 20:45:00,60,78600.0 / 78400.0,1,77.25,200.0,SL Hit (50% Premium Appreciation),-39.45,-19.73
SENSEX,PE_SPREAD,2026-08-10 13:06:00,2026-08-11 11:00:00,0 days 21:54:00,83,78600.0 / 78400.0,1,83.8,200.0,SL Hit (50% Premium Appreciation),-42.6,-21.3
SENSEX,PE_SPREAD,2026-08-10 13:18:00,2026-08-11 12:00:00,0 days 22:42:00,99,78500.0 / 78300.0,1,79.8,200.0,SL Hit (50% Premium Appreciation),-40.1,-20.05
SENSEX,PE_SPREAD,2026-08-10 13:24:00,2026-08-11 11:00:00,0 days 21:36:00,77,78500.0 / 78300.0,1,76.35,200.0,SL Hit (50% Premium Appreciation),-39.0,-19.5
SENSEX,PE_SPREAD,2026-08-10 13:27:00,2026-08-11 11:00:00,0 days 21:33:00,76,78600.0 / 78400.0,1,84.05,200.0,SL Hit (50% Premium Appreciation),-42.35,-21.17
SENSEX,PE_SPREAD,2026-08-10 13:33:00,2026-08-11 09:45:00,0 days 20:12:00,49,78600.0 / 78400.0,1,81.4,200.0,SL Hit (50% Premium Appreciation),-41.05,-20.53
SENSEX,PE_SPREAD,2026-08-10 13:36:00,2026-08-11 09:39:00,0 days 20:03:00,46,78600.0 / 78400.0,1,79.55,200.0,SL Hit (50% Premium Appreciation),-41.9,-20.95
SENSEX,PE_SPREAD,2026-08-10 13:45:00,2026-08-11 09:39:00,0 days 19:54:00,43,78600.0 / 78400.0,1,80.35,200.0,SL Hit (50% Premium Appreciation),-41.1,-20.55
SENSEX,PE_SPREAD,2026-08-10 13:51:00,2026-08-11 09:27:00,0 days 19:36:00,37,78600.0 / 78400.0,1,78.9,200.0,SL Hit (50% Premium Appreciation),-39.7,-19.85
SENSEX,PE_SPREAD,2026-08-10 14:03:00,2026-08-11 10:18:00,0 days 20:15:00,50,78600.0 / 78400.0,1,82.9,200.0,SL Hit (50% Premium Appreciation),-42.05,-21.03
SENSEX,PE_SPREAD,2026-08-10 14:06:00,2026-08-11 09:39:00,0 days 19:33:00,36,78600.0 / 78400.0,1,80.1,200.0,SL Hit (50% Premium Appreciation),-41.35,-20.68
SENSEX,PE_SPREAD,2026-08-10 14:09:00,2026-08-11 10:18:00,0 days 20:09:00,48,78600.0 / 78400.0,1,82.4,200.0,SL Hit (50% Premium Appreciation),-42.55,-21.28
SENSEX,PE_SPREAD,2026-08-10 14:21:00,2026-08-11 11:06:00,0 days 20:45:00,60,78500.0 / 78300.0,1,78.45,200.0,SL Hit (50% Premium Appreciation),-39.3,-19.65
SENSEX,PE_SPREAD,2026-08-10 14:27:00,2026-08-11 11:21:00,0 days 20:54:00,63,78500.0 / 78300.0,1,78.55,200.0,SL Hit (50% Premium Appreciation),-39.35,-19.67
SENSEX,CE_SPREAD,2026-08-10 14:33:00,2026-08-12 09:15:00,1 days 18:42:00,144,78500.0 / 78700.0,1,104.0,200.0,Target Hit (50% Premium Decay),66.65,33.32
SENSEX,CE_SPREAD,2026-08-10 14:36:00,2026-08-12 09:15:00,1 days 18:39:00,143,78500.0 / 78700.0,1,104.7,200.0,Target Hit (50% Premium Decay),67.35,33.68
SENSEX,CE_SPREAD,2026-08-10 14:39:00,2026-08-12 09:15:00,1 days 18:36:00,142,78500.0 / 78700.0,1,104.25,200.0,Target Hit (50% Premium Decay),66.9,33.45
SENSEX,CE_SPREAD,2026-08-10 14:42:00,2026-08-12 09:15:00,1 days 18:33:00,141,78500.0 / 78700.0,1,104.85,200.0,Target Hit (50% Premium Decay),67.5,33.75
SENSEX,CE_SPREAD,2026-08-10 14:45:00,2026-08-12 09:15:00,1 days 18:30:00,140,78500.0 / 78700.0,1,101.7,200.0,Target Hit (50% Premium Decay),64.35,32.17
SENSEX,CE_SPREAD,2026-08-10 14:48:00,2026-08-12 09:15:00,1 days 18:27:00,139,78500.0 / 78700.0,1,103.2,200.0,Target Hit (50% Premium Decay),65.85,32.92
SENSEX,CE_SPREAD,2026-08-10 14:51:00,2026-08-12 09:15:00,1 days 18:24:00,138,78400.0 / 78600.0,1,114.3,200.0,Target Hit (50% Premium Decay),72.5,36.25
SENSEX,CE_SPREAD,2026-08-10 15:03:00,2026-08-12 09:15:00,1 days 18:12:00,134,78500.0 / 78700.0,1,105.85,200.0,Target Hit (50% Premium Decay),68.5,34.25
SENSEX,CE_SPREAD,2026-08-10 15:09:00,2026-08-12 09:15:00,1 days 18:06:00,132,78500.0 / 78700.0,1,104.95,200.0,Target Hit (50% Premium Decay),67.6,33.8
SENSEX,CE_SPREAD,2026-08-10 15:12:00,2026-08-12 09:15:00,1 days 18:03:00,131,78400.0 / 78600.0,1,119.1,200.0,Target Hit (50% Premium Decay),77.3,38.65
SENSEX,CE_SPREAD,2026-08-11 09:18:00,2026-08-12 09:57:00,1 days 00:39:00,138,78300.0 / 78500.0,1,92.2,200.0,Target Hit (50% Premium Decay),46.35,23.17
SENSEX,CE_SPREAD,2026-08-11 09:21:00,2026-08-12 10:06:00,1 days 00:45:00,140,78200.0 / 78400.0,1,100.75,200.0,Target Hit (50% Premium Decay),52.4,26.2
SENSEX,CE_SPREAD,2026-08-11 09:24:00,2026-08-12 10:06:00,1 days 00:42:00,139,78200.0 / 78400.0,1,100.95,200.0,Target Hit (50% Premium Decay),52.6,26.3
SENSEX,CE_SPREAD,2026-08-11 09:27:00,2026-08-12 10:06:00,1 days 00:39:00,138,78200.0 / 78400.0,1,99.7,200.0,Target Hit (50% Premium Decay),51.35,25.67
SENSEX,CE_SPREAD,2026-08-11 09:30:00,2026-08-12 10:06:00,1 days 00:36:00,137,78200.0 / 78400.0,1,100.9,200.0,Target Hit (50% Premium Decay),52.55,26.28
SENSEX,CE_SPREAD,2026-08-11 09:39:00,2026-08-12 10:06:00,1 days 00:27:00,134,78200.0 / 78400.0,1,98.45,200.0,Target Hit (50% Premium Decay),50.1,25.05
SENSEX,CE_SPREAD,2026-08-11 09:42:00,2026-08-12 10:06:00,1 days 00:24:00,133,78200.0 / 78400.0,1,97.85,200.0,Target Hit (50% Premium Decay),49.5,24.75
SENSEX,CE_SPREAD,2026-08-11 09:45:00,2026-08-12 10:45:00,1 days 01:00:00,145,78200.0 / 78400.0,1,93.4,200.0,Target Hit (50% Premium Decay),49.2,24.6
SENSEX,CE_SPREAD,2026-08-11 09:48:00,2026-08-12 10:48:00,1 days 01:00:00,145,78100.0 / 78300.0,1,104.95,200.0,Target Hit (50% Premium Decay),52.85,26.42
SENSEX,CE_SPREAD,2026-08-11 09:54:00,2026-08-12 10:06:00,1 days 00:12:00,129,78200.0 / 78400.0,1,97.7,200.0,Target Hit (50% Premium Decay),49.35,24.67
SENSEX,CE_SPREAD,2026-08-11 10:03:00,2026-08-12 10:06:00,1 days 00:03:00,126,78200.0 / 78400.0,1,98.65,200.0,Target Hit (50% Premium Decay),50.3,25.15
SENSEX,CE_SPREAD,2026-08-11 10:09:00,2026-08-12 10:06:00,0 days 23:57:00,124,78200.0 / 78400.0,1,99.3,200.0,Target Hit (50% Premium Decay),50.95,25.48
SENSEX,CE_SPREAD,2026-08-11 10:12:00,2026-08-12 10:45:00,1 days 00:33:00,136,78200.0 / 78400.0,1,93.7,200.0,Target Hit (50% Premium Decay),49.5,24.75
SENSEX,CE_SPREAD,2026-08-11 10:15:00,2026-08-12 10:12:00,0 days 23:57:00,124,78200.0 / 78400.0,1,95.7,200.0,Target Hit (50% Premium Decay),48.05,24.02
SENSEX,CE_SPREAD,2026-08-11 10:21:00,2026-08-12 10:51:00,1 days 00:30:00,135,78100.0 / 78300.0,1,104.2,200.0,Target Hit (50% Premium Decay),52.3,26.15
SENSEX,CE_SPREAD,2026-08-11 10:27:00,2026-08-12 10:12:00,0 days 23:45:00,120,78200.0 / 78400.0,1,95.65,200.0,Target Hit (50% Premium Decay),48.0,24.0
SENSEX,CE_SPREAD,2026-08-11 10:45:00,2026-08-12 10:09:00,0 days 23:24:00,113,78200.0 / 78400.0,1,96.65,200.0,Target Hit (50% Premium Decay),48.6,24.3
SENSEX,CE_SPREAD,2026-08-11 10:48:00,2026-08-12 10:06:00,0 days 23:18:00,111,78200.0 / 78400.0,1,97.95,200.0,Target Hit (50% Premium Decay),49.6,24.8
SENSEX,CE_SPREAD,2026-08-11 11:00:00,2026-08-12 10:45:00,0 days 23:45:00,120,78200.0 / 78400.0,1,93.05,200.0,Target Hit (50% Premium Decay),48.85,24.43
SENSEX,CE_SPREAD,2026-08-11 11:03:00,2026-08-12 10:54:00,0 days 23:51:00,122,78100.0 / 78300.0,1,102.25,200.0,Target Hit (50% Premium Decay),53.15,26.57
SENSEX,CE_SPREAD,2026-08-11 11:06:00,2026-08-12 10:54:00,0 days 23:48:00,121,78100.0 / 78300.0,1,99.75,200.0,Target Hit (50% Premium Decay),50.65,25.32
SENSEX,CE_SPREAD,2026-08-11 11:12:00,2026-08-12 10:54:00,0 days 23:42:00,119,78100.0 / 78300.0,1,103.15,200.0,Target Hit (50% Premium Decay),54.05,27.03
SENSEX,CE_SPREAD,2026-08-11 11:21:00,2026-08-12 10:54:00,0 days 23:33:00,116,78100.0 / 78300.0,1,100.75,200.0,Target Hit (50% Premium Decay),51.65,25.82
SENSEX,CE_SPREAD,2026-08-11 11:24:00,2026-08-12 10:54:00,0 days 23:30:00,115,78100.0 / 78300.0,1,100.3,200.0,Target Hit (50% Premium Decay),51.2,25.6
SENSEX,CE_SPREAD,2026-08-11 11:27:00,2026-08-12 10:54:00,0 days 23:27:00,114,78100.0 / 78300.0,1,99.05,200.0,Target Hit (50% Premium Decay),49.95,24.98
SENSEX,CE_SPREAD,2026-08-11 11:33:00,2026-08-12 10:54:00,0 days 23:21:00,112,78100.0 / 78300.0,1,99.25,200.0,Target Hit (50% Premium Decay),50.15,25.07
SENSEX,CE_SPREAD,2026-08-11 11:36:00,2026-08-12 10:54:00,0 days 23:18:00,111,78100.0 / 78300.0,1,102.1,200.0,Target Hit (50% Premium Decay),53.0,26.5
SENSEX,CE_SPREAD,2026-08-11 11:54:00,2026-08-12 10:54:00,0 days 23:00:00,105,78100.0 / 78300.0,1,100.35,200.0,Target Hit (50% Premium Decay),51.25,25.62
SENSEX,CE_SPREAD,2026-08-11 11:57:00,2026-08-12 10:54:00,0 days 22:57:00,104,78100.0 / 78300.0,1,100.4,200.0,Target Hit (50% Premium Decay),51.3,25.65
SENSEX,CE_SPREAD,2026-08-11 12:03:00,2026-08-12 10:57:00,0 days 22:54:00,103,78100.0 / 78300.0,1,96.7,200.0,Target Hit (50% Premium Decay),54.25,27.13
SENSEX,CE_SPREAD,2026-08-11 12:06:00,2026-08-12 10:54:00,0 days 22:48:00,101,78100.0 / 78300.0,1,99.8,200.0,Target Hit (50% Premium Decay),50.7,25.35
SENSEX,CE_SPREAD,2026-08-11 12:18:00,2026-08-12 10:54:00,0 days 22:36:00,97,78100.0 / 78300.0,1,100.1,200.0,Target Hit (50% Premium Decay),51.0,25.5
SENSEX,CE_SPREAD,2026-08-11 12:24:00,2026-08-12 10:54:00,0 days 22:30:00,95,78100.0 / 78300.0,1,99.9,200.0,Target Hit (50% Premium Decay),50.8,25.4
SENSEX,CE_SPREAD,2026-08-11 12:57:00,2026-08-12 10:54:00,0 days 21:57:00,84,78100.0 / 78300.0,1,100.35,200.0,Target Hit (50% Premium Decay),51.25,25.62
SENSEX,CE_SPREAD,2026-08-11 13:00:00,2026-08-12 10:48:00,0 days 21:48:00,81,78100.0 / 78300.0,1,104.5,200.0,Target Hit (50% Premium Decay),52.4,26.2
SENSEX,CE_SPREAD,2026-08-11 13:18:00,2026-08-12 10:48:00,0 days 21:30:00,75,78100.0 / 78300.0,1,104.55,200.0,Target Hit (50% Premium Decay),52.45,26.22
SENSEX,CE_SPREAD,2026-08-11 13:21:00,2026-08-12 10:54:00,0 days 21:33:00,76,78100.0 / 78300.0,1,103.45,200.0,Target Hit (50% Premium Decay),54.35,27.17
SENSEX,CE_SPREAD,2026-08-11 13:24:00,2026-08-12 10:45:00,0 days 21:21:00,72,78100.0 / 78300.0,1,108.3,200.0,Target Hit (50% Premium Decay),54.35,27.17
SENSEX,CE_SPREAD,2026-08-11 13:39:00,2026-08-12 10:48:00,0 days 21:09:00,68,78100.0 / 78300.0,1,105.8,200.0,Target Hit (50% Premium Decay),53.7,26.85
SENSEX,CE_SPREAD,2026-08-11 13:54:00,2026-08-12 10:54:00,0 days 21:00:00,65,78100.0 / 78300.0,1,102.35,200.0,Target Hit (50% Premium Decay),53.25,26.62
SENSEX,CE_SPREAD,2026-08-11 13:57:00,2026-08-12 10:54:00,0 days 20:57:00,64,78100.0 / 78300.0,1,103.6,200.0,Target Hit (50% Premium Decay),54.5,27.25
SENSEX,CE_SPREAD,2026-08-11 14:00:00,2026-08-12 10:54:00,0 days 20:54:00,63,78100.0 / 78300.0,1,102.0,200.0,Target Hit (50% Premium Decay),52.9,26.45
SENSEX,CE_SPREAD,2026-08-11 14:03:00,2026-08-12 10:54:00,0 days 20:51:00,62,78100.0 / 78300.0,1,102.3,200.0,Target Hit (50% Premium Decay),53.2,26.6
SENSEX,CE_SPREAD,2026-08-11 14:06:00,2026-08-12 10:54:00,0 days 20:48:00,61,78100.0 / 78300.0,1,103.45,200.0,Target Hit (50% Premium Decay),54.35,27.17
SENSEX,CE_SPREAD,2026-08-11 14:21:00,2026-08-12 10:45:00,0 days 20:24:00,53,78200.0 / 78400.0,1,93.65,200.0,Target Hit (50% Premium Decay),49.45,24.73
SENSEX,CE_SPREAD,2026-08-11 14:27:00,2026-08-12 10:45:00,0 days 20:18:00,51,78200.0 / 78400.0,1,93.4,200.0,Target Hit (50% Premium Decay),49.2,24.6
SENSEX,CE_SPREAD,2026-08-11 14:30:00,2026-08-12 10:54:00,0 days 20:24:00,53,78100.0 / 78300.0,1,101.85,200.0,Target Hit (50% Premium Decay),52.75,26.37
SENSEX,CE_SPREAD,2026-08-11 14:33:00,2026-08-12 10:54:00,0 days 20:21:00,52,78100.0 / 78300.0,1,101.65,200.0,Target Hit (50% Premium Decay),52.55,26.28
SENSEX,CE_SPREAD,2026-08-11 14:42:00,2026-08-12 10:51:00,0 days 20:09:00,48,78100.0 / 78300.0,1,104.15,200.0,Target Hit (50% Premium Decay),52.25,26.12
SENSEX,CE_SPREAD,2026-08-11 15:12:00,2026-08-12 10:45:00,0 days 19:33:00,36,78100.0 / 78300.0,1,113.95,200.0,Target Hit (50% Premium Decay),60.0,30.0
SENSEX,CE_SPREAD,2026-08-12 09:18:00,2026-08-12 11:57:00,0 days 02:39:00,53,77900.0 / 78100.0,1,106.85,200.0,Target Hit (50% Premium Decay),54.3,27.15
SENSEX,CE_SPREAD,2026-08-12 09:33:00,2026-08-12 10:57:00,0 days 01:24:00,28,78100.0 / 78300.0,1,93.85,200.0,Target Hit (50% Premium Decay),51.4,25.7
SENSEX,CE_SPREAD,2026-08-12 09:39:00,2026-08-12 10:57:00,0 days 01:18:00,26,78000.0 / 78200.0,1,105.5,200.0,Target Hit (50% Premium Decay),53.0,26.5
SENSEX,CE_SPREAD,2026-08-12 09:45:00,2026-08-12 11:39:00,0 days 01:54:00,38,78000.0 / 78200.0,1,93.4,200.0,Target Hit (50% Premium Decay),48.2,24.1
SENSEX,CE_SPREAD,2026-08-12 09:48:00,2026-08-12 11:57:00,0 days 02:09:00,43,78000.0 / 78200.0,1,88.5,200.0,Target Hit (50% Premium Decay),45.65,22.83
SENSEX,CE_SPREAD,2026-08-12 09:51:00,2026-08-12 11:54:00,0 days 02:03:00,41,77900.0 / 78100.0,1,108.7,200.0,Target Hit (50% Premium Decay),54.55,27.27
SENSEX,CE_SPREAD,2026-08-12 09:57:00,2026-08-13 10:21:00,1 days 00:24:00,133,77900.0 / 78100.0,1,94.2,200.0,Target Hit (50% Premium Decay),48.75,24.37
SENSEX,CE_SPREAD,2026-08-12 10:00:00,2026-08-13 10:21:00,1 days 00:21:00,132,77900.0 / 78100.0,1,91.0,200.0,Target Hit (50% Premium Decay),45.55,22.78
SENSEX,CE_SPREAD,2026-08-12 10:03:00,2026-08-13 10:27:00,1 days 00:24:00,133,77900.0 / 78100.0,1,89.2,200.0,Target Hit (50% Premium Decay),50.45,25.22
SENSEX,CE_SPREAD,2026-08-12 10:06:00,2026-08-13 15:24:00,1 days 05:18:00,231,77800.0 / 78000.0,1,99.05,200.0,SL Hit (50% Premium Appreciation),-59.0,-29.5
SENSEX,CE_SPREAD,2026-08-12 10:09:00,2026-08-13 15:24:00,1 days 05:15:00,230,77800.0 / 78000.0,1,97.95,200.0,SL Hit (50% Premium Appreciation),-60.1,-30.05
SENSEX,CE_SPREAD,2026-08-12 10:15:00,2026-08-13 15:24:00,1 days 05:09:00,228,77800.0 / 78000.0,1,99.9,200.0,SL Hit (50% Premium Appreciation),-58.15,-29.08
SENSEX,CE_SPREAD,2026-08-12 10:21:00,2026-08-13 15:24:00,1 days 05:03:00,226,77800.0 / 78000.0,1,100.65,200.0,SL Hit (50% Premium Appreciation),-57.4,-28.7
SENSEX,CE_SPREAD,2026-08-12 10:30:00,2026-08-13 15:27:00,1 days 04:57:00,224,77800.0 / 78000.0,1,106.7,200.0,SL Hit (50% Premium Appreciation),-92.95,-46.47
SENSEX,CE_SPREAD,2026-08-12 10:42:00,2026-08-13 15:24:00,1 days 04:42:00,219,77800.0 / 78000.0,1,101.25,200.0,SL Hit (50% Premium Appreciation),-56.8,-28.4
SENSEX,CE_SPREAD,2026-08-12 10:48:00,2026-08-13 15:24:00,1 days 04:36:00,217,77800.0 / 78000.0,1,92.95,200.0,SL Hit (50% Premium Appreciation),-65.1,-32.55
SENSEX,CE_SPREAD,2026-08-12 10:51:00,2026-08-13 15:24:00,1 days 04:33:00,216,77800.0 / 78000.0,1,92.55,200.0,SL Hit (50% Premium Appreciation),-65.5,-32.75
SENSEX,CE_SPREAD,2026-08-12 10:54:00,2026-08-13 12:00:00,1 days 01:06:00,147,77800.0 / 78000.0,1,88.5,200.0,SL Hit (50% Premium Appreciation),-46.05,-23.03
SENSEX,CE_SPREAD,2026-08-12 10:57:00,2026-08-12 14:57:00,0 days 04:00:00,80,77800.0 / 78000.0,1,78.55,200.0,SL Hit (50% Premium Appreciation),-41.05,-20.53
SENSEX,CE_SPREAD,2026-08-12 11:00:00,2026-08-12 14:57:00,0 days 03:57:00,79,77700.0 / 77900.0,1,84.75,200.0,SL Hit (50% Premium Appreciation),-45.05,-22.53
SENSEX,CE_SPREAD,2026-08-12 11:03:00,2026-08-12 15:18:00,0 days 04:15:00,85,77600.0 / 77800.0,1,98.55,200.0,SL Hit (50% Premium Appreciation),-52.25,-26.13
SENSEX,CE_SPREAD,2026-08-12 11:06:00,2026-08-12 15:18:00,0 days 04:12:00,84,77600.0 / 77800.0,1,98.5,200.0,SL Hit (50% Premium Appreciation),-52.3,-26.15
SENSEX,CE_SPREAD,2026-08-12 11:15:00,2026-08-13 11:57:00,1 days 00:42:00,139,77600.0 / 77800.0,1,101.05,200.0,SL Hit (50% Premium Appreciation),-65.85,-32.92
SENSEX,CE_SPREAD,2026-08-12 11:18:00,2026-08-13 11:57:00,1 days 00:39:00,138,77600.0 / 77800.0,1,103.75,200.0,SL Hit (50% Premium Appreciation),-63.15,-31.58
SENSEX,CE_SPREAD,2026-08-12 11:27:00,2026-08-12 15:18:00,0 days 03:51:00,77,77600.0 / 77800.0,1,100.05,200.0,SL Hit (50% Premium Appreciation),-50.75,-25.37
SENSEX,CE_SPREAD,2026-08-12 11:30:00,2026-08-13 11:57:00,1 days 00:27:00,134,77600.0 / 77800.0,1,100.6,200.0,SL Hit (50% Premium Appreciation),-66.3,-33.15
SENSEX,CE_SPREAD,2026-08-12 11:33:00,2026-08-13 11:57:00,1 days 00:24:00,133,77600.0 / 77800.0,1,100.65,200.0,SL Hit (50% Premium Appreciation),-66.25,-33.12
SENSEX,CE_SPREAD,2026-08-12 11:39:00,2026-08-12 15:15:00,0 days 03:36:00,72,77600.0 / 77800.0,1,96.75,200.0,SL Hit (50% Premium Appreciation),-49.05,-24.52
SENSEX,CE_SPREAD,2026-08-12 11:42:00,2026-08-12 15:18:00,0 days 03:36:00,72,77600.0 / 77800.0,1,97.9,200.0,SL Hit (50% Premium Appreciation),-52.9,-26.45
SENSEX,CE_SPREAD,2026-08-12 11:48:00,2026-08-12 15:15:00,0 days 03:27:00,69,77600.0 / 77800.0,1,96.8,200.0,SL Hit (50% Premium Appreciation),-49.0,-24.5
SENSEX,CE_SPREAD,2026-08-12 11:51:00,2026-08-12 15:15:00,0 days 03:24:00,68,77600.0 / 77800.0,1,96.5,200.0,SL Hit (50% Premium Appreciation),-49.3,-24.65
SENSEX,CE_SPREAD,2026-08-12 11:54:00,2026-08-12 15:15:00,0 days 03:21:00,67,77600.0 / 77800.0,1,96.45,200.0,SL Hit (50% Premium Appreciation),-49.35,-24.67
SENSEX,CE_SPREAD,2026-08-12 11:57:00,2026-08-12 14:57:00,0 days 03:00:00,60,77600.0 / 77800.0,1,94.3,200.0,SL Hit (50% Premium Appreciation),-48.2,-24.1
SENSEX,CE_SPREAD,2026-08-12 12:00:00,2026-08-12 15:27:00,0 days 03:27:00,69,77500.0 / 77700.0,1,108.85,200.0,SL Hit (50% Premium Appreciation),-57.25,-28.62
SENSEX,CE_SPREAD,2026-08-12 12:03:00,2026-08-12 15:18:00,0 days 03:15:00,65,77500.0 / 77700.0,1,108.15,200.0,SL Hit (50% Premium Appreciation),-54.45,-27.23
SENSEX,CE_SPREAD,2026-08-12 12:06:00,2026-08-12 15:18:00,0 days 03:12:00,64,77500.0 / 77700.0,1,107.65,200.0,SL Hit (50% Premium Appreciation),-54.95,-27.48
SENSEX,CE_SPREAD,2026-08-12 12:12:00,2026-08-12 15:12:00,0 days 03:00:00,60,77500.0 / 77700.0,1,105.35,200.0,SL Hit (50% Premium Appreciation),-53.45,-26.73
SENSEX,CE_SPREAD,2026-08-12 12:15:00,2026-08-12 15:18:00,0 days 03:03:00,61,77500.0 / 77700.0,1,107.65,200.0,SL Hit (50% Premium Appreciation),-54.95,-27.48
SENSEX,CE_SPREAD,2026-08-12 12:21:00,2026-08-12 15:18:00,0 days 02:57:00,59,77500.0 / 77700.0,1,106.55,200.0,SL Hit (50% Premium Appreciation),-56.05,-28.03
SENSEX,CE_SPREAD,2026-08-12 12:57:00,2026-08-12 15:12:00,0 days 02:15:00,45,77500.0 / 77700.0,1,105.35,200.0,SL Hit (50% Premium Appreciation),-53.45,-26.73
SENSEX,CE_SPREAD,2026-08-12 13:00:00,2026-08-12 15:18:00,0 days 02:18:00,46,77500.0 / 77700.0,1,107.85,200.0,SL Hit (50% Premium Appreciation),-54.75,-27.38
SENSEX,CE_SPREAD,2026-08-12 13:06:00,2026-08-12 14:54:00,0 days 01:48:00,36,77600.0 / 77800.0,1,91.0,200.0,SL Hit (50% Premium Appreciation),-48.55,-24.28
SENSEX,CE_SPREAD,2026-08-12 13:09:00,2026-08-12 14:54:00,0 days 01:45:00,35,77600.0 / 77800.0,1,92.45,200.0,SL Hit (50% Premium Appreciation),-47.1,-23.55
SENSEX,CE_SPREAD,2026-08-12 13:45:00,2026-08-12 14:57:00,0 days 01:12:00,24,77600.0 / 77800.0,1,93.15,200.0,SL Hit (50% Premium Appreciation),-49.35,-24.68
SENSEX,CE_SPREAD,2026-08-12 13:48:00,2026-08-12 14:57:00,0 days 01:09:00,23,77600.0 / 77800.0,1,94.1,200.0,SL Hit (50% Premium Appreciation),-48.4,-24.2
SENSEX,CE_SPREAD,2026-08-12 13:54:00,2026-08-12 14:54:00,0 days 01:00:00,20,77600.0 / 77800.0,1,92.45,200.0,SL Hit (50% Premium Appreciation),-47.1,-23.55
SENSEX,CE_SPREAD,2026-08-12 13:57:00,2026-08-12 14:54:00,0 days 00:57:00,19,77600.0 / 77800.0,1,90.9,200.0,SL Hit (50% Premium Appreciation),-48.65,-24.33
SENSEX,CE_SPREAD,2026-08-12 14:00:00,2026-08-12 14:54:00,0 days 00:54:00,18,77600.0 / 77800.0,1,91.2,200.0,SL Hit (50% Premium Appreciation),-48.35,-24.18
SENSEX,CE_SPREAD,2026-08-12 14:06:00,2026-08-12 14:54:00,0 days 00:48:00,16,77600.0 / 77800.0,1,91.5,200.0,SL Hit (50% Premium Appreciation),-48.05,-24.03
SENSEX,CE_SPREAD,2026-08-12 14:15:00,2026-08-12 15:09:00,0 days 00:54:00,18,77600.0 / 77800.0,1,95.15,200.0,SL Hit (50% Premium Appreciation),-49.45,-24.73
SENSEX,PE_SPREAD,2026-08-13 09:21:00,2026-08-13 11:57:00,0 days 02:36:00,52,77800.0 / 77600.0,1,79.7,200.0,Target Hit (50% Premium Decay),46.05,23.03
SENSEX,PE_SPREAD,2026-08-13 09:30:00,2026-08-13 11:57:00,0 days 02:27:00,49,77800.0 / 77600.0,1,85.5,200.0,Target Hit (50% Premium Decay),51.85,25.92
SENSEX,PE_SPREAD,2026-08-13 09:36:00,2026-08-13 11:57:00,0 days 02:21:00,47,77700.0 / 77500.0,1,58.1,200.0,Target Hit (50% Premium Decay),38.55,19.27
SENSEX,PE_SPREAD,2026-08-13 09:39:00,2026-08-13 11:57:00,0 days 02:18:00,46,77800.0 / 77600.0,1,78.25,200.0,Target Hit (50% Premium Decay),44.6,22.3
SENSEX,PE_SPREAD,2026-08-13 09:42:00,2026-08-13 11:57:00,0 days 02:15:00,45,77800.0 / 77600.0,1,75.35,200.0,Target Hit (50% Premium Decay),41.7,20.85
SENSEX,PE_SPREAD,2026-08-13 09:45:00,2026-08-13 11:57:00,0 days 02:12:00,44,77800.0 / 77600.0,1,77.5,200.0,Target Hit (50% Premium Decay),43.85,21.92
SENSEX,PE_SPREAD,2026-08-13 09:51:00,2026-08-13 11:57:00,0 days 02:06:00,42,77800.0 / 77600.0,1,69.95,200.0,Target Hit (50% Premium Decay),36.3,18.15
SENSEX,PE_SPREAD,2026-08-13 10:00:00,2026-08-13 11:57:00,0 days 01:57:00,39,77800.0 / 77600.0,1,70.45,200.0,Target Hit (50% Premium Decay),36.8,18.4
SENSEX,PE_SPREAD,2026-08-13 10:06:00,2026-08-13 11:57:00,0 days 01:51:00,37,77800.0 / 77600.0,1,74.1,200.0,Target Hit (50% Premium Decay),40.45,20.23
SENSEX,PE_SPREAD,2026-08-13 10:15:00,2026-08-13 11:57:00,0 days 01:42:00,34,77800.0 / 77600.0,1,78.0,200.0,Target Hit (50% Premium Decay),44.35,22.17
SENSEX,PE_SPREAD,2026-08-13 10:27:00,2026-08-13 11:51:00,0 days 01:24:00,28,77700.0 / 77500.0,1,68.1,200.0,Target Hit (50% Premium Decay),36.7,18.35
SENSEX,PE_SPREAD,2026-08-13 10:36:00,2026-08-13 11:51:00,0 days 01:15:00,25,77700.0 / 77500.0,1,64.75,200.0,Target Hit (50% Premium Decay),33.35,16.67
SENSEX,PE_SPREAD,2026-08-13 10:39:00,2026-08-13 11:54:00,0 days 01:15:00,25,77700.0 / 77500.0,1,60.25,200.0,Target Hit (50% Premium Decay),30.6,15.3
SENSEX,PE_SPREAD,2026-08-13 10:45:00,2026-08-13 11:57:00,0 days 01:12:00,24,77800.0 / 77600.0,1,76.35,200.0,Target Hit (50% Premium Decay),42.7,21.35
SENSEX,PE_SPREAD,2026-08-13 10:51:00,2026-08-13 11:57:00,0 days 01:06:00,22,77800.0 / 77600.0,1,72.3,200.0,Target Hit (50% Premium Decay),38.65,19.33
SENSEX,CE_SPREAD,2026-08-13 11:03:00,2026-08-13 11:57:00,0 days 00:54:00,18,77700.0 / 77900.0,1,85.2,200.0,SL Hit (50% Premium Appreciation),-60.1,-30.05
SENSEX,CE_SPREAD,2026-08-13 11:06:00,2026-08-13 11:57:00,0 days 00:51:00,17,77700.0 / 77900.0,1,84.4,200.0,SL Hit (50% Premium Appreciation),-60.9,-30.45
SENSEX,CE_SPREAD,2026-08-13 11:09:00,2026-08-13 11:57:00,0 days 00:48:00,16,77700.0 / 77900.0,1,81.8,200.0,SL Hit (50% Premium Appreciation),-63.5,-31.75
SENSEX,CE_SPREAD,2026-08-13 11:15:00,2026-08-13 11:57:00,0 days 00:42:00,14,77700.0 / 77900.0,1,81.4,200.0,SL Hit (50% Premium Appreciation),-63.9,-31.95
SENSEX,PE_SPREAD,2026-08-13 11:18:00,2026-08-13 11:57:00,0 days 00:39:00,13,77700.0 / 77500.0,1,58.55,200.0,Target Hit (50% Premium Decay),39.0,19.5
SENSEX,PE_SPREAD,2026-08-13 11:21:00,2026-08-13 11:57:00,0 days 00:36:00,12,77700.0 / 77500.0,1,58.55,200.0,Target Hit (50% Premium Decay),39.0,19.5
SENSEX,PE_SPREAD,2026-08-13 11:24:00,2026-08-13 11:57:00,0 days 00:33:00,11,77700.0 / 77500.0,1,53.45,200.0,Target Hit (50% Premium Decay),33.9,16.95
SENSEX,PE_SPREAD,2026-08-13 11:27:00,2026-08-13 11:57:00,0 days 00:30:00,10,77800.0 / 77600.0,1,72.9,200.0,Target Hit (50% Premium Decay),39.25,19.62
SENSEX,PE_SPREAD,2026-08-13 11:57:00,2026-08-13 15:24:00,0 days 03:27:00,69,77900.0 / 77700.0,1,55.15,200.0,Target Hit (50% Premium Decay),51.6,25.8
SENSEX,PE_SPREAD,2026-08-13 12:24:00,2026-08-13 13:27:00,0 days 01:03:00,21,78000.0 / 77800.0,1,71.5,200.0,SL Hit (50% Premium Appreciation),-40.05,-20.03
SENSEX,PE_SPREAD,2026-08-13 12:33:00,2026-08-13 13:21:00,0 days 00:48:00,16,78000.0 / 77800.0,1,70.4,200.0,SL Hit (50% Premium Appreciation),-35.25,-17.62
SENSEX,PE_SPREAD,2026-08-13 12:42:00,2026-08-13 13:27:00,0 days 00:45:00,15,78000.0 / 77800.0,1,73.9,200.0,SL Hit (50% Premium Appreciation),-37.65,-18.83
SENSEX,PE_SPREAD,2026-08-13 12:45:00,2026-08-13 15:09:00,0 days 02:24:00,48,78000.0 / 77800.0,1,83.0,200.0,SL Hit (50% Premium Appreciation),-51.95,-25.97
SENSEX,PE_SPREAD,2026-08-13 12:57:00,2026-08-13 15:24:00,0 days 02:27:00,49,77900.0 / 77700.0,1,57.9,200.0,Target Hit (50% Premium Decay),54.35,27.18
SENSEX,PE_SPREAD,2026-08-13 13:00:00,2026-08-13 15:24:00,0 days 02:24:00,48,77900.0 / 77700.0,1,57.25,200.0,Target Hit (50% Premium Decay),53.7,26.85
SENSEX,PE_SPREAD,2026-08-13 13:03:00,2026-08-13 15:24:00,0 days 02:21:00,47,77900.0 / 77700.0,1,61.75,200.0,Target Hit (50% Premium Decay),58.2,29.1
SENSEX,PE_SPREAD,2026-08-13 13:12:00,2026-08-13 15:24:00,0 days 02:12:00,44,77900.0 / 77700.0,1,58.95,200.0,Target Hit (50% Premium Decay),55.4,27.7
SENSEX,PE_SPREAD,2026-08-13 13:18:00,2026-08-13 15:24:00,0 days 02:06:00,42,77900.0 / 77700.0,1,62.35,200.0,Target Hit (50% Premium Decay),58.8,29.4
SENSEX,PE_SPREAD,2026-08-13 13:24:00,2026-08-13 13:57:00,0 days 00:33:00,11,77900.0 / 77700.0,1,68.0,200.0,Target Hit (50% Premium Decay),34.25,17.12
SENSEX,PE_SPREAD,2026-08-13 13:30:00,2026-08-13 13:54:00,0 days 00:24:00,8,77900.0 / 77700.0,1,68.45,200.0,Target Hit (50% Premium Decay),34.3,17.15
SENSEX,PE_SPREAD,2026-08-13 13:33:00,2026-08-13 13:57:00,0 days 00:24:00,8,77900.0 / 77700.0,1,67.9,200.0,Target Hit (50% Premium Decay),34.15,17.07
SENSEX,PE_SPREAD,2026-08-13 13:39:00,2026-08-13 15:24:00,0 days 01:45:00,35,77900.0 / 77700.0,1,54.8,200.0,Target Hit (50% Premium Decay),51.25,25.63
SENSEX,PE_SPREAD,2026-08-13 13:42:00,2026-08-13 14:12:00,0 days 00:30:00,10,77900.0 / 77700.0,1,44.85,200.0,SL Hit (50% Premium Appreciation),-24.35,-12.18
SENSEX,PE_SPREAD,2026-08-13 13:54:00,2026-08-13 14:06:00,0 days 00:12:00,4,77900.0 / 77700.0,1,34.15,200.0,SL Hit (50% Premium Appreciation),-29.45,-14.73
SENSEX,PE_SPREAD,2026-08-13 13:57:00,2026-08-13 14:06:00,0 days 00:09:00,3,78000.0 / 77800.0,1,65.55,200.0,SL Hit (50% Premium Appreciation),-39.7,-19.85
SENSEX,PE_SPREAD,2026-08-13 14:06:00,2026-08-13 15:24:00,0 days 01:18:00,26,77900.0 / 77700.0,1,63.6,200.0,Target Hit (50% Premium Decay),60.05,30.02
SENSEX,PE_SPREAD,2026-08-13 14:15:00,2026-08-13 15:24:00,0 days 01:09:00,23,77900.0 / 77700.0,1,67.75,200.0,Target Hit (50% Premium Decay),64.2,32.1
SENSEX,PE_SPREAD,2026-08-13 14:21:00,2026-08-13 15:09:00,0 days 00:48:00,16,77900.0 / 77700.0,1,51.55,200.0,SL Hit (50% Premium Appreciation),-29.5,-14.75
SENSEX,PE_SPREAD,2026-08-13 14:24:00,2026-08-13 15:00:00,0 days 00:36:00,12,77900.0 / 77700.0,1,48.1,200.0,SL Hit (50% Premium Appreciation),-25.1,-12.55
SENSEX,PE_SPREAD,2026-08-13 14:27:00,2026-08-13 14:45:00,0 days 00:18:00,6,77900.0 / 77700.0,1,44.25,200.0,SL Hit (50% Premium Appreciation),-22.85,-11.43
SENSEX,PE_SPREAD,2026-08-13 14:36:00,2026-08-13 15:09:00,0 days 00:33:00,11,77900.0 / 77700.0,1,51.95,200.0,SL Hit (50% Premium Appreciation),-29.1,-14.55
SENSEX,PE_SPREAD,2026-08-13 14:42:00,2026-08-13 15:24:00,0 days 00:42:00,14,77900.0 / 77700.0,1,55.05,200.0,Target Hit (50% Premium Decay),51.5,25.75
SENSEX,PE_SPREAD,2026-08-13 14:51:00,2026-08-13 15:21:00,0 days 00:30:00,10,77800.0 / 77600.0,1,33.35,200.0,Target Hit (50% Premium Decay),26.55,13.28
SENSEX,PE_SPREAD,2026-08-13 15:03:00,2026-08-13 15:09:00,0 days 00:06:00,2,77900.0 / 77700.0,1,49.85,200.0,SL Hit (50% Premium Appreciation),-31.2,-15.6
SENSEX,PE_SPREAD,2026-08-13 15:09:00,2026-08-13 15:21:00,0 days 00:12:00,4,77800.0 / 77600.0,1,34.5,200.0,Target Hit (50% Premium Decay),27.7,13.85
SENSEX,PE_SPREAD,2026-08-13 15:15:00,2026-08-13 15:24:00,0 days 00:09:00,3,77900.0 / 77700.0,1,71.7,200.0,Target Hit (50% Premium Decay),68.15,34.08
