Symbol,Type,Entry Time,Exit Time,Lot Size,Net Credit (₹),Exit Reason,PnL (₹)
NIFTY,PE_SPREAD,2026-07-17 10:00:00,2026-07-20 13:57:00,1,36.65,Target Hit (50% Premium Decay),18.95
NIFTY,PE_SPREAD,2026-07-17 10:06:00,2026-07-20 13:45:00,1,29.4,Target Hit (50% Premium Decay),16.0
NIFTY,PE_SPREAD,2026-07-17 10:09:00,2026-07-20 14:00:00,1,35.1,Target Hit (50% Premium Decay),17.55
NIFTY,PE_SPREAD,2026-07-17 10:39:00,2026-07-21 09:15:00,1,30.45,Target Hit (50% Premium Decay),17.05
NIFTY,PE_SPREAD,2026-07-17 10:42:00,2026-07-20 15:27:00,1,32.0,Target Hit (50% Premium Decay),16.1
NIFTY,PE_SPREAD,2026-07-17 11:06:00,2026-07-20 14:03:00,1,33.9,Target Hit (50% Premium Decay),17.25
NIFTY,PE_SPREAD,2026-07-17 11:36:00,2026-07-20 15:27:00,1,32.8,Target Hit (50% Premium Decay),16.9
NIFTY,PE_SPREAD,2026-07-17 11:39:00,2026-07-21 09:15:00,1,31.65,Target Hit (50% Premium Decay),18.25
NIFTY,PE_SPREAD,2026-07-17 11:42:00,2026-07-21 09:15:00,1,31.65,Target Hit (50% Premium Decay),18.25
NIFTY,PE_SPREAD,2026-07-17 12:06:00,2026-07-21 09:15:00,1,31.6,Target Hit (50% Premium Decay),18.2
NIFTY,PE_SPREAD,2026-07-17 12:12:00,2026-07-21 09:15:00,1,30.95,Target Hit (50% Premium Decay),17.55
NIFTY,PE_SPREAD,2026-07-17 12:15:00,2026-07-21 15:00:00,1,37.35,Target Hit (50% Premium Decay),26.0
NIFTY,PE_SPREAD,2026-07-17 12:18:00,2026-07-21 09:15:00,1,30.75,Target Hit (50% Premium Decay),17.35
NIFTY,PE_SPREAD,2026-07-17 12:21:00,2026-07-20 12:45:00,1,36.5,SL Hit (50% Premium Appreciation),-19.3
NIFTY,PE_SPREAD,2026-07-17 12:24:00,2026-07-20 12:45:00,1,36.5,SL Hit (50% Premium Appreciation),-19.3
NIFTY,PE_SPREAD,2026-07-17 12:30:00,2026-07-20 12:45:00,1,36.6,SL Hit (50% Premium Appreciation),-19.2
NIFTY,PE_SPREAD,2026-07-17 12:36:00,2026-07-20 12:45:00,1,36.6,SL Hit (50% Premium Appreciation),-19.2
NIFTY,PE_SPREAD,2026-07-17 12:39:00,2026-07-21 15:00:00,1,37.25,Target Hit (50% Premium Decay),25.9
NIFTY,PE_SPREAD,2026-07-17 12:45:00,2026-07-20 12:45:00,1,36.1,SL Hit (50% Premium Appreciation),-19.7
NIFTY,PE_SPREAD,2026-07-17 12:48:00,2026-07-20 12:45:00,1,36.15,SL Hit (50% Premium Appreciation),-19.65
NIFTY,PE_SPREAD,2026-07-17 13:00:00,2026-07-20 12:45:00,1,35.9,SL Hit (50% Premium Appreciation),-19.9
NIFTY,PE_SPREAD,2026-07-17 13:06:00,2026-07-20 12:45:00,1,35.9,SL Hit (50% Premium Appreciation),-19.9
NIFTY,PE_SPREAD,2026-07-17 13:09:00,2026-07-20 12:45:00,1,36.0,SL Hit (50% Premium Appreciation),-19.8
NIFTY,PE_SPREAD,2026-07-17 13:12:00,2026-07-20 12:45:00,1,36.0,SL Hit (50% Premium Appreciation),-19.8
NIFTY,PE_SPREAD,2026-07-17 13:15:00,2026-07-20 12:45:00,1,37.05,SL Hit (50% Premium Appreciation),-18.75
NIFTY,PE_SPREAD,2026-07-17 14:00:00,2026-07-20 14:03:00,1,34.25,Target Hit (50% Premium Decay),17.6
NIFTY,PE_SPREAD,2026-07-17 14:06:00,2026-07-20 14:03:00,1,33.45,Target Hit (50% Premium Decay),16.8
NIFTY,PE_SPREAD,2026-07-17 14:09:00,2026-07-21 09:15:00,1,31.5,Target Hit (50% Premium Decay),18.1
NIFTY,PE_SPREAD,2026-07-17 14:12:00,2026-07-20 12:45:00,1,29.35,SL Hit (50% Premium Appreciation),-15.65
NIFTY,PE_SPREAD,2026-07-17 14:33:00,2026-07-20 09:30:00,1,31.4,SL Hit (50% Premium Appreciation),-16.45
NIFTY,PE_SPREAD,2026-07-17 14:39:00,2026-07-20 09:27:00,1,30.0,SL Hit (50% Premium Appreciation),-15.25
NIFTY,PE_SPREAD,2026-07-17 14:42:00,2026-07-20 09:27:00,1,29.45,SL Hit (50% Premium Appreciation),-15.8
NIFTY,PE_SPREAD,2026-07-17 15:03:00,2026-07-20 09:18:00,1,28.5,SL Hit (50% Premium Appreciation),-15.55
NIFTY,PE_SPREAD,2026-07-17 15:06:00,2026-07-20 09:18:00,1,34.55,SL Hit (50% Premium Appreciation),-17.55
NIFTY,PE_SPREAD,2026-07-17 15:18:00,2026-07-20 09:27:00,1,35.4,SL Hit (50% Premium Appreciation),-18.8
NIFTY,PE_SPREAD,2026-07-17 15:21:00,2026-07-20 09:18:00,1,33.4,SL Hit (50% Premium Appreciation),-18.7
NIFTY,PE_SPREAD,2026-07-17 15:24:00,2026-07-20 09:18:00,1,32.9,SL Hit (50% Premium Appreciation),-19.2
NIFTY,CE_SPREAD,2026-07-20 10:36:00,2026-07-21 09:45:00,1,23.45,Target Hit (50% Premium Decay),11.95
NIFTY,CE_SPREAD,2026-07-20 10:39:00,2026-07-21 09:54:00,1,22.8,Target Hit (50% Premium Decay),11.75
NIFTY,CE_SPREAD,2026-07-20 10:42:00,2026-07-21 09:45:00,1,23.2,Target Hit (50% Premium Decay),11.7
NIFTY,CE_SPREAD,2026-07-20 10:54:00,2026-07-21 09:45:00,1,23.7,Target Hit (50% Premium Decay),12.2
NIFTY,CE_SPREAD,2026-07-20 11:03:00,2026-07-21 09:54:00,1,22.6,Target Hit (50% Premium Decay),11.55
NIFTY,CE_SPREAD,2026-07-20 11:06:00,2026-07-20 12:45:00,1,26.1,Target Hit (50% Premium Decay),13.95
NIFTY,CE_SPREAD,2026-07-20 11:12:00,2026-07-21 09:54:00,1,22.5,Target Hit (50% Premium Decay),11.45
NIFTY,CE_SPREAD,2026-07-20 11:15:00,2026-07-21 09:54:00,1,23.0,Target Hit (50% Premium Decay),11.95
NIFTY,CE_SPREAD,2026-07-20 11:24:00,2026-07-21 09:54:00,1,22.65,Target Hit (50% Premium Decay),11.6
NIFTY,CE_SPREAD,2026-07-20 11:30:00,2026-07-20 13:57:00,1,21.2,SL Hit (50% Premium Appreciation),-11.65
NIFTY,CE_SPREAD,2026-07-20 11:39:00,2026-07-20 13:45:00,1,20.75,SL Hit (50% Premium Appreciation),-11.05
NIFTY,CE_SPREAD,2026-07-20 11:42:00,2026-07-20 13:24:00,1,19.25,SL Hit (50% Premium Appreciation),-10.0
NIFTY,CE_SPREAD,2026-07-20 11:45:00,2026-07-20 13:21:00,1,18.8,SL Hit (50% Premium Appreciation),-9.6
NIFTY,CE_SPREAD,2026-07-20 12:15:00,2026-07-20 13:24:00,1,19.15,SL Hit (50% Premium Appreciation),-10.1
NIFTY,CE_SPREAD,2026-07-20 12:24:00,2026-07-20 13:12:00,1,16.45,SL Hit (50% Premium Appreciation),-8.9
NIFTY,CE_SPREAD,2026-07-20 12:36:00,2026-07-20 13:12:00,1,21.6,SL Hit (50% Premium Appreciation),-12.95
NIFTY,CE_SPREAD,2026-07-20 12:45:00,2026-07-20 13:12:00,1,18.0,SL Hit (50% Premium Appreciation),-16.55
NIFTY,CE_SPREAD,2026-07-20 12:54:00,2026-07-20 13:12:00,1,22.65,SL Hit (50% Premium Appreciation),-11.9
NIFTY,CE_SPREAD,2026-07-20 13:45:00,2026-07-21 09:15:00,1,22.65,Target Hit (50% Premium Decay),12.9
NIFTY,CE_SPREAD,2026-07-20 13:54:00,2026-07-21 09:15:00,1,21.9,Target Hit (50% Premium Decay),12.15
NIFTY,PE_SPREAD,2026-07-20 14:12:00,2026-07-21 13:36:00,1,18.7,Target Hit (50% Premium Decay),9.35
NIFTY,PE_SPREAD,2026-07-20 14:21:00,2026-07-21 13:39:00,1,17.2,Target Hit (50% Premium Decay),8.85
NIFTY,PE_SPREAD,2026-07-20 14:24:00,2026-07-21 13:39:00,1,17.65,Target Hit (50% Premium Decay),9.3
NIFTY,PE_SPREAD,2026-07-20 14:27:00,2026-07-21 13:39:00,1,17.4,Target Hit (50% Premium Decay),9.05
NIFTY,PE_SPREAD,2026-07-20 14:30:00,2026-07-21 13:39:00,1,18.45,Target Hit (50% Premium Decay),10.1
NIFTY,PE_SPREAD,2026-07-20 14:54:00,2026-07-21 13:33:00,1,19.5,Target Hit (50% Premium Decay),9.75
NIFTY,PE_SPREAD,2026-07-20 15:15:00,2026-07-21 13:36:00,1,19.0,Target Hit (50% Premium Decay),9.65
NIFTY,PE_SPREAD,2026-07-20 15:18:00,2026-07-21 13:39:00,1,18.35,Target Hit (50% Premium Decay),10.0
NIFTY,PE_SPREAD,2026-07-20 15:21:00,2026-07-21 13:39:00,1,17.5,Target Hit (50% Premium Decay),9.15
NIFTY,PE_SPREAD,2026-07-20 15:24:00,2026-07-21 13:39:00,1,17.45,Target Hit (50% Premium Decay),9.1
NIFTY,PE_SPREAD,2026-07-21 09:21:00,2026-07-21 10:21:00,1,11.0,SL Hit (50% Premium Appreciation),-8.1
NIFTY,PE_SPREAD,2026-07-21 09:27:00,2026-07-21 10:15:00,1,10.0,SL Hit (50% Premium Appreciation),-5.1
NIFTY,PE_SPREAD,2026-07-21 09:45:00,2026-07-21 10:36:00,1,13.35,SL Hit (50% Premium Appreciation),-11.0
NIFTY,PE_SPREAD,2026-07-21 09:54:00,2026-07-21 10:21:00,1,11.65,SL Hit (50% Premium Appreciation),-7.45
NIFTY,CE_SPREAD,2026-07-21 11:18:00,2026-07-21 12:45:00,1,4.25,Target Hit (50% Premium Decay),2.25
NIFTY,CE_SPREAD,2026-07-21 11:21:00,2026-07-21 12:51:00,1,3.8,Target Hit (50% Premium Decay),2.1
NIFTY,CE_SPREAD,2026-07-21 11:24:00,2026-07-21 12:51:00,1,3.75,Target Hit (50% Premium Decay),2.05
NIFTY,CE_SPREAD,2026-07-21 11:27:00,2026-07-21 12:57:00,1,3.35,Target Hit (50% Premium Decay),2.0
NIFTY,CE_SPREAD,2026-07-21 11:39:00,2026-07-21 12:57:00,1,3.1,Target Hit (50% Premium Decay),1.75
NIFTY,CE_SPREAD,2026-07-21 12:00:00,2026-07-21 12:54:00,1,8.3,Target Hit (50% Premium Decay),4.35
NIFTY,CE_SPREAD,2026-07-21 12:15:00,2026-07-21 12:57:00,1,6.8,Target Hit (50% Premium Decay),3.9
NIFTY,CE_SPREAD,2026-07-21 12:18:00,2026-07-21 12:54:00,1,8.25,Target Hit (50% Premium Decay),4.3
NIFTY,CE_SPREAD,2026-07-21 12:30:00,2026-07-21 12:57:00,1,7.3,Target Hit (50% Premium Decay),4.4
NIFTY,CE_SPREAD,2026-07-21 12:42:00,2026-07-21 13:12:00,1,2.15,Target Hit (50% Premium Decay),1.1
NIFTY,CE_SPREAD,2026-07-21 12:45:00,2026-07-21 13:15:00,1,2.0,Target Hit (50% Premium Decay),1.1
NIFTY,CE_SPREAD,2026-07-21 12:48:00,2026-07-21 13:15:00,1,5.2,Target Hit (50% Premium Decay),2.6
NIFTY,CE_SPREAD,2026-07-21 12:54:00,2026-07-21 13:54:00,1,3.95,Target Hit (50% Premium Decay),2.2
NIFTY,CE_SPREAD,2026-07-21 13:00:00,2026-07-21 13:27:00,1,2.8,SL Hit (50% Premium Appreciation),-2.45
NIFTY,CE_SPREAD,2026-07-21 13:12:00,2026-07-21 13:27:00,1,2.7,SL Hit (50% Premium Appreciation),-2.55
NIFTY,CE_SPREAD,2026-07-21 13:15:00,2026-07-21 13:27:00,1,2.6,SL Hit (50% Premium Appreciation),-2.65
NIFTY,CE_SPREAD,2026-07-21 13:54:00,2026-07-21 14:27:00,1,0.45,Target Hit (50% Premium Decay),0.25
NIFTY,CE_SPREAD,2026-07-21 13:57:00,2026-07-21 14:03:00,1,1.4,SL Hit (50% Premium Appreciation),-0.75
NIFTY,CE_SPREAD,2026-07-21 14:03:00,2026-07-21 14:06:00,1,0.55,Target Hit (50% Premium Decay),0.3
NIFTY,CE_SPREAD,2026-07-21 14:09:00,2026-07-21 14:21:00,1,1.1,SL Hit (50% Premium Appreciation),-0.7
NIFTY,CE_SPREAD,2026-07-21 14:15:00,2026-07-21 14:18:00,1,0.9,SL Hit (50% Premium Appreciation),-0.6
NIFTY,CE_SPREAD,2026-07-21 14:18:00,2026-07-21 14:36:00,1,1.5,Target Hit (50% Premium Decay),0.95
NIFTY,CE_SPREAD,2026-07-21 14:30:00,2026-07-21 14:36:00,1,1.15,Target Hit (50% Premium Decay),0.6
NIFTY,CE_SPREAD,2026-07-21 14:39:00,2026-07-21 14:54:00,1,0.7,SL Hit (50% Premium Appreciation),-0.8
NIFTY,CE_SPREAD,2026-07-21 14:48:00,2026-07-21 14:54:00,1,0.95,SL Hit (50% Premium Appreciation),-0.55
NIFTY,CE_SPREAD,2026-07-22 10:15:00,2026-07-23 12:30:00,1,31.6,Target Hit (50% Premium Decay),16.35
NIFTY,CE_SPREAD,2026-07-22 10:18:00,2026-07-23 12:39:00,1,36.55,Target Hit (50% Premium Decay),19.2
NIFTY,CE_SPREAD,2026-07-22 10:33:00,2026-07-23 12:39:00,1,34.85,Target Hit (50% Premium Decay),17.5
NIFTY,CE_SPREAD,2026-07-22 10:39:00,2026-07-23 12:42:00,1,34.4,Target Hit (50% Premium Decay),18.25
NIFTY,CE_SPREAD,2026-07-22 11:15:00,2026-07-23 12:39:00,1,36.85,Target Hit (50% Premium Decay),19.5
NIFTY,CE_SPREAD,2026-07-22 11:54:00,2026-07-23 12:30:00,1,31.4,Target Hit (50% Premium Decay),16.15
NIFTY,CE_SPREAD,2026-07-22 13:06:00,2026-07-23 12:42:00,1,33.05,Target Hit (50% Premium Decay),16.9
NIFTY,CE_SPREAD,2026-07-22 13:09:00,2026-07-23 13:06:00,1,31.65,Target Hit (50% Premium Decay),16.6
NIFTY,CE_SPREAD,2026-07-22 13:12:00,2026-07-23 13:03:00,1,32.25,Target Hit (50% Premium Decay),16.35
NIFTY,CE_SPREAD,2026-07-22 13:24:00,2026-07-23 13:06:00,1,31.75,Target Hit (50% Premium Decay),16.7
NIFTY,CE_SPREAD,2026-07-22 13:30:00,2026-07-23 12:42:00,1,33.35,Target Hit (50% Premium Decay),17.2
NIFTY,CE_SPREAD,2026-07-22 13:42:00,2026-07-23 12:42:00,1,33.8,Target Hit (50% Premium Decay),17.65
NIFTY,CE_SPREAD,2026-07-22 13:48:00,2026-07-23 12:42:00,1,32.5,Target Hit (50% Premium Decay),16.35
NIFTY,CE_SPREAD,2026-07-22 13:51:00,2026-07-23 12:42:00,1,32.6,Target Hit (50% Premium Decay),16.45
NIFTY,CE_SPREAD,2026-07-22 14:00:00,2026-07-23 12:42:00,1,32.85,Target Hit (50% Premium Decay),16.7
NIFTY,CE_SPREAD,2026-07-22 14:03:00,2026-07-23 13:03:00,1,31.9,Target Hit (50% Premium Decay),16.0
NIFTY,CE_SPREAD,2026-07-22 14:06:00,2026-07-23 13:03:00,1,32.0,Target Hit (50% Premium Decay),16.1
NIFTY,CE_SPREAD,2026-07-22 14:12:00,2026-07-23 13:06:00,1,31.25,Target Hit (50% Premium Decay),16.2
NIFTY,CE_SPREAD,2026-07-22 14:24:00,2026-07-23 13:06:00,1,31.15,Target Hit (50% Premium Decay),16.1
NIFTY,CE_SPREAD,2026-07-22 14:27:00,2026-07-23 13:06:00,1,31.0,Target Hit (50% Premium Decay),15.95
NIFTY,CE_SPREAD,2026-07-22 14:30:00,2026-07-24 09:15:00,1,35.75,Target Hit (50% Premium Decay),23.55
NIFTY,CE_SPREAD,2026-07-22 14:42:00,2026-07-23 13:06:00,1,31.5,Target Hit (50% Premium Decay),16.45
NIFTY,CE_SPREAD,2026-07-22 14:45:00,2026-07-23 13:03:00,1,31.95,Target Hit (50% Premium Decay),16.05
NIFTY,CE_SPREAD,2026-07-22 14:48:00,2026-07-23 12:42:00,1,32.6,Target Hit (50% Premium Decay),16.45
NIFTY,CE_SPREAD,2026-07-22 14:57:00,2026-07-23 13:06:00,1,31.65,Target Hit (50% Premium Decay),16.6
NIFTY,CE_SPREAD,2026-07-22 15:00:00,2026-07-23 13:03:00,1,32.05,Target Hit (50% Premium Decay),16.15
NIFTY,CE_SPREAD,2026-07-22 15:24:00,2026-07-23 12:42:00,1,33.25,Target Hit (50% Premium Decay),17.1
NIFTY,CE_SPREAD,2026-07-22 15:27:00,2026-07-23 12:42:00,1,34.25,Target Hit (50% Premium Decay),18.1
NIFTY,CE_SPREAD,2026-07-23 09:15:00,2026-07-24 09:15:00,1,32.6,Target Hit (50% Premium Decay),17.2
NIFTY,CE_SPREAD,2026-07-23 09:48:00,2026-07-24 09:15:00,1,34.85,Target Hit (50% Premium Decay),19.45
NIFTY,CE_SPREAD,2026-07-23 09:51:00,2026-07-24 09:15:00,1,36.8,Target Hit (50% Premium Decay),21.4
NIFTY,CE_SPREAD,2026-07-23 10:24:00,2026-07-24 09:15:00,1,34.1,Target Hit (50% Premium Decay),21.9
NIFTY,CE_SPREAD,2026-07-23 10:54:00,2026-07-24 09:15:00,1,35.45,Target Hit (50% Premium Decay),23.25
NIFTY,CE_SPREAD,2026-07-23 11:15:00,2026-07-24 09:15:00,1,34.0,Target Hit (50% Premium Decay),21.8
NIFTY,CE_SPREAD,2026-07-23 11:57:00,2026-07-24 09:15:00,1,31.6,Target Hit (50% Premium Decay),19.4
NIFTY,CE_SPREAD,2026-07-23 12:06:00,2026-07-24 09:15:00,1,31.6,Target Hit (50% Premium Decay),19.4
NIFTY,CE_SPREAD,2026-07-23 12:12:00,2026-07-24 09:15:00,1,28.9,Target Hit (50% Premium Decay),16.7
NIFTY,CE_SPREAD,2026-07-23 12:15:00,2026-07-24 09:15:00,1,29.1,Target Hit (50% Premium Decay),16.9
NIFTY,CE_SPREAD,2026-07-23 13:24:00,2026-07-24 09:42:00,1,29.3,Target Hit (50% Premium Decay),14.9
NIFTY,CE_SPREAD,2026-07-23 13:27:00,2026-07-24 09:42:00,1,29.35,Target Hit (50% Premium Decay),14.95
NIFTY,CE_SPREAD,2026-07-23 13:30:00,2026-07-24 09:48:00,1,28.65,Target Hit (50% Premium Decay),14.55
NIFTY,CE_SPREAD,2026-07-23 13:33:00,2026-07-24 09:45:00,1,28.75,Target Hit (50% Premium Decay),14.4
NIFTY,CE_SPREAD,2026-07-23 13:36:00,2026-07-24 09:42:00,1,30.2,Target Hit (50% Premium Decay),15.8
NIFTY,CE_SPREAD,2026-07-23 14:12:00,2026-07-24 09:42:00,1,29.95,Target Hit (50% Premium Decay),15.55
NIFTY,CE_SPREAD,2026-07-23 14:15:00,2026-07-24 09:36:00,1,31.0,Target Hit (50% Premium Decay),15.85
NIFTY,CE_SPREAD,2026-07-23 14:21:00,2026-07-24 09:36:00,1,32.2,Target Hit (50% Premium Decay),17.05
NIFTY,CE_SPREAD,2026-07-23 14:30:00,2026-07-24 09:36:00,1,31.65,Target Hit (50% Premium Decay),16.5
NIFTY,CE_SPREAD,2026-07-23 14:33:00,2026-07-24 09:27:00,1,35.3,Target Hit (50% Premium Decay),17.65
NIFTY,CE_SPREAD,2026-07-23 14:39:00,2026-07-24 09:36:00,1,30.5,Target Hit (50% Premium Decay),15.35
NIFTY,CE_SPREAD,2026-07-24 10:30:00,2026-07-24 12:27:00,1,39.3,SL Hit (50% Premium Appreciation),-19.8
NIFTY,CE_SPREAD,2026-07-24 10:33:00,2026-07-24 12:30:00,1,39.55,SL Hit (50% Premium Appreciation),-20.55
NIFTY,CE_SPREAD,2026-07-24 10:36:00,2026-07-24 12:48:00,1,41.2,SL Hit (50% Premium Appreciation),-22.6
NIFTY,CE_SPREAD,2026-07-24 10:57:00,2026-07-24 12:27:00,1,32.95,SL Hit (50% Premium Appreciation),-19.35
NIFTY,CE_SPREAD,2026-07-24 11:06:00,2026-07-24 12:27:00,1,32.8,SL Hit (50% Premium Appreciation),-19.5
NIFTY,CE_SPREAD,2026-07-24 11:09:00,2026-07-24 12:24:00,1,32.15,SL Hit (50% Premium Appreciation),-16.1
NIFTY,CE_SPREAD,2026-07-24 11:12:00,2026-07-24 12:27:00,1,32.3,SL Hit (50% Premium Appreciation),-20.0
NIFTY,CE_SPREAD,2026-07-24 13:06:00,2026-07-27 09:15:00,1,35.75,SL Hit (50% Premium Appreciation),-24.6
NIFTY,CE_SPREAD,2026-07-24 13:33:00,2026-07-27 09:15:00,1,34.1,SL Hit (50% Premium Appreciation),-26.25
NIFTY,CE_SPREAD,2026-07-24 13:42:00,2026-07-27 09:15:00,1,32.35,SL Hit (50% Premium Appreciation),-28.0
NIFTY,PE_SPREAD,2026-07-24 13:51:00,2026-07-27 09:15:00,1,23.0,Target Hit (50% Premium Decay),17.7
NIFTY,PE_SPREAD,2026-07-24 13:54:00,2026-07-27 09:15:00,1,26.75,Target Hit (50% Premium Decay),18.95
NIFTY,PE_SPREAD,2026-07-24 14:12:00,2026-07-27 09:15:00,1,25.4,Target Hit (50% Premium Decay),17.6
NIFTY,PE_SPREAD,2026-07-24 14:15:00,2026-07-27 09:15:00,1,25.5,Target Hit (50% Premium Decay),17.7
NIFTY,PE_SPREAD,2026-07-24 14:54:00,2026-07-27 09:15:00,1,25.55,Target Hit (50% Premium Decay),17.75
NIFTY,PE_SPREAD,2026-07-24 15:15:00,2026-07-27 09:15:00,1,20.55,Target Hit (50% Premium Decay),15.25
NIFTY,PE_SPREAD,2026-07-24 15:21:00,2026-07-27 09:15:00,1,20.0,Target Hit (50% Premium Decay),14.7
NIFTY,PE_SPREAD,2026-07-24 15:27:00,2026-07-27 09:15:00,1,25.2,Target Hit (50% Premium Decay),17.4
NIFTY,PE_SPREAD,2026-07-27 10:00:00,2026-07-27 14:00:00,1,20.4,Target Hit (50% Premium Decay),10.25
NIFTY,PE_SPREAD,2026-07-27 10:15:00,2026-07-27 14:00:00,1,20.65,Target Hit (50% Premium Decay),10.5
NIFTY,PE_SPREAD,2026-07-27 10:45:00,2026-07-27 14:00:00,1,20.7,Target Hit (50% Premium Decay),10.55
NIFTY,PE_SPREAD,2026-07-27 10:54:00,2026-07-27 13:15:00,1,14.5,Target Hit (50% Premium Decay),7.85
NIFTY,PE_SPREAD,2026-07-27 10:57:00,2026-07-27 14:00:00,1,12.95,Target Hit (50% Premium Decay),6.75
NIFTY,PE_SPREAD,2026-07-27 11:00:00,2026-07-27 14:09:00,1,18.7,Target Hit (50% Premium Decay),9.4
NIFTY,PE_SPREAD,2026-07-27 11:09:00,2026-07-27 14:06:00,1,19.6,Target Hit (50% Premium Decay),9.95
NIFTY,PE_SPREAD,2026-07-27 11:18:00,2026-07-27 14:24:00,1,16.7,Target Hit (50% Premium Decay),8.65
NIFTY,PE_SPREAD,2026-07-27 11:57:00,2026-07-27 15:00:00,1,14.05,Target Hit (50% Premium Decay),7.05
NIFTY,PE_SPREAD,2026-07-27 12:03:00,2026-07-27 15:00:00,1,15.5,Target Hit (50% Premium Decay),8.5
NIFTY,PE_SPREAD,2026-07-27 12:18:00,2026-07-27 15:00:00,1,14.45,Target Hit (50% Premium Decay),7.45
NIFTY,PE_SPREAD,2026-07-27 12:24:00,2026-07-27 15:09:00,1,13.95,Target Hit (50% Premium Decay),7.2
NIFTY,PE_SPREAD,2026-07-27 12:27:00,2026-07-27 15:00:00,1,14.95,Target Hit (50% Premium Decay),7.95
NIFTY,PE_SPREAD,2026-07-27 12:33:00,2026-07-27 15:00:00,1,14.35,Target Hit (50% Premium Decay),7.35
NIFTY,PE_SPREAD,2026-07-27 12:48:00,2026-07-27 15:00:00,1,14.4,Target Hit (50% Premium Decay),7.4
NIFTY,PE_SPREAD,2026-07-27 13:00:00,2026-07-27 15:09:00,1,13.75,Target Hit (50% Premium Decay),7.0
NIFTY,PE_SPREAD,2026-07-27 13:03:00,2026-07-27 15:21:00,1,12.0,Target Hit (50% Premium Decay),6.55
NIFTY,PE_SPREAD,2026-07-27 13:15:00,2026-07-27 13:33:00,1,10.8,SL Hit (50% Premium Appreciation),-6.55
NIFTY,PE_SPREAD,2026-07-27 13:45:00,2026-07-27 15:21:00,1,12.15,Target Hit (50% Premium Decay),6.7
NIFTY,PE_SPREAD,2026-07-27 13:48:00,2026-07-27 15:15:00,1,13.25,Target Hit (50% Premium Decay),6.7
NIFTY,PE_SPREAD,2026-07-27 13:54:00,2026-07-27 15:21:00,1,11.95,Target Hit (50% Premium Decay),6.5
NIFTY,PE_SPREAD,2026-07-27 14:42:00,2026-07-28 09:15:00,1,13.65,Target Hit (50% Premium Decay),7.2
NIFTY,PE_SPREAD,2026-07-27 14:45:00,2026-07-28 09:15:00,1,14.45,Target Hit (50% Premium Decay),8.0
NIFTY,PE_SPREAD,2026-07-27 14:54:00,2026-07-28 09:15:00,1,13.5,Target Hit (50% Premium Decay),7.05
NIFTY,PE_SPREAD,2026-07-27 14:57:00,2026-07-28 09:15:00,1,13.95,Target Hit (50% Premium Decay),7.5
NIFTY,PE_SPREAD,2026-07-27 15:03:00,2026-07-28 09:18:00,1,12.15,Target Hit (50% Premium Decay),7.2
NIFTY,PE_SPREAD,2026-07-27 15:09:00,2026-07-28 09:18:00,1,11.4,Target Hit (50% Premium Decay),6.45
NIFTY,PE_SPREAD,2026-07-27 15:12:00,2026-07-28 09:18:00,1,11.4,Target Hit (50% Premium Decay),6.45
NIFTY,PE_SPREAD,2026-07-27 15:21:00,2026-07-28 10:36:00,1,9.45,Target Hit (50% Premium Decay),5.15
NIFTY,PE_SPREAD,2026-07-27 15:24:00,2026-07-28 10:36:00,1,9.9,Target Hit (50% Premium Decay),5.6
NIFTY,PE_SPREAD,2026-07-27 15:27:00,2026-07-28 10:36:00,1,9.05,Target Hit (50% Premium Decay),4.75
NIFTY,PE_SPREAD,2026-07-28 09:15:00,2026-07-28 10:03:00,1,3.05,SL Hit (50% Premium Appreciation),-1.9
NIFTY,PE_SPREAD,2026-07-28 09:18:00,2026-07-28 09:24:00,1,10.45,SL Hit (50% Premium Appreciation),-6.1
NIFTY,PE_SPREAD,2026-07-28 09:24:00,2026-07-28 10:42:00,1,8.3,Target Hit (50% Premium Decay),4.5
NIFTY,PE_SPREAD,2026-07-28 09:36:00,2026-07-28 10:00:00,1,5.45,SL Hit (50% Premium Appreciation),-2.8
NIFTY,PE_SPREAD,2026-07-28 09:39:00,2026-07-28 10:03:00,1,5.7,SL Hit (50% Premium Appreciation),-5.25
NIFTY,PE_SPREAD,2026-07-28 09:57:00,2026-07-28 10:00:00,1,5.25,SL Hit (50% Premium Appreciation),-3.0
NIFTY,PE_SPREAD,2026-07-28 10:00:00,2026-07-28 10:42:00,1,8.25,Target Hit (50% Premium Decay),4.45
NIFTY,PE_SPREAD,2026-07-28 10:18:00,2026-07-28 10:48:00,1,6.6,Target Hit (50% Premium Decay),3.4
NIFTY,PE_SPREAD,2026-07-28 10:27:00,2026-07-28 10:48:00,1,7.0,Target Hit (50% Premium Decay),3.8
NIFTY,PE_SPREAD,2026-07-28 10:33:00,2026-07-28 10:51:00,1,5.85,Target Hit (50% Premium Decay),2.95
NIFTY,PE_SPREAD,2026-07-28 10:39:00,2026-07-28 11:45:00,1,4.45,Target Hit (50% Premium Decay),2.35
NIFTY,PE_SPREAD,2026-07-28 11:18:00,2026-07-28 13:12:00,1,7.75,SL Hit (50% Premium Appreciation),-4.05
NIFTY,PE_SPREAD,2026-07-28 11:42:00,2026-07-28 13:09:00,1,2.25,SL Hit (50% Premium Appreciation),-1.2
NIFTY,PE_SPREAD,2026-07-28 11:45:00,2026-07-28 12:00:00,1,2.1,SL Hit (50% Premium Appreciation),-1.1
NIFTY,PE_SPREAD,2026-07-28 12:06:00,2026-07-28 13:09:00,1,2.1,SL Hit (50% Premium Appreciation),-1.35
NIFTY,PE_SPREAD,2026-07-28 12:09:00,2026-07-28 13:09:00,1,2.05,SL Hit (50% Premium Appreciation),-1.4
NIFTY,PE_SPREAD,2026-07-28 12:30:00,2026-07-28 13:06:00,1,1.7,SL Hit (50% Premium Appreciation),-0.95
NIFTY,PE_SPREAD,2026-07-28 12:39:00,2026-07-28 13:06:00,1,1.7,SL Hit (50% Premium Appreciation),-0.95
NIFTY,PE_SPREAD,2026-07-28 12:42:00,2026-07-28 13:09:00,1,2.15,SL Hit (50% Premium Appreciation),-1.3
NIFTY,PE_SPREAD,2026-07-28 12:48:00,2026-07-28 13:12:00,1,2.35,SL Hit (50% Premium Appreciation),-1.55
NIFTY,PE_SPREAD,2026-07-28 13:51:00,2026-07-28 14:24:00,1,1.55,Target Hit (50% Premium Decay),0.9
NIFTY,PE_SPREAD,2026-07-28 13:54:00,2026-07-28 14:24:00,1,1.5,Target Hit (50% Premium Decay),0.85
NIFTY,PE_SPREAD,2026-07-28 14:09:00,2026-07-28 14:24:00,1,1.35,Target Hit (50% Premium Decay),0.7
NIFTY,PE_SPREAD,2026-07-28 14:27:00,2026-07-28 14:39:00,1,1.05,Target Hit (50% Premium Decay),0.7
NIFTY,PE_SPREAD,2026-07-28 14:39:00,2026-07-28 14:45:00,1,0.35,SL Hit (50% Premium Appreciation),-0.35
NIFTY,PE_SPREAD,2026-07-28 14:42:00,2026-07-28 14:45:00,1,0.4,SL Hit (50% Premium Appreciation),-0.3
NIFTY,PE_SPREAD,2026-07-28 14:45:00,2026-07-28 15:00:00,1,0.7,Target Hit (50% Premium Decay),0.5
NIFTY,CE_SPREAD,2026-07-28 14:48:00,2026-07-28 14:51:00,1,0.1,Target Hit (50% Premium Decay),0.05
NIFTY,CE_SPREAD,2026-07-28 14:54:00,2026-07-28 14:57:00,1,0.1,SL Hit (50% Premium Appreciation),-0.1
NIFTY,CE_SPREAD,2026-07-28 14:57:00,2026-07-28 15:00:00,1,0.2,Target Hit (50% Premium Decay),0.15
NIFTY,PE_SPREAD,2026-07-29 10:03:00,2026-07-31 09:15:00,1,28.8,Target Hit (50% Premium Decay),18.85
NIFTY,PE_SPREAD,2026-07-29 10:33:00,2026-07-31 09:15:00,1,32.9,Target Hit (50% Premium Decay),19.55
NIFTY,PE_SPREAD,2026-07-29 11:03:00,2026-07-31 09:15:00,1,32.6,Target Hit (50% Premium Decay),19.25
NIFTY,PE_SPREAD,2026-07-29 11:06:00,2026-07-31 09:15:00,1,31.3,Target Hit (50% Premium Decay),17.95
NIFTY,PE_SPREAD,2026-07-29 11:12:00,2026-07-31 09:15:00,1,32.7,Target Hit (50% Premium Decay),19.35
NIFTY,PE_SPREAD,2026-07-29 11:21:00,2026-07-31 09:15:00,1,32.3,Target Hit (50% Premium Decay),18.95
NIFTY,PE_SPREAD,2026-07-29 11:24:00,2026-07-31 09:15:00,1,32.5,Target Hit (50% Premium Decay),19.15
NIFTY,PE_SPREAD,2026-07-29 11:33:00,2026-07-31 09:15:00,1,33.55,Target Hit (50% Premium Decay),20.2
NIFTY,PE_SPREAD,2026-07-29 11:45:00,2026-07-31 09:15:00,1,32.2,Target Hit (50% Premium Decay),18.85
NIFTY,PE_SPREAD,2026-07-29 11:48:00,2026-07-31 09:15:00,1,32.9,Target Hit (50% Premium Decay),19.55
NIFTY,PE_SPREAD,2026-07-29 11:51:00,2026-07-31 09:15:00,1,32.9,Target Hit (50% Premium Decay),19.55
NIFTY,PE_SPREAD,2026-07-29 12:03:00,2026-07-31 09:15:00,1,31.85,Target Hit (50% Premium Decay),18.5
NIFTY,PE_SPREAD,2026-07-29 12:06:00,2026-07-31 09:15:00,1,32.0,Target Hit (50% Premium Decay),18.65
NIFTY,PE_SPREAD,2026-07-29 12:09:00,2026-07-31 09:15:00,1,31.2,Target Hit (50% Premium Decay),17.85
NIFTY,PE_SPREAD,2026-07-29 12:36:00,2026-07-31 09:15:00,1,32.45,Target Hit (50% Premium Decay),19.1
NIFTY,PE_SPREAD,2026-07-29 12:39:00,2026-07-31 09:15:00,1,32.1,Target Hit (50% Premium Decay),18.75
NIFTY,PE_SPREAD,2026-07-29 12:54:00,2026-07-31 09:15:00,1,27.55,Target Hit (50% Premium Decay),17.6
NIFTY,PE_SPREAD,2026-07-29 12:57:00,2026-07-31 09:15:00,1,33.0,Target Hit (50% Premium Decay),19.65
NIFTY,PE_SPREAD,2026-07-29 13:27:00,2026-07-31 09:15:00,1,31.15,Target Hit (50% Premium Decay),17.8
NIFTY,PE_SPREAD,2026-07-29 13:33:00,2026-07-31 09:15:00,1,30.95,Target Hit (50% Premium Decay),17.6
NIFTY,PE_SPREAD,2026-07-29 13:36:00,2026-07-31 09:15:00,1,31.25,Target Hit (50% Premium Decay),17.9
NIFTY,PE_SPREAD,2026-07-29 13:39:00,2026-07-31 09:15:00,1,31.25,Target Hit (50% Premium Decay),17.9
NIFTY,PE_SPREAD,2026-07-29 13:42:00,2026-07-31 09:15:00,1,32.7,Target Hit (50% Premium Decay),19.35
NIFTY,PE_SPREAD,2026-07-29 13:48:00,2026-07-31 09:15:00,1,31.15,Target Hit (50% Premium Decay),17.8
NIFTY,PE_SPREAD,2026-07-29 13:51:00,2026-07-31 09:15:00,1,30.15,Target Hit (50% Premium Decay),16.8
NIFTY,PE_SPREAD,2026-07-29 13:54:00,2026-07-31 09:15:00,1,30.75,Target Hit (50% Premium Decay),17.4
NIFTY,PE_SPREAD,2026-07-29 14:03:00,2026-07-31 09:15:00,1,29.05,Target Hit (50% Premium Decay),15.7
NIFTY,PE_SPREAD,2026-07-29 14:09:00,2026-07-31 09:15:00,1,29.4,Target Hit (50% Premium Decay),16.05
NIFTY,PE_SPREAD,2026-07-29 14:15:00,2026-07-31 09:15:00,1,28.4,Target Hit (50% Premium Decay),15.05
NIFTY,PE_SPREAD,2026-07-29 14:18:00,2026-07-31 09:15:00,1,28.8,Target Hit (50% Premium Decay),15.45
NIFTY,PE_SPREAD,2026-07-29 14:27:00,2026-07-31 09:15:00,1,28.3,Target Hit (50% Premium Decay),14.95
NIFTY,PE_SPREAD,2026-07-29 14:30:00,2026-07-31 09:15:00,1,28.9,Target Hit (50% Premium Decay),15.55
NIFTY,PE_SPREAD,2026-07-29 14:48:00,2026-07-31 09:15:00,1,29.55,Target Hit (50% Premium Decay),16.2
NIFTY,PE_SPREAD,2026-07-29 14:54:00,2026-07-31 09:15:00,1,28.6,Target Hit (50% Premium Decay),15.25
NIFTY,PE_SPREAD,2026-07-30 09:21:00,2026-07-31 09:15:00,1,28.3,Target Hit (50% Premium Decay),14.95
NIFTY,PE_SPREAD,2026-07-30 09:36:00,2026-07-31 09:15:00,1,29.35,Target Hit (50% Premium Decay),16.0
NIFTY,PE_SPREAD,2026-07-30 09:48:00,2026-07-31 11:18:00,1,32.9,Target Hit (50% Premium Decay),16.95
NIFTY,PE_SPREAD,2026-07-30 09:51:00,2026-07-31 11:12:00,1,34.4,Target Hit (50% Premium Decay),17.55
NIFTY,PE_SPREAD,2026-07-30 09:57:00,2026-07-31 09:15:00,1,27.8,Target Hit (50% Premium Decay),14.45
NIFTY,PE_SPREAD,2026-07-30 10:03:00,2026-07-31 09:15:00,1,27.55,Target Hit (50% Premium Decay),14.2
NIFTY,PE_SPREAD,2026-07-30 10:06:00,2026-07-31 09:15:00,1,28.5,Target Hit (50% Premium Decay),15.15
NIFTY,PE_SPREAD,2026-07-30 10:36:00,2026-07-31 09:15:00,1,31.85,Target Hit (50% Premium Decay),18.5
NIFTY,PE_SPREAD,2026-07-30 10:45:00,2026-07-31 09:15:00,1,29.6,Target Hit (50% Premium Decay),16.25
NIFTY,PE_SPREAD,2026-07-30 11:00:00,2026-07-31 09:15:00,1,29.95,Target Hit (50% Premium Decay),16.6
NIFTY,PE_SPREAD,2026-07-30 11:06:00,2026-07-31 09:15:00,1,30.25,Target Hit (50% Premium Decay),16.9
NIFTY,PE_SPREAD,2026-07-30 11:12:00,2026-07-31 09:15:00,1,28.7,Target Hit (50% Premium Decay),15.35
NIFTY,PE_SPREAD,2026-07-30 11:27:00,2026-07-31 11:18:00,1,32.9,Target Hit (50% Premium Decay),16.95
NIFTY,PE_SPREAD,2026-07-30 11:33:00,2026-07-31 09:21:00,1,26.65,Target Hit (50% Premium Decay),13.7
NIFTY,PE_SPREAD,2026-07-30 12:21:00,2026-07-31 09:15:00,1,28.5,Target Hit (50% Premium Decay),15.15
NIFTY,PE_SPREAD,2026-07-30 12:24:00,2026-07-31 09:15:00,1,28.25,Target Hit (50% Premium Decay),14.9
NIFTY,PE_SPREAD,2026-07-30 12:27:00,2026-07-31 09:15:00,1,27.25,Target Hit (50% Premium Decay),13.9
NIFTY,PE_SPREAD,2026-07-30 12:30:00,2026-07-31 12:12:00,1,21.95,Target Hit (50% Premium Decay),11.45
NIFTY,PE_SPREAD,2026-07-30 12:33:00,2026-07-31 12:54:00,1,24.95,Target Hit (50% Premium Decay),12.6
NIFTY,PE_SPREAD,2026-07-30 12:54:00,2026-07-31 12:33:00,1,28.05,Target Hit (50% Premium Decay),14.45
NIFTY,PE_SPREAD,2026-07-30 13:00:00,2026-07-31 12:27:00,1,28.8,Target Hit (50% Premium Decay),14.65
NIFTY,PE_SPREAD,2026-07-30 13:24:00,2026-07-31 12:12:00,1,30.65,Target Hit (50% Premium Decay),16.2
NIFTY,PE_SPREAD,2026-07-30 13:27:00,2026-07-31 11:33:00,1,31.75,Target Hit (50% Premium Decay),16.05
NIFTY,PE_SPREAD,2026-07-30 13:33:00,2026-07-31 12:12:00,1,30.3,Target Hit (50% Premium Decay),15.85
NIFTY,PE_SPREAD,2026-07-30 13:36:00,2026-07-31 12:27:00,1,28.3,Target Hit (50% Premium Decay),14.15
NIFTY,PE_SPREAD,2026-07-30 13:39:00,2026-07-31 12:33:00,1,28.05,Target Hit (50% Premium Decay),14.45
NIFTY,PE_SPREAD,2026-07-30 13:48:00,2026-07-31 12:12:00,1,29.75,Target Hit (50% Premium Decay),15.3
NIFTY,PE_SPREAD,2026-07-30 13:54:00,2026-07-31 12:27:00,1,28.75,Target Hit (50% Premium Decay),14.6
NIFTY,PE_SPREAD,2026-07-30 14:39:00,2026-07-31 09:21:00,1,26.7,Target Hit (50% Premium Decay),13.75
NIFTY,PE_SPREAD,2026-07-30 14:42:00,2026-07-31 11:12:00,1,25.15,Target Hit (50% Premium Decay),12.95
NIFTY,PE_SPREAD,2026-07-30 14:45:00,2026-07-31 11:18:00,1,24.05,Target Hit (50% Premium Decay),12.45
NIFTY,PE_SPREAD,2026-07-30 14:48:00,2026-07-31 11:48:00,1,23.05,Target Hit (50% Premium Decay),11.55
NIFTY,PE_SPREAD,2026-07-30 15:00:00,2026-07-31 12:12:00,1,22.6,Target Hit (50% Premium Decay),12.1
NIFTY,PE_SPREAD,2026-07-30 15:03:00,2026-07-31 12:36:00,1,27.1,Target Hit (50% Premium Decay),13.6
NIFTY,PE_SPREAD,2026-07-30 15:24:00,2026-07-31 12:42:00,1,34.4,Target Hit (50% Premium Decay),17.6
NIFTY,PE_SPREAD,2026-07-31 09:42:00,2026-08-03 09:15:00,1,24.05,Target Hit (50% Premium Decay),21.15
NIFTY,PE_SPREAD,2026-07-31 09:45:00,2026-08-03 09:15:00,1,23.05,Target Hit (50% Premium Decay),20.15
NIFTY,PE_SPREAD,2026-07-31 09:54:00,2026-08-03 09:15:00,1,23.55,Target Hit (50% Premium Decay),20.65
NIFTY,PE_SPREAD,2026-07-31 10:12:00,2026-08-03 09:15:00,1,24.7,Target Hit (50% Premium Decay),21.8
NIFTY,PE_SPREAD,2026-07-31 10:15:00,2026-08-03 09:15:00,1,25.25,Target Hit (50% Premium Decay),22.35
NIFTY,PE_SPREAD,2026-07-31 10:21:00,2026-08-03 09:15:00,1,23.55,Target Hit (50% Premium Decay),20.65
NIFTY,PE_SPREAD,2026-07-31 10:24:00,2026-08-03 09:15:00,1,23.9,Target Hit (50% Premium Decay),21.0
NIFTY,PE_SPREAD,2026-07-31 10:27:00,2026-08-03 09:15:00,1,23.5,Target Hit (50% Premium Decay),20.6
NIFTY,PE_SPREAD,2026-07-31 10:30:00,2026-08-03 09:15:00,1,25.25,Target Hit (50% Premium Decay),22.35
NIFTY,PE_SPREAD,2026-07-31 10:39:00,2026-08-03 09:15:00,1,23.1,Target Hit (50% Premium Decay),20.2
NIFTY,PE_SPREAD,2026-07-31 11:00:00,2026-08-03 09:15:00,1,22.75,Target Hit (50% Premium Decay),19.85
NIFTY,PE_SPREAD,2026-07-31 11:03:00,2026-08-03 09:15:00,1,22.5,Target Hit (50% Premium Decay),19.6
NIFTY,PE_SPREAD,2026-07-31 11:06:00,2026-08-03 09:15:00,1,24.05,Target Hit (50% Premium Decay),21.15
NIFTY,PE_SPREAD,2026-07-31 11:15:00,2026-08-03 09:15:00,1,21.95,Target Hit (50% Premium Decay),19.05
NIFTY,PE_SPREAD,2026-07-31 11:36:00,2026-08-03 09:15:00,1,21.6,Target Hit (50% Premium Decay),18.7
NIFTY,PE_SPREAD,2026-07-31 11:39:00,2026-08-03 09:15:00,1,21.6,Target Hit (50% Premium Decay),18.7
NIFTY,PE_SPREAD,2026-07-31 11:45:00,2026-08-03 09:15:00,1,21.15,Target Hit (50% Premium Decay),18.25
NIFTY,PE_SPREAD,2026-07-31 11:51:00,2026-08-03 09:15:00,1,21.5,Target Hit (50% Premium Decay),18.6
NIFTY,PE_SPREAD,2026-07-31 11:57:00,2026-08-03 09:15:00,1,20.5,Target Hit (50% Premium Decay),17.6
NIFTY,PE_SPREAD,2026-07-31 12:00:00,2026-08-03 09:15:00,1,20.35,Target Hit (50% Premium Decay),17.45
NIFTY,PE_SPREAD,2026-07-31 12:03:00,2026-08-03 09:15:00,1,21.05,Target Hit (50% Premium Decay),18.15
NIFTY,PE_SPREAD,2026-07-31 12:06:00,2026-08-03 09:15:00,1,20.2,Target Hit (50% Premium Decay),17.3
NIFTY,PE_SPREAD,2026-07-31 12:09:00,2026-08-03 09:15:00,1,20.3,Target Hit (50% Premium Decay),17.4
NIFTY,PE_SPREAD,2026-07-31 12:15:00,2026-08-03 09:15:00,1,25.7,Target Hit (50% Premium Decay),21.4
NIFTY,PE_SPREAD,2026-07-31 13:15:00,2026-08-03 09:15:00,1,21.55,Target Hit (50% Premium Decay),17.25
NIFTY,PE_SPREAD,2026-07-31 13:18:00,2026-08-03 09:15:00,1,21.75,Target Hit (50% Premium Decay),17.45
NIFTY,PE_SPREAD,2026-07-31 13:30:00,2026-08-03 09:15:00,1,22.6,Target Hit (50% Premium Decay),18.3
NIFTY,PE_SPREAD,2026-07-31 13:54:00,2026-08-03 09:15:00,1,22.0,Target Hit (50% Premium Decay),17.7
NIFTY,PE_SPREAD,2026-07-31 13:57:00,2026-08-03 09:15:00,1,21.05,Target Hit (50% Premium Decay),16.75
NIFTY,PE_SPREAD,2026-07-31 14:15:00,2026-08-03 09:15:00,1,22.1,Target Hit (50% Premium Decay),17.8
NIFTY,PE_SPREAD,2026-07-31 14:27:00,2026-08-03 09:15:00,1,22.15,Target Hit (50% Premium Decay),17.85
NIFTY,PE_SPREAD,2026-07-31 15:03:00,2026-08-03 09:15:00,1,23.45,Target Hit (50% Premium Decay),19.15
NIFTY,PE_SPREAD,2026-08-03 10:27:00,2026-08-03 15:15:00,1,17.95,15m Close < ATR Trailing SL,0.75
NIFTY,PE_SPREAD,2026-08-03 10:39:00,2026-08-03 15:15:00,1,18.1,15m Close < ATR Trailing SL,0.9
NIFTY,PE_SPREAD,2026-08-03 10:45:00,2026-08-03 15:15:00,1,18.15,15m Close < ATR Trailing SL,0.95
NIFTY,PE_SPREAD,2026-08-03 11:00:00,2026-08-03 15:15:00,1,16.8,15m Close < ATR Trailing SL,-0.4
NIFTY,PE_SPREAD,2026-08-03 11:03:00,2026-08-03 15:15:00,1,16.45,15m Close < ATR Trailing SL,-0.75
NIFTY,PE_SPREAD,2026-08-03 11:12:00,2026-08-03 15:15:00,1,17.3,15m Close < ATR Trailing SL,0.1
NIFTY,PE_SPREAD,2026-08-03 11:18:00,2026-08-03 15:15:00,1,17.0,15m Close < ATR Trailing SL,-0.2
NIFTY,PE_SPREAD,2026-08-03 11:21:00,2026-08-03 15:15:00,1,16.7,15m Close < ATR Trailing SL,-0.5
NIFTY,PE_SPREAD,2026-08-03 11:24:00,2026-08-03 15:15:00,1,17.0,15m Close < ATR Trailing SL,-0.2
NIFTY,PE_SPREAD,2026-08-03 11:39:00,2026-08-03 15:15:00,1,16.35,15m Close < ATR Trailing SL,-0.85
NIFTY,PE_SPREAD,2026-08-03 11:42:00,2026-08-03 15:15:00,1,16.55,15m Close < ATR Trailing SL,-0.65
NIFTY,PE_SPREAD,2026-08-03 11:51:00,2026-08-03 15:15:00,1,16.1,15m Close < ATR Trailing SL,-1.1
NIFTY,PE_SPREAD,2026-08-03 12:12:00,2026-08-03 15:15:00,1,15.5,15m Close < ATR Trailing SL,-1.7
NIFTY,PE_SPREAD,2026-08-03 12:15:00,2026-08-03 15:15:00,1,14.8,15m Close < ATR Trailing SL,-2.4
NIFTY,PE_SPREAD,2026-08-03 12:24:00,2026-08-03 15:15:00,1,15.05,15m Close < ATR Trailing SL,-2.15
NIFTY,PE_SPREAD,2026-08-03 12:54:00,2026-08-03 15:15:00,1,18.3,15m Close < ATR Trailing SL,1.1
NIFTY,PE_SPREAD,2026-08-03 13:18:00,2026-08-03 15:15:00,1,18.29,15m Close < ATR Trailing SL,1.09
NIFTY,PE_SPREAD,2026-08-03 13:21:00,2026-08-03 15:15:00,1,17.5,15m Close < ATR Trailing SL,0.3
NIFTY,PE_SPREAD,2026-08-03 13:24:00,2026-08-03 15:15:00,1,16.2,15m Close < ATR Trailing SL,-1.0
NIFTY,PE_SPREAD,2026-08-03 13:27:00,2026-08-03 15:15:00,1,15.85,15m Close < ATR Trailing SL,-1.35
NIFTY,PE_SPREAD,2026-08-03 13:33:00,2026-08-03 15:15:00,1,14.9,15m Close < ATR Trailing SL,-2.3
NIFTY,PE_SPREAD,2026-08-03 13:36:00,2026-08-03 15:15:00,1,15.55,15m Close < ATR Trailing SL,-1.65
NIFTY,PE_SPREAD,2026-08-03 13:42:00,2026-08-03 15:15:00,1,15.0,15m Close < ATR Trailing SL,-2.2
NIFTY,PE_SPREAD,2026-08-03 13:48:00,2026-08-03 15:15:00,1,16.2,15m Close < ATR Trailing SL,-1.0
NIFTY,PE_SPREAD,2026-08-03 14:06:00,2026-08-03 15:15:00,1,16.35,15m Close < ATR Trailing SL,-0.85
NIFTY,PE_SPREAD,2026-08-03 14:09:00,2026-08-03 15:15:00,1,16.35,15m Close < ATR Trailing SL,-0.85
NIFTY,PE_SPREAD,2026-08-03 14:15:00,2026-08-03 15:15:00,1,16.9,15m Close < ATR Trailing SL,-0.3
NIFTY,PE_SPREAD,2026-08-03 14:27:00,2026-08-03 15:15:00,1,17.0,15m Close < ATR Trailing SL,-0.2
NIFTY,PE_SPREAD,2026-08-03 14:30:00,2026-08-03 15:15:00,1,16.35,15m Close < ATR Trailing SL,-0.85
NIFTY,PE_SPREAD,2026-08-03 14:33:00,2026-08-03 15:15:00,1,16.1,15m Close < ATR Trailing SL,-1.1
NIFTY,PE_SPREAD,2026-08-03 14:36:00,2026-08-03 15:15:00,1,16.1,15m Close < ATR Trailing SL,-1.1
NIFTY,PE_SPREAD,2026-08-03 14:39:00,2026-08-03 15:15:00,1,16.4,15m Close < ATR Trailing SL,-0.8
NIFTY,PE_SPREAD,2026-08-03 14:51:00,2026-08-03 15:15:00,1,17.55,15m Close < ATR Trailing SL,0.35
NIFTY,PE_SPREAD,2026-08-03 14:57:00,2026-08-03 15:15:00,1,17.35,15m Close < ATR Trailing SL,0.15
NIFTY,PE_SPREAD,2026-08-03 15:00:00,2026-08-03 15:15:00,1,17.9,15m Close < ATR Trailing SL,0.7
NIFTY,PE_SPREAD,2026-08-04 09:15:00,2026-08-04 11:48:00,1,36.16,SL Hit (50% Premium Appreciation),-20.54
NIFTY,PE_SPREAD,2026-08-04 09:21:00,2026-08-04 09:27:00,1,6.54,SL Hit (50% Premium Appreciation),-4.01
NIFTY,PE_SPREAD,2026-08-04 09:24:00,2026-08-04 09:54:00,1,9.55,Target Hit (50% Premium Decay),5.1
NIFTY,PE_SPREAD,2026-08-04 09:42:00,2026-08-04 10:33:00,1,5.95,SL Hit (50% Premium Appreciation),-3.0
NIFTY,PE_SPREAD,2026-08-04 10:06:00,2026-08-04 10:24:00,1,11.75,SL Hit (50% Premium Appreciation),-6.75
NIFTY,PE_SPREAD,2026-08-04 11:03:00,2026-08-04 11:42:00,1,8.1,SL Hit (50% Premium Appreciation),-4.05
NIFTY,PE_SPREAD,2026-08-04 11:09:00,2026-08-04 11:39:00,1,7.5,SL Hit (50% Premium Appreciation),-4.55
NIFTY,PE_SPREAD,2026-08-04 11:12:00,2026-08-04 11:36:00,1,6.99,SL Hit (50% Premium Appreciation),-4.11
NIFTY,PE_SPREAD,2026-08-04 11:15:00,2026-08-04 11:30:00,1,6.24,SL Hit (50% Premium Appreciation),-3.46
NIFTY,PE_SPREAD,2026-08-04 11:21:00,2026-08-04 11:36:00,1,7.4,SL Hit (50% Premium Appreciation),-3.7
NIFTY,CE_SPREAD,2026-08-04 12:27:00,2026-08-04 13:09:00,1,10.7,Target Hit (50% Premium Decay),5.8
NIFTY,CE_SPREAD,2026-08-04 12:30:00,2026-08-04 13:09:00,1,10.55,Target Hit (50% Premium Decay),5.65
NIFTY,CE_SPREAD,2026-08-04 12:33:00,2026-08-04 13:30:00,1,7.9,Target Hit (50% Premium Decay),4.65
NIFTY,CE_SPREAD,2026-08-04 12:36:00,2026-08-04 13:30:00,1,7.26,Target Hit (50% Premium Decay),4.01
NIFTY,CE_SPREAD,2026-08-04 12:48:00,2026-08-04 13:30:00,1,7.7,Target Hit (50% Premium Decay),4.45
NIFTY,CE_SPREAD,2026-08-04 12:54:00,2026-08-04 13:33:00,1,6.35,Target Hit (50% Premium Decay),3.21
NIFTY,CE_SPREAD,2026-08-04 12:57:00,2026-08-04 13:42:00,1,5.9,Target Hit (50% Premium Decay),3.11
NIFTY,CE_SPREAD,2026-08-04 13:03:00,2026-08-04 13:42:00,1,5.75,Target Hit (50% Premium Decay),2.96
NIFTY,CE_SPREAD,2026-08-04 13:06:00,2026-08-04 13:42:00,1,5.99,Target Hit (50% Premium Decay),3.2
NIFTY,CE_SPREAD,2026-08-04 13:21:00,2026-08-04 13:42:00,1,5.61,Target Hit (50% Premium Decay),2.82
NIFTY,CE_SPREAD,2026-08-04 13:27:00,2026-08-04 14:15:00,1,4.11,SL Hit (50% Premium Appreciation),-2.54
NIFTY,CE_SPREAD,2026-08-04 13:30:00,2026-08-04 14:12:00,1,7.7,SL Hit (50% Premium Appreciation),-4.35
NIFTY,CE_SPREAD,2026-08-04 13:45:00,2026-08-04 14:12:00,1,7.76,SL Hit (50% Premium Appreciation),-4.29
NIFTY,CE_SPREAD,2026-08-04 13:54:00,2026-08-04 14:09:00,1,7.01,SL Hit (50% Premium Appreciation),-4.24
NIFTY,CE_SPREAD,2026-08-04 14:09:00,2026-08-04 14:18:00,1,11.25,SL Hit (50% Premium Appreciation),-5.65
NIFTY,CE_SPREAD,2026-08-04 14:36:00,2026-08-04 15:09:00,1,11.99,SL Hit (50% Premium Appreciation),-6.26
NIFTY,CE_SPREAD,2026-08-04 14:42:00,2026-08-04 14:54:00,1,11.46,SL Hit (50% Premium Appreciation),-6.49
NIFTY,CE_SPREAD,2026-08-04 14:45:00,2026-08-04 15:12:00,1,12.2,SL Hit (50% Premium Appreciation),-8.2
NIFTY,CE_SPREAD,2026-08-04 15:00:00,2026-08-04 15:18:00,1,14.1,SL Hit (50% Premium Appreciation),-11.05
NIFTY,CE_SPREAD,2026-08-04 15:03:00,2026-08-04 15:12:00,1,13.45,SL Hit (50% Premium Appreciation),-6.95
NIFTY,PE_SPREAD,2026-08-05 10:03:00,2026-08-05 13:03:00,1,26.5,SL Hit (50% Premium Appreciation),-13.9
NIFTY,PE_SPREAD,2026-08-05 10:09:00,2026-08-05 12:45:00,1,25.3,SL Hit (50% Premium Appreciation),-12.75
NIFTY,PE_SPREAD,2026-08-05 10:12:00,2026-08-05 12:33:00,1,24.9,SL Hit (50% Premium Appreciation),-12.55
NIFTY,PE_SPREAD,2026-08-05 10:21:00,2026-08-05 12:48:00,1,25.6,SL Hit (50% Premium Appreciation),-13.65
NIFTY,PE_SPREAD,2026-08-05 10:24:00,2026-08-11 09:45:00,1,28.35,SL Hit (50% Premium Appreciation),-15.75
NIFTY,PE_SPREAD,2026-08-05 10:42:00,2026-08-11 09:45:00,1,28.4,SL Hit (50% Premium Appreciation),-15.7
NIFTY,PE_SPREAD,2026-08-05 10:48:00,2026-08-05 13:03:00,1,26.4,SL Hit (50% Premium Appreciation),-14.0
NIFTY,PE_SPREAD,2026-08-05 11:15:00,2026-08-05 13:03:00,1,30.2,SL Hit (50% Premium Appreciation),-15.1
NIFTY,PE_SPREAD,2026-08-05 11:18:00,2026-08-05 13:42:00,1,30.6,SL Hit (50% Premium Appreciation),-16.2
NIFTY,PE_SPREAD,2026-08-05 12:18:00,2026-08-11 12:00:00,1,32.45,SL Hit (50% Premium Appreciation),-18.05
NIFTY,CE_SPREAD,2026-08-05 13:06:00,2026-08-11 09:18:00,1,41.05,Target Hit (50% Premium Decay),22.1
NIFTY,CE_SPREAD,2026-08-05 13:27:00,2026-08-11 09:15:00,1,36.55,Target Hit (50% Premium Decay),22.2
NIFTY,CE_SPREAD,2026-08-05 13:33:00,2026-08-11 09:15:00,1,36.15,Target Hit (50% Premium Decay),21.8
NIFTY,CE_SPREAD,2026-08-05 13:36:00,2026-08-11 09:15:00,1,35.4,Target Hit (50% Premium Decay),21.05
NIFTY,CE_SPREAD,2026-08-05 13:48:00,2026-08-11 09:18:00,1,40.35,Target Hit (50% Premium Decay),21.4
NIFTY,CE_SPREAD,2026-08-05 13:54:00,2026-08-11 09:18:00,1,40.0,Target Hit (50% Premium Decay),21.05
NIFTY,CE_SPREAD,2026-08-05 14:15:00,2026-08-11 09:18:00,1,38.75,Target Hit (50% Premium Decay),19.8
NIFTY,CE_SPREAD,2026-08-05 14:24:00,2026-08-11 09:18:00,1,39.9,Target Hit (50% Premium Decay),20.95
NIFTY,CE_SPREAD,2026-08-05 14:30:00,2026-08-11 09:18:00,1,39.65,Target Hit (50% Premium Decay),20.7
NIFTY,CE_SPREAD,2026-08-05 14:33:00,2026-08-11 09:18:00,1,40.1,Target Hit (50% Premium Decay),21.15
NIFTY,CE_SPREAD,2026-08-05 14:36:00,2026-08-11 09:18:00,1,40.95,Target Hit (50% Premium Decay),22.0
NIFTY,CE_SPREAD,2026-08-05 14:42:00,2026-08-11 09:18:00,1,39.9,Target Hit (50% Premium Decay),20.95
NIFTY,CE_SPREAD,2026-08-05 14:45:00,2026-08-11 09:18:00,1,40.5,Target Hit (50% Premium Decay),21.55
NIFTY,PE_SPREAD,2026-08-06 09:36:00,2026-08-11 09:15:00,1,29.45,SL Hit (50% Premium Appreciation),-16.15
NIFTY,PE_SPREAD,2026-08-06 10:15:00,2026-08-11 09:18:00,1,31.2,SL Hit (50% Premium Appreciation),-18.75
NIFTY,PE_SPREAD,2026-08-06 10:24:00,2026-08-11 09:15:00,1,30.2,SL Hit (50% Premium Appreciation),-15.4
NIFTY,PE_SPREAD,2026-08-06 10:27:00,2026-08-11 09:15:00,1,29.7,SL Hit (50% Premium Appreciation),-15.9
NIFTY,PE_SPREAD,2026-08-06 10:30:00,2026-08-11 09:15:00,1,29.3,SL Hit (50% Premium Appreciation),-16.3
NIFTY,PE_SPREAD,2026-08-06 10:36:00,2026-08-11 09:15:00,1,29.2,SL Hit (50% Premium Appreciation),-16.4
NIFTY,PE_SPREAD,2026-08-06 10:39:00,2026-08-11 09:15:00,1,30.2,SL Hit (50% Premium Appreciation),-15.4
NIFTY,PE_SPREAD,2026-08-06 10:45:00,2026-08-11 09:18:00,1,31.05,SL Hit (50% Premium Appreciation),-18.9
NIFTY,PE_SPREAD,2026-08-06 10:57:00,2026-08-11 09:18:00,1,30.5,SL Hit (50% Premium Appreciation),-19.45
NIFTY,PE_SPREAD,2026-08-06 11:00:00,2026-08-11 09:18:00,1,31.4,SL Hit (50% Premium Appreciation),-18.55
NIFTY,PE_SPREAD,2026-08-06 11:09:00,2026-08-11 09:15:00,1,28.4,SL Hit (50% Premium Appreciation),-17.2
NIFTY,PE_SPREAD,2026-08-06 11:12:00,2026-08-07 14:09:00,1,27.75,SL Hit (50% Premium Appreciation),-14.8
NIFTY,PE_SPREAD,2026-08-06 11:36:00,2026-08-11 09:15:00,1,28.45,SL Hit (50% Premium Appreciation),-17.15
NIFTY,PE_SPREAD,2026-08-06 11:54:00,2026-08-07 14:09:00,1,28.3,SL Hit (50% Premium Appreciation),-14.25
NIFTY,PE_SPREAD,2026-08-06 11:57:00,2026-08-07 12:09:00,1,27.0,SL Hit (50% Premium Appreciation),-13.7
NIFTY,PE_SPREAD,2026-08-06 12:18:00,2026-08-11 09:15:00,1,29.45,SL Hit (50% Premium Appreciation),-16.15
NIFTY,PE_SPREAD,2026-08-06 12:33:00,2026-08-07 14:09:00,1,28.25,SL Hit (50% Premium Appreciation),-14.3
NIFTY,PE_SPREAD,2026-08-06 12:36:00,2026-08-11 09:15:00,1,29.25,SL Hit (50% Premium Appreciation),-16.35
NIFTY,PE_SPREAD,2026-08-06 12:45:00,2026-08-11 09:15:00,1,29.05,SL Hit (50% Premium Appreciation),-16.55
NIFTY,PE_SPREAD,2026-08-06 12:48:00,2026-08-11 09:15:00,1,29.95,SL Hit (50% Premium Appreciation),-15.65
NIFTY,PE_SPREAD,2026-08-06 13:03:00,2026-08-11 09:15:00,1,29.15,SL Hit (50% Premium Appreciation),-16.45
NIFTY,PE_SPREAD,2026-08-06 13:06:00,2026-08-11 09:18:00,1,31.15,SL Hit (50% Premium Appreciation),-18.8
NIFTY,PE_SPREAD,2026-08-06 13:18:00,2026-08-11 09:15:00,1,30.3,SL Hit (50% Premium Appreciation),-15.3
NIFTY,PE_SPREAD,2026-08-06 13:33:00,2026-08-11 09:15:00,1,29.25,SL Hit (50% Premium Appreciation),-16.35
NIFTY,PE_SPREAD,2026-08-06 13:36:00,2026-08-11 09:15:00,1,30.0,SL Hit (50% Premium Appreciation),-15.6
NIFTY,PE_SPREAD,2026-08-06 13:39:00,2026-08-11 09:15:00,1,29.75,SL Hit (50% Premium Appreciation),-15.85
NIFTY,PE_SPREAD,2026-08-06 13:42:00,2026-08-11 09:15:00,1,30.2,SL Hit (50% Premium Appreciation),-15.4
NIFTY,PE_SPREAD,2026-08-06 13:54:00,2026-08-11 09:15:00,1,30.0,SL Hit (50% Premium Appreciation),-15.6
NIFTY,PE_SPREAD,2026-08-06 14:00:00,2026-08-07 14:09:00,1,28.25,SL Hit (50% Premium Appreciation),-14.3
NIFTY,PE_SPREAD,2026-08-06 14:24:00,2026-08-07 11:03:00,1,25.95,SL Hit (50% Premium Appreciation),-13.05
NIFTY,PE_SPREAD,2026-08-06 14:30:00,2026-08-07 12:12:00,1,27.5,SL Hit (50% Premium Appreciation),-14.05
NIFTY,PE_SPREAD,2026-08-06 14:33:00,2026-08-07 12:12:00,1,27.3,SL Hit (50% Premium Appreciation),-14.25
NIFTY,PE_SPREAD,2026-08-06 15:09:00,2026-08-07 12:12:00,1,27.65,SL Hit (50% Premium Appreciation),-13.9
NIFTY,PE_SPREAD,2026-08-07 09:15:00,2026-08-11 15:00:00,1,24.2,Target Hit (50% Premium Decay),12.55
NIFTY,PE_SPREAD,2026-08-07 09:45:00,2026-08-11 09:45:00,1,29.0,SL Hit (50% Premium Appreciation),-15.1
NIFTY,PE_SPREAD,2026-08-07 09:51:00,2026-08-11 09:45:00,1,27.55,SL Hit (50% Premium Appreciation),-16.55
NIFTY,CE_SPREAD,2026-08-07 10:03:00,2026-08-11 09:15:00,1,36.2,Target Hit (50% Premium Decay),27.3
NIFTY,CE_SPREAD,2026-08-07 10:06:00,2026-08-11 09:15:00,1,36.65,Target Hit (50% Premium Decay),27.75
NIFTY,CE_SPREAD,2026-08-07 10:09:00,2026-08-11 09:15:00,1,35.2,Target Hit (50% Premium Decay),26.3
NIFTY,CE_SPREAD,2026-08-07 10:12:00,2026-08-11 09:15:00,1,35.45,Target Hit (50% Premium Decay),26.55
NIFTY,CE_SPREAD,2026-08-07 10:42:00,2026-08-11 09:15:00,1,36.85,Target Hit (50% Premium Decay),22.5
NIFTY,CE_SPREAD,2026-08-07 11:00:00,2026-08-11 09:15:00,1,37.05,Target Hit (50% Premium Decay),22.7
NIFTY,CE_SPREAD,2026-08-07 11:18:00,2026-08-11 09:15:00,1,36.25,Target Hit (50% Premium Decay),21.9
NIFTY,CE_SPREAD,2026-08-07 11:48:00,2026-08-11 09:15:00,1,35.9,Target Hit (50% Premium Decay),21.55
NIFTY,CE_SPREAD,2026-08-07 12:24:00,2026-08-11 09:15:00,1,34.6,Target Hit (50% Premium Decay),20.25
NIFTY,CE_SPREAD,2026-08-07 13:00:00,2026-08-11 09:15:00,1,34.85,Target Hit (50% Premium Decay),20.5
NIFTY,CE_SPREAD,2026-08-07 13:03:00,2026-08-11 09:15:00,1,34.95,Target Hit (50% Premium Decay),20.6
NIFTY,CE_SPREAD,2026-08-07 13:15:00,2026-08-11 09:15:00,1,34.05,Target Hit (50% Premium Decay),19.7
NIFTY,CE_SPREAD,2026-08-07 13:18:00,2026-08-11 09:15:00,1,33.65,Target Hit (50% Premium Decay),19.3
NIFTY,CE_SPREAD,2026-08-07 13:21:00,2026-08-11 09:15:00,1,35.2,Target Hit (50% Premium Decay),20.85
NIFTY,CE_SPREAD,2026-08-07 13:33:00,2026-08-11 09:15:00,1,33.75,Target Hit (50% Premium Decay),19.4
NIFTY,CE_SPREAD,2026-08-07 13:39:00,2026-08-11 09:15:00,1,33.65,Target Hit (50% Premium Decay),19.3
NIFTY,CE_SPREAD,2026-08-07 13:45:00,2026-08-11 09:15:00,1,35.35,Target Hit (50% Premium Decay),21.0
NIFTY,CE_SPREAD,2026-08-07 14:00:00,2026-08-11 09:15:00,1,34.35,Target Hit (50% Premium Decay),20.0
NIFTY,CE_SPREAD,2026-08-07 14:03:00,2026-08-11 09:15:00,1,33.85,Target Hit (50% Premium Decay),19.5
NIFTY,CE_SPREAD,2026-08-07 14:06:00,2026-08-11 09:15:00,1,32.3,Target Hit (50% Premium Decay),17.95
NIFTY,CE_SPREAD,2026-08-07 14:24:00,2026-08-11 09:15:00,1,32.05,Target Hit (50% Premium Decay),17.7
NIFTY,CE_SPREAD,2026-08-07 14:27:00,2026-08-11 09:15:00,1,32.05,Target Hit (50% Premium Decay),17.7
NIFTY,CE_SPREAD,2026-08-07 14:30:00,2026-08-11 09:15:00,1,32.5,Target Hit (50% Premium Decay),18.15
NIFTY,CE_SPREAD,2026-08-07 14:39:00,2026-08-11 09:15:00,1,31.6,Target Hit (50% Premium Decay),17.25
NIFTY,CE_SPREAD,2026-08-07 14:42:00,2026-08-11 09:15:00,1,32.3,Target Hit (50% Premium Decay),17.95
NIFTY,CE_SPREAD,2026-08-07 14:45:00,2026-08-11 09:15:00,1,33.9,Target Hit (50% Premium Decay),19.55
NIFTY,CE_SPREAD,2026-08-07 14:54:00,2026-08-11 09:15:00,1,33.05,Target Hit (50% Premium Decay),18.7
NIFTY,CE_SPREAD,2026-08-07 14:57:00,2026-08-11 09:15:00,1,33.3,Target Hit (50% Premium Decay),18.95
NIFTY,CE_SPREAD,2026-08-07 15:00:00,2026-08-11 09:15:00,1,34.1,Target Hit (50% Premium Decay),19.75
NIFTY,CE_SPREAD,2026-08-10 09:27:00,2026-08-11 09:15:00,1,31.5,Target Hit (50% Premium Decay),17.15
NIFTY,CE_SPREAD,2026-08-10 09:30:00,2026-08-11 09:15:00,1,29.4,Target Hit (50% Premium Decay),15.05
NIFTY,CE_SPREAD,2026-08-10 09:54:00,2026-08-10 12:15:00,1,26.45,SL Hit (50% Premium Appreciation),-13.35
NIFTY,CE_SPREAD,2026-08-10 09:57:00,2026-08-11 09:18:00,1,27.3,Target Hit (50% Premium Decay),15.3
NIFTY,CE_SPREAD,2026-08-10 10:00:00,2026-08-11 09:18:00,1,27.9,Target Hit (50% Premium Decay),15.9
NIFTY,CE_SPREAD,2026-08-10 10:12:00,2026-08-11 09:18:00,1,27.65,Target Hit (50% Premium Decay),15.65
NIFTY,PE_SPREAD,2026-08-10 11:03:00,2026-08-11 09:15:00,1,21.3,SL Hit (50% Premium Appreciation),-12.8
NIFTY,PE_SPREAD,2026-08-10 11:09:00,2026-08-11 09:15:00,1,21.0,SL Hit (50% Premium Appreciation),-13.1
NIFTY,PE_SPREAD,2026-08-10 11:12:00,2026-08-11 09:15:00,1,20.0,SL Hit (50% Premium Appreciation),-14.1
NIFTY,PE_SPREAD,2026-08-10 11:15:00,2026-08-11 09:15:00,1,20.6,SL Hit (50% Premium Appreciation),-13.5
NIFTY,PE_SPREAD,2026-08-10 11:18:00,2026-08-11 09:15:00,1,20.1,SL Hit (50% Premium Appreciation),-14.0
NIFTY,PE_SPREAD,2026-08-10 11:21:00,2026-08-11 09:15:00,1,20.35,SL Hit (50% Premium Appreciation),-13.75
NIFTY,PE_SPREAD,2026-08-10 11:24:00,2026-08-11 09:15:00,1,20.05,SL Hit (50% Premium Appreciation),-14.05
NIFTY,PE_SPREAD,2026-08-10 11:39:00,2026-08-11 09:15:00,1,20.2,SL Hit (50% Premium Appreciation),-13.9
NIFTY,PE_SPREAD,2026-08-10 11:42:00,2026-08-11 09:15:00,1,21.8,SL Hit (50% Premium Appreciation),-12.3
NIFTY,PE_SPREAD,2026-08-10 11:48:00,2026-08-11 09:15:00,1,20.55,SL Hit (50% Premium Appreciation),-13.55
NIFTY,PE_SPREAD,2026-08-10 11:51:00,2026-08-11 09:15:00,1,20.6,SL Hit (50% Premium Appreciation),-13.5
NIFTY,PE_SPREAD,2026-08-10 11:54:00,2026-08-11 09:15:00,1,20.95,SL Hit (50% Premium Appreciation),-13.15
NIFTY,PE_SPREAD,2026-08-10 12:12:00,2026-08-11 09:15:00,1,19.55,SL Hit (50% Premium Appreciation),-14.55
NIFTY,PE_SPREAD,2026-08-10 12:15:00,2026-08-11 09:15:00,1,17.85,SL Hit (50% Premium Appreciation),-16.25
NIFTY,PE_SPREAD,2026-08-10 12:27:00,2026-08-11 09:15:00,1,18.25,SL Hit (50% Premium Appreciation),-15.85
NIFTY,PE_SPREAD,2026-08-10 12:30:00,2026-08-11 09:15:00,1,18.05,SL Hit (50% Premium Appreciation),-16.05
NIFTY,PE_SPREAD,2026-08-10 12:36:00,2026-08-11 09:15:00,1,17.85,SL Hit (50% Premium Appreciation),-16.25
NIFTY,PE_SPREAD,2026-08-10 12:39:00,2026-08-11 09:15:00,1,17.95,SL Hit (50% Premium Appreciation),-16.15
NIFTY,PE_SPREAD,2026-08-10 13:24:00,2026-08-11 09:15:00,1,19.4,SL Hit (50% Premium Appreciation),-14.7
NIFTY,PE_SPREAD,2026-08-10 13:27:00,2026-08-11 09:15:00,1,19.65,SL Hit (50% Premium Appreciation),-14.45
NIFTY,PE_SPREAD,2026-08-10 13:33:00,2026-08-11 09:15:00,1,18.05,SL Hit (50% Premium Appreciation),-16.05
NIFTY,PE_SPREAD,2026-08-10 13:48:00,2026-08-11 09:15:00,1,18.0,SL Hit (50% Premium Appreciation),-16.1
NIFTY,PE_SPREAD,2026-08-10 13:51:00,2026-08-11 09:15:00,1,17.9,SL Hit (50% Premium Appreciation),-16.2
NIFTY,PE_SPREAD,2026-08-10 14:09:00,2026-08-11 09:15:00,1,18.8,SL Hit (50% Premium Appreciation),-15.3
NIFTY,CE_SPREAD,2026-08-10 15:09:00,2026-08-11 09:15:00,1,31.5,Target Hit (50% Premium Decay),17.15
NIFTY,CE_SPREAD,2026-08-10 15:15:00,2026-08-11 09:15:00,1,32.35,Target Hit (50% Premium Decay),18.0
NIFTY,CE_SPREAD,2026-08-11 09:18:00,2026-08-11 11:00:00,1,18.95,Target Hit (50% Premium Decay),10.95
NIFTY,CE_SPREAD,2026-08-11 10:03:00,2026-08-11 11:15:00,1,14.05,Target Hit (50% Premium Decay),7.3
NIFTY,CE_SPREAD,2026-08-11 10:09:00,2026-08-11 11:09:00,1,14.35,Target Hit (50% Premium Decay),7.2
NIFTY,CE_SPREAD,2026-08-11 10:12:00,2026-08-11 11:21:00,1,13.0,Target Hit (50% Premium Decay),6.5
NIFTY,CE_SPREAD,2026-08-11 10:15:00,2026-08-11 11:30:00,1,22.0,Target Hit (50% Premium Decay),11.55
NIFTY,CE_SPREAD,2026-08-11 10:18:00,2026-08-11 11:24:00,1,11.85,Target Hit (50% Premium Decay),6.0
NIFTY,CE_SPREAD,2026-08-11 10:21:00,2026-08-11 11:30:00,1,21.3,Target Hit (50% Premium Decay),10.85
NIFTY,CE_SPREAD,2026-08-11 10:36:00,2026-08-11 11:30:00,1,22.3,Target Hit (50% Premium Decay),11.85
NIFTY,CE_SPREAD,2026-08-11 10:45:00,2026-08-11 12:00:00,1,18.55,Target Hit (50% Premium Decay),9.35
NIFTY,CE_SPREAD,2026-08-11 10:51:00,2026-08-11 12:00:00,1,19.55,Target Hit (50% Premium Decay),10.35
NIFTY,CE_SPREAD,2026-08-11 10:57:00,2026-08-11 12:03:00,1,17.9,Target Hit (50% Premium Decay),9.0
NIFTY,CE_SPREAD,2026-08-11 11:00:00,2026-08-11 13:54:00,1,15.15,Target Hit (50% Premium Decay),7.95
NIFTY,CE_SPREAD,2026-08-11 11:03:00,2026-08-11 13:54:00,1,14.9,Target Hit (50% Premium Decay),7.7
NIFTY,CE_SPREAD,2026-08-11 11:54:00,2026-08-11 14:30:00,1,10.4,Target Hit (50% Premium Decay),5.9
NIFTY,CE_SPREAD,2026-08-11 12:03:00,2026-08-11 15:15:00,1,8.9,Target Hit (50% Premium Decay),8.35
NIFTY,CE_SPREAD,2026-08-11 12:18:00,2026-08-11 14:30:00,1,9.2,Target Hit (50% Premium Decay),4.7
NIFTY,CE_SPREAD,2026-08-11 12:24:00,2026-08-11 15:15:00,1,8.45,Target Hit (50% Premium Decay),7.9
NIFTY,CE_SPREAD,2026-08-11 12:27:00,2026-08-11 14:30:00,1,9.05,Target Hit (50% Premium Decay),4.55
NIFTY,CE_SPREAD,2026-08-11 12:30:00,2026-08-11 14:30:00,1,9.45,Target Hit (50% Premium Decay),4.95
NIFTY,CE_SPREAD,2026-08-11 12:42:00,2026-08-11 14:30:00,1,10.5,Target Hit (50% Premium Decay),6.0
NIFTY,CE_SPREAD,2026-08-11 12:54:00,2026-08-11 15:15:00,1,8.95,Target Hit (50% Premium Decay),8.4
NIFTY,CE_SPREAD,2026-08-11 12:57:00,2026-08-11 15:15:00,1,8.8,Target Hit (50% Premium Decay),8.25
NIFTY,CE_SPREAD,2026-08-11 13:00:00,2026-08-11 14:30:00,1,9.65,Target Hit (50% Premium Decay),5.15
NIFTY,CE_SPREAD,2026-08-11 13:18:00,2026-08-11 14:30:00,1,9.1,Target Hit (50% Premium Decay),4.6
NIFTY,CE_SPREAD,2026-08-11 13:21:00,2026-08-11 15:15:00,1,8.95,Target Hit (50% Premium Decay),8.4
NIFTY,CE_SPREAD,2026-08-11 13:24:00,2026-08-11 14:27:00,1,11.4,Target Hit (50% Premium Decay),5.85
NIFTY,CE_SPREAD,2026-08-11 13:39:00,2026-08-11 14:30:00,1,9.45,Target Hit (50% Premium Decay),4.95
NIFTY,CE_SPREAD,2026-08-11 13:54:00,2026-08-11 15:15:00,1,7.2,Target Hit (50% Premium Decay),6.65
NIFTY,CE_SPREAD,2026-08-11 13:57:00,2026-08-11 15:15:00,1,7.85,Target Hit (50% Premium Decay),7.3
NIFTY,CE_SPREAD,2026-08-11 14:03:00,2026-08-11 14:15:00,1,5.9,SL Hit (50% Premium Appreciation),-3.0
NIFTY,CE_SPREAD,2026-08-11 14:06:00,2026-08-11 15:00:00,1,6.6,SL Hit (50% Premium Appreciation),-3.45
NIFTY,CE_SPREAD,2026-08-11 14:21:00,2026-08-11 15:00:00,1,6.15,SL Hit (50% Premium Appreciation),-3.9
NIFTY,CE_SPREAD,2026-08-11 14:24:00,2026-08-11 15:00:00,1,6.5,SL Hit (50% Premium Appreciation),-3.55
NIFTY,CE_SPREAD,2026-08-11 14:27:00,2026-08-11 14:54:00,1,5.55,SL Hit (50% Premium Appreciation),-3.1
NIFTY,CE_SPREAD,2026-08-11 14:30:00,2026-08-11 14:48:00,1,4.5,SL Hit (50% Premium Appreciation),-2.8
NIFTY,CE_SPREAD,2026-08-11 14:33:00,2026-08-11 14:48:00,1,4.8,SL Hit (50% Premium Appreciation),-2.5
NIFTY,CE_SPREAD,2026-08-11 14:42:00,2026-08-11 14:54:00,1,5.1,SL Hit (50% Premium Appreciation),-3.55
NIFTY,CE_SPREAD,2026-08-11 14:45:00,2026-08-11 15:15:00,1,6.7,Target Hit (50% Premium Decay),6.15
NIFTY,CE_SPREAD,2026-08-11 15:06:00,2026-08-11 15:15:00,1,5.15,Target Hit (50% Premium Decay),4.6
NIFTY,CE_SPREAD,2026-08-11 15:12:00,2026-08-11 15:15:00,1,4.55,Target Hit (50% Premium Decay),4.0
NIFTY,CE_SPREAD,2026-08-11 15:15:00,2026-08-11 15:18:00,1,0.55,Target Hit (50% Premium Decay),0.45
SENSEX,PE_SPREAD,2026-07-17 10:00:00,2026-07-22 09:15:00,1,82.15,SL Hit (50% Premium Appreciation),-61.25
SENSEX,PE_SPREAD,2026-07-17 10:03:00,2026-07-22 09:15:00,1,76.05,SL Hit (50% Premium Appreciation),-61.4
SENSEX,PE_SPREAD,2026-07-17 10:06:00,2026-07-22 09:15:00,1,79.95,SL Hit (50% Premium Appreciation),-63.45
SENSEX,PE_SPREAD,2026-07-17 10:09:00,2026-07-22 09:15:00,1,81.0,SL Hit (50% Premium Appreciation),-62.4
SENSEX,PE_SPREAD,2026-07-17 10:57:00,2026-07-21 13:00:00,1,80.95,SL Hit (50% Premium Appreciation),-42.4
SENSEX,PE_SPREAD,2026-07-17 11:00:00,2026-07-21 13:12:00,1,83.15,SL Hit (50% Premium Appreciation),-41.6
SENSEX,PE_SPREAD,2026-07-17 11:06:00,2026-07-21 13:00:00,1,81.25,SL Hit (50% Premium Appreciation),-42.1
SENSEX,PE_SPREAD,2026-07-17 11:27:00,2026-07-22 09:15:00,1,84.1,SL Hit (50% Premium Appreciation),-68.5
SENSEX,PE_SPREAD,2026-07-17 11:30:00,2026-07-21 13:03:00,1,82.6,SL Hit (50% Premium Appreciation),-41.75
SENSEX,PE_SPREAD,2026-07-17 11:33:00,2026-07-21 13:00:00,1,81.85,SL Hit (50% Premium Appreciation),-41.5
SENSEX,PE_SPREAD,2026-07-17 11:36:00,2026-07-21 12:57:00,1,80.6,SL Hit (50% Premium Appreciation),-40.5
SENSEX,PE_SPREAD,2026-07-17 11:39:00,2026-07-21 12:51:00,1,78.4,SL Hit (50% Premium Appreciation),-41.75
SENSEX,PE_SPREAD,2026-07-17 11:42:00,2026-07-21 11:51:00,1,77.7,SL Hit (50% Premium Appreciation),-38.95
SENSEX,PE_SPREAD,2026-07-17 12:03:00,2026-07-21 11:42:00,1,83.2,SL Hit (50% Premium Appreciation),-42.0
SENSEX,PE_SPREAD,2026-07-17 12:06:00,2026-07-21 12:57:00,1,85.15,SL Hit (50% Premium Appreciation),-42.9
SENSEX,PE_SPREAD,2026-07-17 12:12:00,2026-07-21 12:51:00,1,84.5,SL Hit (50% Premium Appreciation),-42.5
SENSEX,PE_SPREAD,2026-07-17 12:15:00,2026-07-21 13:00:00,1,86.85,SL Hit (50% Premium Appreciation),-43.7
SENSEX,PE_SPREAD,2026-07-17 12:18:00,2026-07-21 12:51:00,1,84.25,SL Hit (50% Premium Appreciation),-42.75
SENSEX,PE_SPREAD,2026-07-17 12:21:00,2026-07-21 11:42:00,1,83.4,SL Hit (50% Premium Appreciation),-41.8
SENSEX,PE_SPREAD,2026-07-17 12:24:00,2026-07-21 11:42:00,1,82.85,SL Hit (50% Premium Appreciation),-42.35
SENSEX,PE_SPREAD,2026-07-17 12:30:00,2026-07-21 12:51:00,1,84.45,SL Hit (50% Premium Appreciation),-42.55
SENSEX,PE_SPREAD,2026-07-17 12:36:00,2026-07-21 13:00:00,1,85.7,SL Hit (50% Premium Appreciation),-44.85
SENSEX,PE_SPREAD,2026-07-17 12:48:00,2026-07-21 11:42:00,1,83.25,SL Hit (50% Premium Appreciation),-41.95
SENSEX,PE_SPREAD,2026-07-17 13:00:00,2026-07-21 12:51:00,1,84.15,SL Hit (50% Premium Appreciation),-42.85
SENSEX,PE_SPREAD,2026-07-17 13:06:00,2026-07-21 13:00:00,1,85.85,SL Hit (50% Premium Appreciation),-44.7
SENSEX,PE_SPREAD,2026-07-17 13:12:00,2026-07-21 12:57:00,1,84.75,SL Hit (50% Premium Appreciation),-43.3
SENSEX,PE_SPREAD,2026-07-17 13:15:00,2026-07-21 13:00:00,1,85.85,SL Hit (50% Premium Appreciation),-44.7
SENSEX,PE_SPREAD,2026-07-17 13:21:00,2026-07-21 13:03:00,1,87.8,SL Hit (50% Premium Appreciation),-44.55
SENSEX,PE_SPREAD,2026-07-17 14:00:00,2026-07-22 09:15:00,1,88.15,SL Hit (50% Premium Appreciation),-64.45
SENSEX,PE_SPREAD,2026-07-17 14:06:00,2026-07-22 09:15:00,1,85.85,SL Hit (50% Premium Appreciation),-66.75
SENSEX,PE_SPREAD,2026-07-17 14:09:00,2026-07-21 13:03:00,1,82.85,SL Hit (50% Premium Appreciation),-41.5
SENSEX,PE_SPREAD,2026-07-17 14:12:00,2026-07-21 11:48:00,1,77.55,SL Hit (50% Premium Appreciation),-38.85
SENSEX,PE_SPREAD,2026-07-17 14:33:00,2026-07-20 09:36:00,1,81.45,SL Hit (50% Premium Appreciation),-41.2
SENSEX,PE_SPREAD,2026-07-17 14:42:00,2026-07-20 09:30:00,1,76.2,SL Hit (50% Premium Appreciation),-42.65
SENSEX,PE_SPREAD,2026-07-17 15:03:00,2026-07-20 09:18:00,1,73.75,SL Hit (50% Premium Appreciation),-40.25
SENSEX,PE_SPREAD,2026-07-17 15:06:00,2026-07-20 09:18:00,1,75.55,SL Hit (50% Premium Appreciation),-38.45
SENSEX,PE_SPREAD,2026-07-17 15:18:00,2026-07-20 09:30:00,1,78.4,SL Hit (50% Premium Appreciation),-40.45
SENSEX,PE_SPREAD,2026-07-17 15:21:00,2026-07-20 09:18:00,1,78.2,SL Hit (50% Premium Appreciation),-43.35
SENSEX,CE_SPREAD,2026-07-20 10:39:00,2026-07-22 09:15:00,1,73.85,Target Hit (50% Premium Decay),53.75
SENSEX,CE_SPREAD,2026-07-20 10:54:00,2026-07-22 09:15:00,1,76.55,Target Hit (50% Premium Decay),56.45
SENSEX,CE_SPREAD,2026-07-20 11:03:00,2026-07-22 09:15:00,1,73.5,Target Hit (50% Premium Decay),53.4
SENSEX,CE_SPREAD,2026-07-20 11:06:00,2026-07-22 09:15:00,1,78.0,Target Hit (50% Premium Decay),57.9
SENSEX,CE_SPREAD,2026-07-20 11:12:00,2026-07-22 09:15:00,1,73.2,Target Hit (50% Premium Decay),53.1
SENSEX,CE_SPREAD,2026-07-20 11:24:00,2026-07-22 09:15:00,1,83.3,Target Hit (50% Premium Decay),57.9
SENSEX,CE_SPREAD,2026-07-20 11:30:00,2026-07-22 09:15:00,1,78.65,Target Hit (50% Premium Decay),53.25
SENSEX,CE_SPREAD,2026-07-20 11:39:00,2026-07-22 09:15:00,1,78.95,Target Hit (50% Premium Decay),53.55
SENSEX,CE_SPREAD,2026-07-20 11:45:00,2026-07-22 09:15:00,1,73.7,Target Hit (50% Premium Decay),48.3
SENSEX,CE_SPREAD,2026-07-20 12:03:00,2026-07-22 09:15:00,1,79.45,Target Hit (50% Premium Decay),48.55
SENSEX,CE_SPREAD,2026-07-20 12:15:00,2026-07-22 09:15:00,1,76.0,Target Hit (50% Premium Decay),50.6
SENSEX,CE_SPREAD,2026-07-20 12:24:00,2026-07-22 09:15:00,1,70.5,Target Hit (50% Premium Decay),45.1
SENSEX,CE_SPREAD,2026-07-20 12:27:00,2026-07-22 09:15:00,1,78.7,Target Hit (50% Premium Decay),47.8
SENSEX,CE_SPREAD,2026-07-20 12:54:00,2026-07-22 09:15:00,1,85.35,Target Hit (50% Premium Decay),49.1
SENSEX,CE_SPREAD,2026-07-20 13:54:00,2026-07-22 09:15:00,1,87.8,Target Hit (50% Premium Decay),67.7
SENSEX,PE_SPREAD,2026-07-20 14:21:00,2026-07-21 11:48:00,1,71.05,SL Hit (50% Premium Appreciation),-36.05
SENSEX,PE_SPREAD,2026-07-20 14:24:00,2026-07-21 11:51:00,1,72.55,SL Hit (50% Premium Appreciation),-36.35
SENSEX,PE_SPREAD,2026-07-20 14:27:00,2026-07-21 11:51:00,1,72.35,SL Hit (50% Premium Appreciation),-36.55
SENSEX,PE_SPREAD,2026-07-20 14:30:00,2026-07-21 12:57:00,1,73.7,SL Hit (50% Premium Appreciation),-39.45
SENSEX,PE_SPREAD,2026-07-20 14:54:00,2026-07-21 13:15:00,1,68.75,SL Hit (50% Premium Appreciation),-34.65
SENSEX,PE_SPREAD,2026-07-20 15:18:00,2026-07-21 12:57:00,1,65.8,SL Hit (50% Premium Appreciation),-34.7
SENSEX,PE_SPREAD,2026-07-20 15:21:00,2026-07-21 11:42:00,1,63.75,SL Hit (50% Premium Appreciation),-32.1
SENSEX,PE_SPREAD,2026-07-20 15:24:00,2026-07-21 11:42:00,1,63.55,SL Hit (50% Premium Appreciation),-32.3
SENSEX,PE_SPREAD,2026-07-20 15:27:00,2026-07-21 12:57:00,1,65.15,SL Hit (50% Premium Appreciation),-35.35
SENSEX,PE_SPREAD,2026-07-21 09:27:00,2026-07-22 09:15:00,1,69.35,SL Hit (50% Premium Appreciation),-68.1
SENSEX,PE_SPREAD,2026-07-21 09:30:00,2026-07-22 09:15:00,1,74.35,SL Hit (50% Premium Appreciation),-63.1
SENSEX,CE_SPREAD,2026-07-21 09:33:00,2026-07-22 09:15:00,1,75.7,Target Hit (50% Premium Decay),50.3
SENSEX,CE_SPREAD,2026-07-21 09:48:00,2026-07-22 09:15:00,1,84.0,Target Hit (50% Premium Decay),58.6
SENSEX,CE_SPREAD,2026-07-21 09:57:00,2026-07-22 09:15:00,1,77.65,Target Hit (50% Premium Decay),52.25
SENSEX,CE_SPREAD,2026-07-21 10:00:00,2026-07-22 09:15:00,1,74.45,Target Hit (50% Premium Decay),49.05
SENSEX,CE_SPREAD,2026-07-21 10:03:00,2026-07-22 09:15:00,1,75.35,Target Hit (50% Premium Decay),49.95
SENSEX,CE_SPREAD,2026-07-21 10:09:00,2026-07-22 09:15:00,1,74.7,Target Hit (50% Premium Decay),49.3
SENSEX,CE_SPREAD,2026-07-21 10:12:00,2026-07-22 09:15:00,1,72.0,Target Hit (50% Premium Decay),46.6
SENSEX,CE_SPREAD,2026-07-21 10:15:00,2026-07-22 09:15:00,1,68.8,Target Hit (50% Premium Decay),43.4
SENSEX,CE_SPREAD,2026-07-21 11:15:00,2026-07-22 09:15:00,1,75.35,Target Hit (50% Premium Decay),44.45
SENSEX,CE_SPREAD,2026-07-21 11:18:00,2026-07-22 09:15:00,1,74.25,Target Hit (50% Premium Decay),43.35
SENSEX,CE_SPREAD,2026-07-21 11:24:00,2026-07-22 09:15:00,1,72.25,Target Hit (50% Premium Decay),41.35
SENSEX,CE_SPREAD,2026-07-21 11:39:00,2026-07-22 09:15:00,1,68.85,Target Hit (50% Premium Decay),37.95
SENSEX,CE_SPREAD,2026-07-21 11:57:00,2026-07-22 09:15:00,1,76.35,Target Hit (50% Premium Decay),40.1
SENSEX,CE_SPREAD,2026-07-21 12:15:00,2026-07-22 09:15:00,1,68.35,Target Hit (50% Premium Decay),37.45
SENSEX,CE_SPREAD,2026-07-21 12:18:00,2026-07-22 09:15:00,1,78.25,Target Hit (50% Premium Decay),42.0
SENSEX,CE_SPREAD,2026-07-21 12:30:00,2026-07-22 09:15:00,1,78.3,Target Hit (50% Premium Decay),42.05
SENSEX,CE_SPREAD,2026-07-21 12:42:00,2026-07-22 09:15:00,1,67.6,Target Hit (50% Premium Decay),36.7
SENSEX,CE_SPREAD,2026-07-21 12:57:00,2026-07-22 09:24:00,1,69.7,Target Hit (50% Premium Decay),35.5
SENSEX,CE_SPREAD,2026-07-21 13:57:00,2026-07-22 09:24:00,1,71.15,Target Hit (50% Premium Decay),36.95
SENSEX,CE_SPREAD,2026-07-21 14:03:00,2026-07-22 09:15:00,1,75.85,Target Hit (50% Premium Decay),39.6
SENSEX,CE_SPREAD,2026-07-21 14:09:00,2026-07-22 09:24:00,1,70.85,Target Hit (50% Premium Decay),36.65
SENSEX,CE_SPREAD,2026-07-21 14:18:00,2026-07-22 09:15:00,1,72.8,Target Hit (50% Premium Decay),36.55
SENSEX,CE_SPREAD,2026-07-21 14:27:00,2026-07-22 09:24:00,1,71.9,Target Hit (50% Premium Decay),37.7
SENSEX,CE_SPREAD,2026-07-21 14:39:00,2026-07-22 09:24:00,1,69.8,Target Hit (50% Premium Decay),35.6
SENSEX,CE_SPREAD,2026-07-21 14:48:00,2026-07-22 09:15:00,1,73.0,Target Hit (50% Premium Decay),36.75
SENSEX,CE_SPREAD,2026-07-21 15:27:00,2026-07-22 09:15:00,1,73.15,Target Hit (50% Premium Decay),42.25
SENSEX,CE_SPREAD,2026-07-22 10:15:00,2026-07-23 09:15:00,1,63.5,Target Hit (50% Premium Decay),56.5
SENSEX,CE_SPREAD,2026-07-22 10:18:00,2026-07-23 09:15:00,1,62.9,Target Hit (50% Premium Decay),55.9
SENSEX,CE_SPREAD,2026-07-22 11:03:00,2026-07-23 09:15:00,1,66.05,Target Hit (50% Premium Decay),55.6
SENSEX,CE_SPREAD,2026-07-22 11:15:00,2026-07-23 09:15:00,1,69.9,Target Hit (50% Premium Decay),59.45
SENSEX,CE_SPREAD,2026-07-22 11:54:00,2026-07-23 09:15:00,1,57.1,Target Hit (50% Premium Decay),50.1
SENSEX,CE_SPREAD,2026-07-22 12:30:00,2026-07-23 09:15:00,1,58.85,Target Hit (50% Premium Decay),44.3
SENSEX,CE_SPREAD,2026-07-22 13:03:00,2026-07-23 09:15:00,1,52.5,Target Hit (50% Premium Decay),42.05
SENSEX,CE_SPREAD,2026-07-22 13:06:00,2026-07-23 09:15:00,1,64.55,Target Hit (50% Premium Decay),50.0
SENSEX,CE_SPREAD,2026-07-22 13:12:00,2026-07-23 09:15:00,1,62.0,Target Hit (50% Premium Decay),47.45
SENSEX,CE_SPREAD,2026-07-22 13:27:00,2026-07-23 09:15:00,1,62.0,Target Hit (50% Premium Decay),47.45
SENSEX,CE_SPREAD,2026-07-22 13:30:00,2026-07-23 09:15:00,1,65.35,Target Hit (50% Premium Decay),50.8
SENSEX,CE_SPREAD,2026-07-22 13:42:00,2026-07-23 09:15:00,1,65.6,Target Hit (50% Premium Decay),51.05
SENSEX,CE_SPREAD,2026-07-22 13:48:00,2026-07-23 09:15:00,1,61.2,Target Hit (50% Premium Decay),46.65
SENSEX,CE_SPREAD,2026-07-22 14:06:00,2026-07-23 09:15:00,1,59.8,Target Hit (50% Premium Decay),45.25
SENSEX,CE_SPREAD,2026-07-22 14:12:00,2026-07-23 09:15:00,1,57.05,Target Hit (50% Premium Decay),42.5
SENSEX,CE_SPREAD,2026-07-22 14:15:00,2026-07-23 09:15:00,1,61.55,Target Hit (50% Premium Decay),47.0
SENSEX,CE_SPREAD,2026-07-22 14:24:00,2026-07-23 09:15:00,1,56.3,Target Hit (50% Premium Decay),41.75
SENSEX,CE_SPREAD,2026-07-22 14:27:00,2026-07-23 09:15:00,1,54.75,Target Hit (50% Premium Decay),40.2
SENSEX,CE_SPREAD,2026-07-22 14:30:00,2026-07-23 09:15:00,1,54.15,Target Hit (50% Premium Decay),39.6
SENSEX,CE_SPREAD,2026-07-22 14:42:00,2026-07-23 09:15:00,1,54.35,Target Hit (50% Premium Decay),39.8
SENSEX,CE_SPREAD,2026-07-22 15:00:00,2026-07-23 09:15:00,1,54.65,Target Hit (50% Premium Decay),40.1
SENSEX,CE_SPREAD,2026-07-22 15:24:00,2026-07-23 09:15:00,1,65.0,Target Hit (50% Premium Decay),50.45
SENSEX,CE_SPREAD,2026-07-23 09:15:00,2026-07-23 09:18:00,1,28.8,SL Hit (50% Premium Appreciation),-25.45
SENSEX,CE_SPREAD,2026-07-23 09:48:00,2026-07-23 10:06:00,1,49.8,SL Hit (50% Premium Appreciation),-26.4
SENSEX,CE_SPREAD,2026-07-23 10:21:00,2026-07-23 11:51:00,1,32.2,Target Hit (50% Premium Decay),16.6
SENSEX,CE_SPREAD,2026-07-23 10:24:00,2026-07-23 11:51:00,1,34.95,Target Hit (50% Premium Decay),19.35
SENSEX,CE_SPREAD,2026-07-23 11:09:00,2026-07-23 11:39:00,1,27.3,Target Hit (50% Premium Decay),14.4
SENSEX,CE_SPREAD,2026-07-23 11:18:00,2026-07-23 12:12:00,1,17.9,Target Hit (50% Premium Decay),9.1
SENSEX,CE_SPREAD,2026-07-23 11:21:00,2026-07-23 12:21:00,1,28.5,Target Hit (50% Premium Decay),15.9
SENSEX,CE_SPREAD,2026-07-23 11:24:00,2026-07-23 12:21:00,1,26.45,Target Hit (50% Premium Decay),13.85
SENSEX,CE_SPREAD,2026-07-23 11:39:00,2026-07-23 12:27:00,1,21.35,Target Hit (50% Premium Decay),10.75
SENSEX,CE_SPREAD,2026-07-23 11:48:00,2026-07-23 12:30:00,1,18.3,Target Hit (50% Premium Decay),10.65
SENSEX,CE_SPREAD,2026-07-23 11:51:00,2026-07-23 12:30:00,1,15.6,Target Hit (50% Premium Decay),7.95
SENSEX,CE_SPREAD,2026-07-23 11:54:00,2026-07-23 12:30:00,1,30.0,Target Hit (50% Premium Decay),16.15
SENSEX,CE_SPREAD,2026-07-23 11:57:00,2026-07-23 12:30:00,1,36.3,Target Hit (50% Premium Decay),22.45
SENSEX,CE_SPREAD,2026-07-23 12:06:00,2026-07-23 12:24:00,1,22.25,Target Hit (50% Premium Decay),11.25
SENSEX,CE_SPREAD,2026-07-23 12:15:00,2026-07-23 12:30:00,1,30.0,Target Hit (50% Premium Decay),16.15
SENSEX,CE_SPREAD,2026-07-23 12:21:00,2026-07-23 12:39:00,1,12.6,Target Hit (50% Premium Decay),7.3
SENSEX,CE_SPREAD,2026-07-23 13:21:00,2026-07-23 14:33:00,1,14.9,SL Hit (50% Premium Appreciation),-11.0
SENSEX,CE_SPREAD,2026-07-23 13:24:00,2026-07-23 14:33:00,1,28.35,SL Hit (50% Premium Appreciation),-34.45
SENSEX,CE_SPREAD,2026-07-23 13:30:00,2026-07-23 13:39:00,1,11.85,SL Hit (50% Premium Appreciation),-6.35
SENSEX,CE_SPREAD,2026-07-23 13:33:00,2026-07-23 13:39:00,1,11.8,SL Hit (50% Premium Appreciation),-6.4
SENSEX,CE_SPREAD,2026-07-23 13:36:00,2026-07-23 14:33:00,1,32.55,SL Hit (50% Premium Appreciation),-30.25
SENSEX,CE_SPREAD,2026-07-23 14:12:00,2026-07-23 14:21:00,1,8.5,SL Hit (50% Premium Appreciation),-6.85
SENSEX,CE_SPREAD,2026-07-23 14:15:00,2026-07-23 14:33:00,1,11.2,SL Hit (50% Premium Appreciation),-14.7
SENSEX,CE_SPREAD,2026-07-23 14:21:00,2026-07-23 14:33:00,1,15.35,SL Hit (50% Premium Appreciation),-10.55
SENSEX,CE_SPREAD,2026-07-23 14:39:00,2026-07-23 14:45:00,1,4.6,Target Hit (50% Premium Decay),2.7
SENSEX,CE_SPREAD,2026-07-24 10:33:00,2026-07-24 15:21:00,1,93.2,SL Hit (50% Premium Appreciation),-48.7
SENSEX,CE_SPREAD,2026-07-24 10:36:00,2026-07-27 09:15:00,1,95.2,SL Hit (50% Premium Appreciation),-68.8
SENSEX,CE_SPREAD,2026-07-24 10:57:00,2026-07-27 09:15:00,1,89.35,SL Hit (50% Premium Appreciation),-71.9
SENSEX,CE_SPREAD,2026-07-24 11:00:00,2026-07-24 14:00:00,1,87.8,SL Hit (50% Premium Appreciation),-44.75
SENSEX,CE_SPREAD,2026-07-24 11:06:00,2026-07-24 14:00:00,1,87.75,SL Hit (50% Premium Appreciation),-44.8
SENSEX,CE_SPREAD,2026-07-24 11:09:00,2026-07-24 15:21:00,1,93.7,SL Hit (50% Premium Appreciation),-48.2
SENSEX,CE_SPREAD,2026-07-24 11:12:00,2026-07-24 15:21:00,1,93.0,SL Hit (50% Premium Appreciation),-48.9
SENSEX,CE_SPREAD,2026-07-24 13:06:00,2026-07-27 09:36:00,1,97.0,SL Hit (50% Premium Appreciation),-51.0
SENSEX,PE_SPREAD,2026-07-24 13:18:00,2026-07-27 09:21:00,1,69.55,Target Hit (50% Premium Decay),35.5
SENSEX,PE_SPREAD,2026-07-24 13:54:00,2026-07-27 09:21:00,1,69.9,Target Hit (50% Premium Decay),35.85
SENSEX,PE_SPREAD,2026-07-24 13:57:00,2026-07-27 09:36:00,1,66.6,Target Hit (50% Premium Decay),34.25
SENSEX,PE_SPREAD,2026-07-24 14:42:00,2026-07-27 09:21:00,1,69.65,Target Hit (50% Premium Decay),35.6
SENSEX,PE_SPREAD,2026-07-24 14:54:00,2026-07-27 09:36:00,1,66.95,Target Hit (50% Premium Decay),34.6
SENSEX,PE_SPREAD,2026-07-24 14:57:00,2026-07-27 09:21:00,1,68.3,Target Hit (50% Premium Decay),34.25
SENSEX,PE_SPREAD,2026-07-24 15:15:00,2026-07-27 09:36:00,1,65.8,Target Hit (50% Premium Decay),33.45
SENSEX,PE_SPREAD,2026-07-24 15:18:00,2026-07-27 09:42:00,1,64.65,Target Hit (50% Premium Decay),33.4
SENSEX,PE_SPREAD,2026-07-27 09:15:00,2026-07-28 09:18:00,1,69.3,Target Hit (50% Premium Decay),35.15
SENSEX,PE_SPREAD,2026-07-27 10:00:00,2026-07-29 09:15:00,1,71.8,Target Hit (50% Premium Decay),61.95
SENSEX,PE_SPREAD,2026-07-27 10:15:00,2026-07-28 15:18:00,1,75.2,Target Hit (50% Premium Decay),37.75
SENSEX,PE_SPREAD,2026-07-27 10:42:00,2026-07-28 15:18:00,1,65.45,Target Hit (50% Premium Decay),36.25
SENSEX,PE_SPREAD,2026-07-27 10:45:00,2026-07-28 15:18:00,1,65.1,Target Hit (50% Premium Decay),35.9
SENSEX,PE_SPREAD,2026-07-27 10:54:00,2026-07-28 15:18:00,1,64.25,Target Hit (50% Premium Decay),35.05
SENSEX,PE_SPREAD,2026-07-27 10:57:00,2026-07-28 15:18:00,1,61.7,Target Hit (50% Premium Decay),32.5
SENSEX,PE_SPREAD,2026-07-27 11:00:00,2026-07-29 09:15:00,1,68.05,Target Hit (50% Premium Decay),58.2
SENSEX,PE_SPREAD,2026-07-27 11:09:00,2026-07-28 15:18:00,1,63.5,Target Hit (50% Premium Decay),34.3
SENSEX,PE_SPREAD,2026-07-27 11:12:00,2026-07-28 15:18:00,1,63.8,Target Hit (50% Premium Decay),34.6
SENSEX,PE_SPREAD,2026-07-27 11:15:00,2026-07-28 15:18:00,1,62.55,Target Hit (50% Premium Decay),33.35
SENSEX,PE_SPREAD,2026-07-27 11:18:00,2026-07-29 09:15:00,1,67.65,Target Hit (50% Premium Decay),57.8
SENSEX,PE_SPREAD,2026-07-27 11:21:00,2026-07-29 09:15:00,1,67.55,Target Hit (50% Premium Decay),57.7
SENSEX,PE_SPREAD,2026-07-27 11:42:00,2026-07-29 09:15:00,1,63.5,Target Hit (50% Premium Decay),53.65
SENSEX,PE_SPREAD,2026-07-27 11:57:00,2026-07-29 09:15:00,1,71.95,Target Hit (50% Premium Decay),59.75
SENSEX,PE_SPREAD,2026-07-27 12:15:00,2026-07-29 09:15:00,1,63.35,Target Hit (50% Premium Decay),53.5
SENSEX,PE_SPREAD,2026-07-27 12:18:00,2026-07-29 09:15:00,1,65.75,Target Hit (50% Premium Decay),55.9
SENSEX,PE_SPREAD,2026-07-27 12:24:00,2026-07-29 09:15:00,1,64.95,Target Hit (50% Premium Decay),55.1
SENSEX,PE_SPREAD,2026-07-27 12:27:00,2026-07-29 09:15:00,1,65.1,Target Hit (50% Premium Decay),55.25
SENSEX,PE_SPREAD,2026-07-27 12:33:00,2026-07-29 09:15:00,1,66.1,Target Hit (50% Premium Decay),56.25
SENSEX,PE_SPREAD,2026-07-27 13:00:00,2026-07-29 09:15:00,1,64.55,Target Hit (50% Premium Decay),54.7
SENSEX,PE_SPREAD,2026-07-27 13:03:00,2026-07-29 09:15:00,1,62.15,Target Hit (50% Premium Decay),52.3
SENSEX,PE_SPREAD,2026-07-27 13:06:00,2026-07-29 09:15:00,1,62.55,Target Hit (50% Premium Decay),52.7
SENSEX,PE_SPREAD,2026-07-27 13:12:00,2026-07-29 09:15:00,1,60.2,Target Hit (50% Premium Decay),50.35
SENSEX,PE_SPREAD,2026-07-27 13:15:00,2026-07-29 09:15:00,1,67.15,Target Hit (50% Premium Decay),54.95
SENSEX,PE_SPREAD,2026-07-27 13:24:00,2026-07-29 09:15:00,1,68.85,Target Hit (50% Premium Decay),56.65
SENSEX,PE_SPREAD,2026-07-27 13:39:00,2026-07-29 09:15:00,1,65.65,Target Hit (50% Premium Decay),55.8
SENSEX,PE_SPREAD,2026-07-27 13:48:00,2026-07-29 09:15:00,1,64.95,Target Hit (50% Premium Decay),55.1
SENSEX,PE_SPREAD,2026-07-27 13:51:00,2026-07-29 09:15:00,1,62.45,Target Hit (50% Premium Decay),52.6
SENSEX,PE_SPREAD,2026-07-27 13:54:00,2026-07-29 09:15:00,1,62.0,Target Hit (50% Premium Decay),52.15
SENSEX,PE_SPREAD,2026-07-27 14:42:00,2026-07-29 09:15:00,1,66.05,Target Hit (50% Premium Decay),51.15
SENSEX,PE_SPREAD,2026-07-27 14:54:00,2026-07-29 09:15:00,1,58.75,Target Hit (50% Premium Decay),46.55
SENSEX,PE_SPREAD,2026-07-27 14:57:00,2026-07-29 09:15:00,1,61.45,Target Hit (50% Premium Decay),49.25
SENSEX,PE_SPREAD,2026-07-27 15:12:00,2026-07-29 09:15:00,1,66.3,Target Hit (50% Premium Decay),51.4
SENSEX,PE_SPREAD,2026-07-27 15:21:00,2026-07-29 09:15:00,1,52.65,Target Hit (50% Premium Decay),40.45
SENSEX,PE_SPREAD,2026-07-27 15:24:00,2026-07-29 09:15:00,1,63.35,Target Hit (50% Premium Decay),48.45
SENSEX,PE_SPREAD,2026-07-27 15:27:00,2026-07-29 09:15:00,1,51.05,Target Hit (50% Premium Decay),38.85
SENSEX,PE_SPREAD,2026-07-28 09:15:00,2026-07-29 09:15:00,1,50.3,Target Hit (50% Premium Decay),38.1
SENSEX,PE_SPREAD,2026-07-28 09:18:00,2026-07-29 09:15:00,1,56.0,Target Hit (50% Premium Decay),41.1
SENSEX,PE_SPREAD,2026-07-28 09:30:00,2026-07-29 09:15:00,1,67.65,Target Hit (50% Premium Decay),52.75
SENSEX,PE_SPREAD,2026-07-28 09:39:00,2026-07-29 09:15:00,1,59.85,Target Hit (50% Premium Decay),44.95
SENSEX,PE_SPREAD,2026-07-28 09:57:00,2026-07-29 09:15:00,1,62.05,Target Hit (50% Premium Decay),47.15
SENSEX,PE_SPREAD,2026-07-28 10:00:00,2026-07-29 09:15:00,1,70.3,Target Hit (50% Premium Decay),55.4
SENSEX,PE_SPREAD,2026-07-28 10:18:00,2026-07-29 09:15:00,1,60.6,Target Hit (50% Premium Decay),48.4
SENSEX,PE_SPREAD,2026-07-28 10:27:00,2026-07-29 09:15:00,1,62.85,Target Hit (50% Premium Decay),50.65
SENSEX,PE_SPREAD,2026-07-28 10:33:00,2026-07-29 09:15:00,1,62.05,Target Hit (50% Premium Decay),49.85
SENSEX,PE_SPREAD,2026-07-28 10:39:00,2026-07-29 09:15:00,1,66.1,Target Hit (50% Premium Decay),51.2
SENSEX,PE_SPREAD,2026-07-28 11:03:00,2026-07-29 09:15:00,1,60.45,Target Hit (50% Premium Decay),45.55
SENSEX,PE_SPREAD,2026-07-28 11:06:00,2026-07-29 09:15:00,1,59.95,Target Hit (50% Premium Decay),45.05
SENSEX,PE_SPREAD,2026-07-28 11:18:00,2026-07-29 09:15:00,1,59.9,Target Hit (50% Premium Decay),45.0
SENSEX,PE_SPREAD,2026-07-28 11:24:00,2026-07-29 09:15:00,1,62.9,Target Hit (50% Premium Decay),48.0
SENSEX,PE_SPREAD,2026-07-28 11:42:00,2026-07-29 09:15:00,1,59.7,Target Hit (50% Premium Decay),44.8
SENSEX,PE_SPREAD,2026-07-28 11:45:00,2026-07-29 09:15:00,1,56.35,Target Hit (50% Premium Decay),41.45
SENSEX,PE_SPREAD,2026-07-28 12:00:00,2026-07-29 09:15:00,1,59.7,Target Hit (50% Premium Decay),44.8
SENSEX,PE_SPREAD,2026-07-28 12:06:00,2026-07-29 09:15:00,1,54.0,Target Hit (50% Premium Decay),39.1
SENSEX,PE_SPREAD,2026-07-28 12:09:00,2026-07-29 09:15:00,1,54.1,Target Hit (50% Premium Decay),39.2
SENSEX,PE_SPREAD,2026-07-28 12:27:00,2026-07-29 09:15:00,1,54.5,Target Hit (50% Premium Decay),39.6
SENSEX,PE_SPREAD,2026-07-28 12:30:00,2026-07-29 09:15:00,1,64.05,Target Hit (50% Premium Decay),45.05
SENSEX,PE_SPREAD,2026-07-28 12:42:00,2026-07-29 09:15:00,1,57.9,Target Hit (50% Premium Decay),43.0
SENSEX,PE_SPREAD,2026-07-28 13:54:00,2026-07-29 09:15:00,1,61.25,Target Hit (50% Premium Decay),49.05
SENSEX,PE_SPREAD,2026-07-28 14:00:00,2026-07-29 09:15:00,1,59.8,Target Hit (50% Premium Decay),47.6
SENSEX,PE_SPREAD,2026-07-28 14:06:00,2026-07-29 09:15:00,1,61.3,Target Hit (50% Premium Decay),49.1
SENSEX,PE_SPREAD,2026-07-28 14:09:00,2026-07-29 09:15:00,1,61.75,Target Hit (50% Premium Decay),49.55
SENSEX,CE_SPREAD,2026-07-28 14:18:00,2026-07-29 09:15:00,1,76.0,SL Hit (50% Premium Appreciation),-77.05
SENSEX,CE_SPREAD,2026-07-28 14:21:00,2026-07-29 09:15:00,1,73.65,SL Hit (50% Premium Appreciation),-79.4
SENSEX,CE_SPREAD,2026-07-28 14:24:00,2026-07-29 09:15:00,1,76.0,SL Hit (50% Premium Appreciation),-77.05
SENSEX,CE_SPREAD,2026-07-28 14:27:00,2026-07-29 09:15:00,1,73.55,SL Hit (50% Premium Appreciation),-79.5
SENSEX,CE_SPREAD,2026-07-28 14:30:00,2026-07-29 09:15:00,1,68.0,SL Hit (50% Premium Appreciation),-85.05
SENSEX,CE_SPREAD,2026-07-28 14:48:00,2026-07-29 09:15:00,1,78.65,SL Hit (50% Premium Appreciation),-83.25
SENSEX,CE_SPREAD,2026-07-28 14:54:00,2026-07-29 09:15:00,1,73.5,SL Hit (50% Premium Appreciation),-79.55
SENSEX,CE_SPREAD,2026-07-28 14:57:00,2026-07-29 09:15:00,1,73.55,SL Hit (50% Premium Appreciation),-79.5
SENSEX,CE_SPREAD,2026-07-28 15:00:00,2026-07-29 09:15:00,1,71.45,SL Hit (50% Premium Appreciation),-81.6
SENSEX,CE_SPREAD,2026-07-28 15:03:00,2026-07-29 09:15:00,1,81.75,SL Hit (50% Premium Appreciation),-80.15
SENSEX,CE_SPREAD,2026-07-28 15:15:00,2026-07-29 09:15:00,1,87.9,SL Hit (50% Premium Appreciation),-74.0
SENSEX,CE_SPREAD,2026-07-29 09:15:00,2026-07-30 12:30:00,1,80.55,SL Hit (50% Premium Appreciation),-54.65
SENSEX,PE_SPREAD,2026-07-29 10:03:00,2026-07-30 09:18:00,1,55.35,Target Hit (50% Premium Decay),31.75
SENSEX,PE_SPREAD,2026-07-29 10:45:00,2026-07-30 09:21:00,1,63.55,Target Hit (50% Premium Decay),31.9
SENSEX,PE_SPREAD,2026-07-29 11:03:00,2026-07-30 09:24:00,1,59.8,Target Hit (50% Premium Decay),30.35
SENSEX,PE_SPREAD,2026-07-29 11:06:00,2026-07-30 09:30:00,1,55.95,Target Hit (50% Premium Decay),29.75
SENSEX,PE_SPREAD,2026-07-29 11:12:00,2026-07-30 09:24:00,1,59.05,Target Hit (50% Premium Decay),29.6
SENSEX,PE_SPREAD,2026-07-29 11:21:00,2026-07-30 09:30:00,1,55.85,Target Hit (50% Premium Decay),29.65
SENSEX,PE_SPREAD,2026-07-29 11:24:00,2026-07-30 09:24:00,1,58.9,Target Hit (50% Premium Decay),29.45
SENSEX,PE_SPREAD,2026-07-29 11:27:00,2026-07-30 09:24:00,1,59.25,Target Hit (50% Premium Decay),29.8
SENSEX,PE_SPREAD,2026-07-29 11:33:00,2026-07-30 09:24:00,1,60.5,Target Hit (50% Premium Decay),31.05
SENSEX,PE_SPREAD,2026-07-29 11:45:00,2026-07-30 09:30:00,1,56.95,Target Hit (50% Premium Decay),30.75
SENSEX,PE_SPREAD,2026-07-29 11:48:00,2026-07-30 09:24:00,1,58.9,Target Hit (50% Premium Decay),29.45
SENSEX,PE_SPREAD,2026-07-29 12:03:00,2026-07-30 09:30:00,1,57.25,Target Hit (50% Premium Decay),31.05
SENSEX,PE_SPREAD,2026-07-29 12:06:00,2026-07-30 09:30:00,1,56.3,Target Hit (50% Premium Decay),30.1
SENSEX,PE_SPREAD,2026-07-29 12:09:00,2026-07-30 09:30:00,1,52.9,Target Hit (50% Premium Decay),26.7
SENSEX,PE_SPREAD,2026-07-29 12:21:00,2026-07-30 09:30:00,1,55.6,Target Hit (50% Premium Decay),29.4
SENSEX,PE_SPREAD,2026-07-29 13:00:00,2026-07-30 09:30:00,1,56.3,Target Hit (50% Premium Decay),30.1
SENSEX,PE_SPREAD,2026-07-29 13:27:00,2026-07-30 11:15:00,1,63.95,Target Hit (50% Premium Decay),35.3
SENSEX,PE_SPREAD,2026-07-29 13:33:00,2026-07-30 11:15:00,1,62.5,Target Hit (50% Premium Decay),33.85
SENSEX,PE_SPREAD,2026-07-29 13:36:00,2026-07-30 09:48:00,1,51.15,Target Hit (50% Premium Decay),26.15
SENSEX,PE_SPREAD,2026-07-29 13:39:00,2026-07-30 09:48:00,1,51.35,Target Hit (50% Premium Decay),26.35
SENSEX,PE_SPREAD,2026-07-29 13:42:00,2026-07-30 11:15:00,1,67.5,Target Hit (50% Premium Decay),38.85
SENSEX,PE_SPREAD,2026-07-29 13:48:00,2026-07-30 11:15:00,1,62.9,Target Hit (50% Premium Decay),34.25
SENSEX,PE_SPREAD,2026-07-29 13:51:00,2026-07-30 10:03:00,1,48.0,Target Hit (50% Premium Decay),25.05
SENSEX,PE_SPREAD,2026-07-29 13:54:00,2026-07-30 11:15:00,1,62.05,Target Hit (50% Premium Decay),33.4
SENSEX,PE_SPREAD,2026-07-29 14:03:00,2026-07-30 11:24:00,1,56.85,Target Hit (50% Premium Decay),30.95
SENSEX,PE_SPREAD,2026-07-29 14:30:00,2026-07-30 11:24:00,1,53.4,Target Hit (50% Premium Decay),27.5
SENSEX,PE_SPREAD,2026-07-29 14:48:00,2026-07-30 11:24:00,1,56.1,Target Hit (50% Premium Decay),30.2
SENSEX,PE_SPREAD,2026-07-29 14:54:00,2026-07-30 11:24:00,1,52.85,Target Hit (50% Premium Decay),26.95
SENSEX,PE_SPREAD,2026-07-29 15:00:00,2026-07-30 11:24:00,1,53.05,Target Hit (50% Premium Decay),27.15
SENSEX,PE_SPREAD,2026-07-30 09:21:00,2026-07-30 12:30:00,1,45.35,Target Hit (50% Premium Decay),31.0
SENSEX,PE_SPREAD,2026-07-30 09:24:00,2026-07-30 12:30:00,1,42.7,Target Hit (50% Premium Decay),28.35
SENSEX,PE_SPREAD,2026-07-30 09:33:00,2026-07-30 12:30:00,1,45.4,Target Hit (50% Premium Decay),31.05
SENSEX,PE_SPREAD,2026-07-30 09:48:00,2026-07-30 10:27:00,1,39.25,SL Hit (50% Premium Appreciation),-20.25
SENSEX,PE_SPREAD,2026-07-30 09:51:00,2026-07-30 12:30:00,1,43.85,Target Hit (50% Premium Decay),29.5
SENSEX,PE_SPREAD,2026-07-30 10:09:00,2026-07-30 12:30:00,1,43.15,Target Hit (50% Premium Decay),28.8
SENSEX,PE_SPREAD,2026-07-30 10:45:00,2026-07-30 12:30:00,1,41.7,Target Hit (50% Premium Decay),27.35
SENSEX,PE_SPREAD,2026-07-30 10:57:00,2026-07-30 12:30:00,1,42.25,Target Hit (50% Premium Decay),27.9
SENSEX,PE_SPREAD,2026-07-30 11:00:00,2026-07-30 12:30:00,1,24.25,Target Hit (50% Premium Decay),16.2
SENSEX,PE_SPREAD,2026-07-30 11:03:00,2026-07-30 12:30:00,1,39.3,Target Hit (50% Premium Decay),24.95
SENSEX,PE_SPREAD,2026-07-30 11:09:00,2026-07-30 12:30:00,1,33.95,Target Hit (50% Premium Decay),19.6
SENSEX,PE_SPREAD,2026-07-30 11:12:00,2026-07-30 12:30:00,1,35.15,Target Hit (50% Premium Decay),20.8
SENSEX,PE_SPREAD,2026-07-30 11:15:00,2026-07-30 12:33:00,1,28.65,Target Hit (50% Premium Decay),17.2
SENSEX,PE_SPREAD,2026-07-30 11:18:00,2026-07-30 12:30:00,1,30.15,Target Hit (50% Premium Decay),15.8
SENSEX,PE_SPREAD,2026-07-30 11:24:00,2026-07-30 12:33:00,1,25.9,Target Hit (50% Premium Decay),14.45
SENSEX,PE_SPREAD,2026-07-30 11:27:00,2026-07-30 12:33:00,1,28.25,Target Hit (50% Premium Decay),16.8
SENSEX,PE_SPREAD,2026-07-30 11:30:00,2026-07-30 12:33:00,1,26.95,Target Hit (50% Premium Decay),15.5
SENSEX,PE_SPREAD,2026-07-30 11:33:00,2026-07-30 12:33:00,1,27.5,Target Hit (50% Premium Decay),16.05
SENSEX,PE_SPREAD,2026-07-30 11:36:00,2026-07-30 12:33:00,1,27.85,Target Hit (50% Premium Decay),16.4
SENSEX,PE_SPREAD,2026-07-30 11:57:00,2026-07-30 12:30:00,1,29.45,Target Hit (50% Premium Decay),15.1
SENSEX,PE_SPREAD,2026-07-30 12:00:00,2026-07-30 12:30:00,1,34.05,Target Hit (50% Premium Decay),19.7
SENSEX,PE_SPREAD,2026-07-30 12:18:00,2026-07-30 12:33:00,1,28.4,Target Hit (50% Premium Decay),16.95
SENSEX,PE_SPREAD,2026-07-30 12:21:00,2026-07-30 12:30:00,1,29.25,Target Hit (50% Premium Decay),14.9
SENSEX,PE_SPREAD,2026-07-30 12:24:00,2026-07-30 12:30:00,1,28.8,Target Hit (50% Premium Decay),14.45
SENSEX,PE_SPREAD,2026-07-30 12:27:00,2026-07-30 12:33:00,1,25.85,Target Hit (50% Premium Decay),14.4
SENSEX,PE_SPREAD,2026-07-30 12:30:00,2026-07-30 14:18:00,1,14.35,SL Hit (50% Premium Appreciation),-12.5
SENSEX,PE_SPREAD,2026-07-30 12:33:00,2026-07-30 13:09:00,1,16.6,SL Hit (50% Premium Appreciation),-14.45
SENSEX,PE_SPREAD,2026-07-30 12:48:00,2026-07-30 13:12:00,1,20.75,SL Hit (50% Premium Appreciation),-14.4
SENSEX,PE_SPREAD,2026-07-30 12:51:00,2026-07-30 13:09:00,1,19.35,SL Hit (50% Premium Appreciation),-11.7
SENSEX,PE_SPREAD,2026-07-30 12:54:00,2026-07-30 13:09:00,1,20.0,SL Hit (50% Premium Appreciation),-11.05
SENSEX,PE_SPREAD,2026-07-30 13:00:00,2026-07-30 13:12:00,1,23.3,SL Hit (50% Premium Appreciation),-11.85
SENSEX,PE_SPREAD,2026-07-30 13:24:00,2026-07-30 14:15:00,1,25.7,SL Hit (50% Premium Appreciation),-13.5
SENSEX,PE_SPREAD,2026-07-30 13:27:00,2026-07-30 13:51:00,1,16.8,Target Hit (50% Premium Decay),8.45
SENSEX,PE_SPREAD,2026-07-30 13:36:00,2026-07-30 14:09:00,1,17.25,SL Hit (50% Premium Appreciation),-14.15
SENSEX,PE_SPREAD,2026-07-30 13:39:00,2026-07-30 14:09:00,1,16.45,SL Hit (50% Premium Appreciation),-14.95
SENSEX,PE_SPREAD,2026-07-30 13:48:00,2026-07-30 14:12:00,1,21.75,SL Hit (50% Premium Appreciation),-13.35
SENSEX,PE_SPREAD,2026-07-30 13:54:00,2026-07-30 14:09:00,1,18.3,SL Hit (50% Premium Appreciation),-13.1
SENSEX,PE_SPREAD,2026-07-30 13:57:00,2026-07-30 14:12:00,1,21.0,SL Hit (50% Premium Appreciation),-14.1
SENSEX,PE_SPREAD,2026-07-30 14:39:00,2026-07-30 14:45:00,1,11.45,Target Hit (50% Premium Decay),6.4
SENSEX,PE_SPREAD,2026-07-30 14:45:00,2026-07-30 15:00:00,1,5.05,Target Hit (50% Premium Decay),4.8
SENSEX,PE_SPREAD,2026-07-30 14:48:00,2026-07-30 15:00:00,1,3.6,Target Hit (50% Premium Decay),3.35
SENSEX,PE_SPREAD,2026-07-30 14:57:00,2026-07-30 15:00:00,1,3.0,Target Hit (50% Premium Decay),2.75
SENSEX,PE_SPREAD,2026-07-30 15:03:00,2026-07-30 15:06:00,1,0.25,Target Hit (50% Premium Decay),0.25
SENSEX,PE_SPREAD,2026-07-30 15:24:00,2026-07-30 15:27:00,1,0.05,Target Hit (50% Premium Decay),0.05
SENSEX,PE_SPREAD,2026-07-31 09:42:00,2026-08-03 09:15:00,1,67.85,Target Hit (50% Premium Decay),47.55
SENSEX,PE_SPREAD,2026-07-31 09:45:00,2026-08-03 09:15:00,1,71.7,Target Hit (50% Premium Decay),47.3
SENSEX,PE_SPREAD,2026-07-31 09:54:00,2026-08-03 09:15:00,1,71.15,Target Hit (50% Premium Decay),46.75
SENSEX,PE_SPREAD,2026-07-31 10:21:00,2026-08-03 09:15:00,1,73.0,Target Hit (50% Premium Decay),48.6
SENSEX,PE_SPREAD,2026-07-31 10:24:00,2026-08-03 09:15:00,1,74.2,Target Hit (50% Premium Decay),49.8
SENSEX,PE_SPREAD,2026-07-31 10:30:00,2026-08-03 09:15:00,1,75.1,Target Hit (50% Premium Decay),50.7
SENSEX,PE_SPREAD,2026-07-31 10:39:00,2026-08-03 09:15:00,1,73.55,Target Hit (50% Premium Decay),49.15
SENSEX,PE_SPREAD,2026-07-31 11:00:00,2026-08-03 09:15:00,1,72.75,Target Hit (50% Premium Decay),48.35
SENSEX,PE_SPREAD,2026-07-31 11:06:00,2026-08-03 09:15:00,1,74.95,Target Hit (50% Premium Decay),50.55
SENSEX,PE_SPREAD,2026-07-31 11:15:00,2026-08-03 09:15:00,1,70.2,Target Hit (50% Premium Decay),45.8
SENSEX,PE_SPREAD,2026-07-31 11:36:00,2026-08-03 09:15:00,1,68.6,Target Hit (50% Premium Decay),44.2
SENSEX,PE_SPREAD,2026-07-31 11:39:00,2026-08-03 09:15:00,1,68.65,Target Hit (50% Premium Decay),44.25
SENSEX,PE_SPREAD,2026-07-31 11:45:00,2026-08-03 09:15:00,1,67.55,Target Hit (50% Premium Decay),43.15
SENSEX,PE_SPREAD,2026-07-31 11:51:00,2026-08-03 09:15:00,1,68.9,Target Hit (50% Premium Decay),44.5
SENSEX,PE_SPREAD,2026-07-31 11:57:00,2026-08-03 09:15:00,1,65.95,Target Hit (50% Premium Decay),41.55
SENSEX,PE_SPREAD,2026-07-31 12:03:00,2026-08-03 09:15:00,1,65.9,Target Hit (50% Premium Decay),41.5
SENSEX,PE_SPREAD,2026-07-31 12:06:00,2026-08-03 09:15:00,1,66.4,Target Hit (50% Premium Decay),42.0
SENSEX,PE_SPREAD,2026-07-31 12:09:00,2026-08-03 09:15:00,1,73.55,Target Hit (50% Premium Decay),44.9
SENSEX,PE_SPREAD,2026-07-31 12:15:00,2026-08-03 09:15:00,1,70.0,Target Hit (50% Premium Decay),41.35
SENSEX,PE_SPREAD,2026-07-31 13:18:00,2026-08-03 09:15:00,1,68.05,Target Hit (50% Premium Decay),34.05
SENSEX,PE_SPREAD,2026-07-31 13:21:00,2026-08-03 09:15:00,1,68.45,Target Hit (50% Premium Decay),34.45
SENSEX,PE_SPREAD,2026-07-31 13:24:00,2026-08-03 09:27:00,1,67.75,Target Hit (50% Premium Decay),34.0
SENSEX,PE_SPREAD,2026-07-31 13:30:00,2026-08-03 09:15:00,1,70.7,Target Hit (50% Premium Decay),36.7
SENSEX,PE_SPREAD,2026-07-31 13:57:00,2026-08-03 09:30:00,1,67.35,Target Hit (50% Premium Decay),34.55
SENSEX,PE_SPREAD,2026-07-31 14:00:00,2026-08-03 09:15:00,1,71.1,Target Hit (50% Premium Decay),37.1
SENSEX,PE_SPREAD,2026-07-31 14:15:00,2026-08-03 09:15:00,1,71.3,Target Hit (50% Premium Decay),37.3
SENSEX,PE_SPREAD,2026-07-31 14:27:00,2026-08-03 09:15:00,1,71.3,Target Hit (50% Premium Decay),37.3
SENSEX,PE_SPREAD,2026-07-31 15:03:00,2026-08-03 09:15:00,1,65.15,Target Hit (50% Premium Decay),36.5
SENSEX,PE_SPREAD,2026-08-03 10:27:00,2026-08-04 12:03:00,1,61.25,SL Hit (50% Premium Appreciation),-30.7
SENSEX,PE_SPREAD,2026-08-03 10:39:00,2026-08-04 12:06:00,1,61.6,SL Hit (50% Premium Appreciation),-32.25
SENSEX,PE_SPREAD,2026-08-03 10:48:00,2026-08-04 12:03:00,1,60.95,SL Hit (50% Premium Appreciation),-31.0
SENSEX,PE_SPREAD,2026-08-03 10:51:00,2026-08-04 12:00:00,1,60.6,SL Hit (50% Premium Appreciation),-30.35
SENSEX,PE_SPREAD,2026-08-03 11:03:00,2026-08-04 11:57:00,1,58.35,SL Hit (50% Premium Appreciation),-29.75
SENSEX,PE_SPREAD,2026-08-03 11:12:00,2026-08-04 12:00:00,1,60.5,SL Hit (50% Premium Appreciation),-30.45
SENSEX,PE_SPREAD,2026-08-03 11:18:00,2026-08-04 12:03:00,1,68.55,SL Hit (50% Premium Appreciation),-34.65
SENSEX,PE_SPREAD,2026-08-03 11:24:00,2026-08-04 12:06:00,1,69.3,SL Hit (50% Premium Appreciation),-35.7
SENSEX,PE_SPREAD,2026-08-03 11:39:00,2026-08-04 12:00:00,1,58.8,SL Hit (50% Premium Appreciation),-32.15
SENSEX,PE_SPREAD,2026-08-03 11:42:00,2026-08-04 12:06:00,1,69.8,SL Hit (50% Premium Appreciation),-35.2
SENSEX,PE_SPREAD,2026-08-03 11:51:00,2026-08-04 12:03:00,1,68.45,SL Hit (50% Premium Appreciation),-34.75
SENSEX,PE_SPREAD,2026-08-03 12:09:00,2026-08-04 12:00:00,1,60.0,SL Hit (50% Premium Appreciation),-30.95
SENSEX,PE_SPREAD,2026-08-03 12:15:00,2026-08-04 11:57:00,1,65.85,SL Hit (50% Premium Appreciation),-33.75
SENSEX,PE_SPREAD,2026-08-03 12:24:00,2026-08-04 12:00:00,1,66.5,SL Hit (50% Premium Appreciation),-35.6
SENSEX,PE_SPREAD,2026-08-03 13:21:00,2026-08-04 12:39:00,1,65.3,SL Hit (50% Premium Appreciation),-32.95
SENSEX,PE_SPREAD,2026-08-03 13:24:00,2026-08-04 12:09:00,1,62.95,SL Hit (50% Premium Appreciation),-34.15
SENSEX,PE_SPREAD,2026-08-03 13:27:00,2026-08-04 12:06:00,1,61.75,SL Hit (50% Premium Appreciation),-32.1
SENSEX,PE_SPREAD,2026-08-03 13:33:00,2026-08-04 12:00:00,1,59.75,SL Hit (50% Premium Appreciation),-31.2
SENSEX,PE_SPREAD,2026-08-03 13:36:00,2026-08-04 12:09:00,1,70.4,SL Hit (50% Premium Appreciation),-38.6
SENSEX,PE_SPREAD,2026-08-03 13:42:00,2026-08-04 12:00:00,1,60.3,SL Hit (50% Premium Appreciation),-30.65
SENSEX,PE_SPREAD,2026-08-03 14:03:00,2026-08-04 12:06:00,1,61.6,SL Hit (50% Premium Appreciation),-32.25
SENSEX,PE_SPREAD,2026-08-03 14:06:00,2026-08-04 12:03:00,1,61.25,SL Hit (50% Premium Appreciation),-30.7
SENSEX,PE_SPREAD,2026-08-03 14:09:00,2026-08-04 12:03:00,1,61.1,SL Hit (50% Premium Appreciation),-30.85
SENSEX,PE_SPREAD,2026-08-03 14:12:00,2026-08-04 12:00:00,1,60.45,SL Hit (50% Premium Appreciation),-30.5
SENSEX,PE_SPREAD,2026-08-03 14:15:00,2026-08-04 12:09:00,1,63.2,SL Hit (50% Premium Appreciation),-33.9
SENSEX,PE_SPREAD,2026-08-03 14:27:00,2026-08-04 12:09:00,1,62.95,SL Hit (50% Premium Appreciation),-34.15
SENSEX,PE_SPREAD,2026-08-03 14:30:00,2026-08-04 12:06:00,1,62.2,SL Hit (50% Premium Appreciation),-31.65
SENSEX,PE_SPREAD,2026-08-03 14:36:00,2026-08-04 12:06:00,1,61.55,SL Hit (50% Premium Appreciation),-32.3
SENSEX,PE_SPREAD,2026-08-03 14:39:00,2026-08-04 12:09:00,1,70.5,SL Hit (50% Premium Appreciation),-38.5
SENSEX,PE_SPREAD,2026-08-03 14:57:00,2026-08-04 12:09:00,1,71.3,SL Hit (50% Premium Appreciation),-37.7
SENSEX,PE_SPREAD,2026-08-04 09:39:00,2026-08-04 11:48:00,1,56.9,SL Hit (50% Premium Appreciation),-29.05
SENSEX,PE_SPREAD,2026-08-04 10:06:00,2026-08-04 11:48:00,1,62.1,SL Hit (50% Premium Appreciation),-32.55
SENSEX,PE_SPREAD,2026-08-04 11:03:00,2026-08-04 12:09:00,1,64.0,SL Hit (50% Premium Appreciation),-33.1
SENSEX,PE_SPREAD,2026-08-04 11:06:00,2026-08-04 12:09:00,1,63.75,SL Hit (50% Premium Appreciation),-33.35
SENSEX,PE_SPREAD,2026-08-04 11:09:00,2026-08-04 12:09:00,1,63.4,SL Hit (50% Premium Appreciation),-33.7
SENSEX,PE_SPREAD,2026-08-04 11:12:00,2026-08-04 12:09:00,1,64.4,SL Hit (50% Premium Appreciation),-32.7
SENSEX,PE_SPREAD,2026-08-04 11:15:00,2026-08-04 12:06:00,1,61.85,SL Hit (50% Premium Appreciation),-32.0
SENSEX,PE_SPREAD,2026-08-04 11:18:00,2026-08-04 12:06:00,1,62.5,SL Hit (50% Premium Appreciation),-31.35
SENSEX,PE_SPREAD,2026-08-04 11:21:00,2026-08-04 12:39:00,1,65.35,SL Hit (50% Premium Appreciation),-32.9
SENSEX,CE_SPREAD,2026-08-04 12:27:00,2026-08-05 09:15:00,1,67.65,SL Hit (50% Premium Appreciation),-55.8
SENSEX,CE_SPREAD,2026-08-04 12:36:00,2026-08-05 09:15:00,1,73.05,SL Hit (50% Premium Appreciation),-61.7
SENSEX,CE_SPREAD,2026-08-04 12:54:00,2026-08-05 09:15:00,1,69.95,SL Hit (50% Premium Appreciation),-64.8
SENSEX,CE_SPREAD,2026-08-04 12:57:00,2026-08-05 09:15:00,1,70.2,SL Hit (50% Premium Appreciation),-64.55
SENSEX,CE_SPREAD,2026-08-04 13:24:00,2026-08-05 09:15:00,1,64.0,SL Hit (50% Premium Appreciation),-70.75
SENSEX,CE_SPREAD,2026-08-04 13:27:00,2026-08-05 09:15:00,1,62.2,SL Hit (50% Premium Appreciation),-72.55
SENSEX,CE_SPREAD,2026-08-04 13:30:00,2026-08-05 09:15:00,1,69.15,SL Hit (50% Premium Appreciation),-79.4
SENSEX,CE_SPREAD,2026-08-04 13:42:00,2026-08-05 09:15:00,1,69.1,SL Hit (50% Premium Appreciation),-79.45
SENSEX,CE_SPREAD,2026-08-04 13:45:00,2026-08-05 09:15:00,1,72.5,SL Hit (50% Premium Appreciation),-76.05
SENSEX,CE_SPREAD,2026-08-04 13:51:00,2026-08-05 09:15:00,1,69.55,SL Hit (50% Premium Appreciation),-79.0
SENSEX,CE_SPREAD,2026-08-04 13:54:00,2026-08-05 09:15:00,1,67.9,SL Hit (50% Premium Appreciation),-80.65
SENSEX,CE_SPREAD,2026-08-04 14:36:00,2026-08-05 09:15:00,1,75.8,SL Hit (50% Premium Appreciation),-72.75
SENSEX,CE_SPREAD,2026-08-04 14:42:00,2026-08-05 09:15:00,1,77.2,SL Hit (50% Premium Appreciation),-71.35
SENSEX,CE_SPREAD,2026-08-04 14:45:00,2026-08-05 09:15:00,1,77.0,SL Hit (50% Premium Appreciation),-71.55
SENSEX,CE_SPREAD,2026-08-04 14:51:00,2026-08-05 09:15:00,1,77.4,SL Hit (50% Premium Appreciation),-71.15
SENSEX,CE_SPREAD,2026-08-04 15:00:00,2026-08-05 09:15:00,1,71.95,SL Hit (50% Premium Appreciation),-76.6
SENSEX,CE_SPREAD,2026-08-04 15:03:00,2026-08-05 09:15:00,1,71.0,SL Hit (50% Premium Appreciation),-77.55
SENSEX,PE_SPREAD,2026-08-05 10:03:00,2026-08-05 12:30:00,1,62.2,SL Hit (50% Premium Appreciation),-31.5
SENSEX,PE_SPREAD,2026-08-05 10:12:00,2026-08-05 11:54:00,1,57.25,SL Hit (50% Premium Appreciation),-31.35
SENSEX,PE_SPREAD,2026-08-05 10:21:00,2026-08-05 11:54:00,1,57.75,SL Hit (50% Premium Appreciation),-30.85
SENSEX,PE_SPREAD,2026-08-05 10:24:00,2026-08-05 12:48:00,1,67.65,SL Hit (50% Premium Appreciation),-37.45
SENSEX,PE_SPREAD,2026-08-05 10:45:00,2026-08-05 12:30:00,1,55.75,SL Hit (50% Premium Appreciation),-28.45
SENSEX,PE_SPREAD,2026-08-05 10:48:00,2026-08-05 12:30:00,1,53.75,SL Hit (50% Premium Appreciation),-30.45
SENSEX,PE_SPREAD,2026-08-05 10:51:00,2026-08-05 12:30:00,1,53.35,SL Hit (50% Premium Appreciation),-30.85
SENSEX,PE_SPREAD,2026-08-05 10:54:00,2026-08-05 11:54:00,1,48.7,SL Hit (50% Premium Appreciation),-27.55
SENSEX,PE_SPREAD,2026-08-05 11:09:00,2026-08-05 11:54:00,1,58.25,SL Hit (50% Premium Appreciation),-30.35
SENSEX,PE_SPREAD,2026-08-05 11:18:00,2026-08-05 12:30:00,1,61.85,SL Hit (50% Premium Appreciation),-31.85
SENSEX,PE_SPREAD,2026-08-05 12:18:00,2026-08-06 14:24:00,1,68.1,Target Hit (50% Premium Decay),34.5
SENSEX,CE_SPREAD,2026-08-05 13:06:00,2026-08-06 11:21:00,1,78.35,SL Hit (50% Premium Appreciation),-40.6
SENSEX,CE_SPREAD,2026-08-05 13:12:00,2026-08-06 14:03:00,1,80.1,SL Hit (50% Premium Appreciation),-41.3
SENSEX,CE_SPREAD,2026-08-05 13:27:00,2026-08-06 11:21:00,1,78.7,SL Hit (50% Premium Appreciation),-40.25
SENSEX,CE_SPREAD,2026-08-05 13:36:00,2026-08-06 09:15:00,1,72.5,SL Hit (50% Premium Appreciation),-39.65
SENSEX,CE_SPREAD,2026-08-05 13:54:00,2026-08-06 09:15:00,1,71.1,SL Hit (50% Premium Appreciation),-41.05
SENSEX,CE_SPREAD,2026-08-05 14:12:00,2026-08-06 09:15:00,1,70.55,SL Hit (50% Premium Appreciation),-41.6
SENSEX,CE_SPREAD,2026-08-05 14:15:00,2026-08-06 09:15:00,1,64.65,SL Hit (50% Premium Appreciation),-47.5
SENSEX,CE_SPREAD,2026-08-05 14:24:00,2026-08-06 09:15:00,1,77.35,SL Hit (50% Premium Appreciation),-42.85
SENSEX,CE_SPREAD,2026-08-05 14:54:00,2026-08-06 09:15:00,1,78.75,SL Hit (50% Premium Appreciation),-41.45
SENSEX,CE_SPREAD,2026-08-05 14:57:00,2026-08-06 09:15:00,1,77.15,SL Hit (50% Premium Appreciation),-43.05
SENSEX,PE_SPREAD,2026-08-06 10:24:00,2026-08-06 15:15:00,1,67.65,Target Hit (50% Premium Decay),45.2
SENSEX,PE_SPREAD,2026-08-06 10:27:00,2026-08-06 15:15:00,1,66.65,Target Hit (50% Premium Decay),44.2
SENSEX,PE_SPREAD,2026-08-06 10:30:00,2026-08-06 15:15:00,1,64.55,Target Hit (50% Premium Decay),42.1
SENSEX,PE_SPREAD,2026-08-06 10:39:00,2026-08-06 15:15:00,1,68.05,Target Hit (50% Premium Decay),45.6
SENSEX,PE_SPREAD,2026-08-06 10:42:00,2026-08-06 15:15:00,1,67.25,Target Hit (50% Premium Decay),44.8
SENSEX,PE_SPREAD,2026-08-06 10:45:00,2026-08-06 15:15:00,1,70.15,Target Hit (50% Premium Decay),47.7
SENSEX,PE_SPREAD,2026-08-06 10:57:00,2026-08-06 15:15:00,1,67.7,Target Hit (50% Premium Decay),45.25
SENSEX,PE_SPREAD,2026-08-06 11:00:00,2026-08-06 15:15:00,1,69.25,Target Hit (50% Premium Decay),46.8
SENSEX,PE_SPREAD,2026-08-06 11:09:00,2026-08-06 15:15:00,1,63.6,Target Hit (50% Premium Decay),41.15
SENSEX,PE_SPREAD,2026-08-06 11:36:00,2026-08-06 15:15:00,1,68.4,Target Hit (50% Premium Decay),38.65
SENSEX,PE_SPREAD,2026-08-06 11:54:00,2026-08-06 15:15:00,1,67.95,Target Hit (50% Premium Decay),38.2
SENSEX,PE_SPREAD,2026-08-06 11:57:00,2026-08-06 15:15:00,1,65.1,Target Hit (50% Premium Decay),35.35
SENSEX,PE_SPREAD,2026-08-06 12:00:00,2026-08-06 15:21:00,1,74.2,Target Hit (50% Premium Decay),48.4
SENSEX,PE_SPREAD,2026-08-06 12:09:00,2026-08-06 15:15:00,1,70.3,Target Hit (50% Premium Decay),40.55
SENSEX,PE_SPREAD,2026-08-06 12:18:00,2026-08-06 15:15:00,1,70.15,Target Hit (50% Premium Decay),40.4
SENSEX,PE_SPREAD,2026-08-06 12:33:00,2026-08-06 15:15:00,1,67.7,Target Hit (50% Premium Decay),37.95
SENSEX,PE_SPREAD,2026-08-06 12:36:00,2026-08-06 15:15:00,1,67.95,Target Hit (50% Premium Decay),38.2
SENSEX,PE_SPREAD,2026-08-06 12:45:00,2026-08-06 15:15:00,1,68.85,Target Hit (50% Premium Decay),39.1
SENSEX,PE_SPREAD,2026-08-06 12:48:00,2026-08-06 15:15:00,1,69.15,Target Hit (50% Premium Decay),39.4
SENSEX,PE_SPREAD,2026-08-06 13:03:00,2026-08-06 15:15:00,1,67.45,Target Hit (50% Premium Decay),37.7
SENSEX,PE_SPREAD,2026-08-06 13:06:00,2026-08-06 15:15:00,1,70.6,Target Hit (50% Premium Decay),40.85
SENSEX,PE_SPREAD,2026-08-06 13:18:00,2026-08-06 15:15:00,1,66.0,Target Hit (50% Premium Decay),36.25
SENSEX,PE_SPREAD,2026-08-06 13:21:00,2026-08-06 15:15:00,1,68.7,Target Hit (50% Premium Decay),38.95
SENSEX,PE_SPREAD,2026-08-06 13:33:00,2026-08-06 15:15:00,1,62.3,Target Hit (50% Premium Decay),32.55
SENSEX,PE_SPREAD,2026-08-06 13:36:00,2026-08-06 15:15:00,1,65.4,Target Hit (50% Premium Decay),35.65
SENSEX,PE_SPREAD,2026-08-06 13:42:00,2026-08-06 15:15:00,1,66.55,Target Hit (50% Premium Decay),36.8
SENSEX,PE_SPREAD,2026-08-06 13:54:00,2026-08-06 15:15:00,1,66.95,Target Hit (50% Premium Decay),37.2
SENSEX,PE_SPREAD,2026-08-06 14:00:00,2026-08-06 15:21:00,1,71.25,Target Hit (50% Premium Decay),45.45
SENSEX,PE_SPREAD,2026-08-06 14:06:00,2026-08-06 15:21:00,1,67.0,Target Hit (50% Premium Decay),41.2
SENSEX,PE_SPREAD,2026-08-06 14:30:00,2026-08-06 15:21:00,1,61.9,Target Hit (50% Premium Decay),36.1
SENSEX,PE_SPREAD,2026-08-06 14:33:00,2026-08-06 15:21:00,1,64.2,Target Hit (50% Premium Decay),38.4
SENSEX,PE_SPREAD,2026-08-06 15:09:00,2026-08-06 15:21:00,1,54.4,Target Hit (50% Premium Decay),36.3
SENSEX,PE_SPREAD,2026-08-07 09:15:00,2026-08-11 09:45:00,1,63.85,SL Hit (50% Premium Appreciation),-34.35
SENSEX,PE_SPREAD,2026-08-07 09:45:00,2026-08-11 09:39:00,1,74.3,SL Hit (50% Premium Appreciation),-37.4
SENSEX,PE_SPREAD,2026-08-07 09:51:00,2026-08-11 09:21:00,1,71.15,SL Hit (50% Premium Appreciation),-36.0
SENSEX,PE_SPREAD,2026-08-07 09:54:00,2026-08-11 09:21:00,1,70.8,SL Hit (50% Premium Appreciation),-36.35
SENSEX,PE_SPREAD,2026-08-07 10:00:00,2026-08-11 09:39:00,1,72.8,SL Hit (50% Premium Appreciation),-38.9
SENSEX,CE_SPREAD,2026-08-07 10:03:00,2026-08-11 09:21:00,1,89.4,Target Hit (50% Premium Decay),45.0
SENSEX,CE_SPREAD,2026-08-07 10:06:00,2026-08-11 09:39:00,1,87.95,Target Hit (50% Premium Decay),45.75
SENSEX,CE_SPREAD,2026-08-07 10:09:00,2026-08-11 09:39:00,1,86.1,Target Hit (50% Premium Decay),43.9
SENSEX,CE_SPREAD,2026-08-07 10:12:00,2026-08-11 09:45:00,1,94.4,Target Hit (50% Premium Decay),50.7
SENSEX,CE_SPREAD,2026-08-07 10:51:00,2026-08-11 10:12:00,1,86.0,Target Hit (50% Premium Decay),43.75
SENSEX,CE_SPREAD,2026-08-07 11:00:00,2026-08-10 09:18:00,1,90.65,Target Hit (50% Premium Decay),61.75
SENSEX,CE_SPREAD,2026-08-07 11:09:00,2026-08-10 09:18:00,1,91.05,Target Hit (50% Premium Decay),62.15
SENSEX,CE_SPREAD,2026-08-07 11:12:00,2026-08-10 09:18:00,1,89.6,Target Hit (50% Premium Decay),60.7
SENSEX,CE_SPREAD,2026-08-07 11:15:00,2026-08-10 09:18:00,1,90.05,Target Hit (50% Premium Decay),61.15
SENSEX,CE_SPREAD,2026-08-07 11:18:00,2026-08-10 09:18:00,1,88.55,Target Hit (50% Premium Decay),59.65
SENSEX,CE_SPREAD,2026-08-07 11:21:00,2026-08-10 09:18:00,1,91.2,Target Hit (50% Premium Decay),62.3
SENSEX,CE_SPREAD,2026-08-07 11:48:00,2026-08-11 10:18:00,1,83.3,Target Hit (50% Premium Decay),42.55
SENSEX,CE_SPREAD,2026-08-07 12:24:00,2026-08-10 09:18:00,1,88.4,Target Hit (50% Premium Decay),59.5
SENSEX,CE_SPREAD,2026-08-07 13:00:00,2026-08-10 09:18:00,1,88.25,Target Hit (50% Premium Decay),59.35
SENSEX,CE_SPREAD,2026-08-07 13:15:00,2026-08-10 09:18:00,1,88.45,Target Hit (50% Premium Decay),59.55
SENSEX,CE_SPREAD,2026-08-07 13:18:00,2026-08-10 09:18:00,1,87.45,Target Hit (50% Premium Decay),58.55
SENSEX,CE_SPREAD,2026-08-07 13:21:00,2026-08-10 09:18:00,1,88.65,Target Hit (50% Premium Decay),59.75
SENSEX,CE_SPREAD,2026-08-07 13:33:00,2026-08-10 09:18:00,1,85.35,Target Hit (50% Premium Decay),56.45
SENSEX,CE_SPREAD,2026-08-07 13:39:00,2026-08-10 09:18:00,1,87.9,Target Hit (50% Premium Decay),59.0
SENSEX,CE_SPREAD,2026-08-07 14:00:00,2026-08-10 09:18:00,1,91.5,Target Hit (50% Premium Decay),62.6
SENSEX,CE_SPREAD,2026-08-07 14:03:00,2026-08-10 09:18:00,1,90.0,Target Hit (50% Premium Decay),61.1
SENSEX,CE_SPREAD,2026-08-07 14:06:00,2026-08-10 09:18:00,1,86.2,Target Hit (50% Premium Decay),57.3
SENSEX,CE_SPREAD,2026-08-07 14:27:00,2026-08-10 09:18:00,1,85.1,Target Hit (50% Premium Decay),56.2
SENSEX,CE_SPREAD,2026-08-07 14:39:00,2026-08-12 09:15:00,1,90.05,Target Hit (50% Premium Decay),58.75
SENSEX,CE_SPREAD,2026-08-07 14:42:00,2026-08-12 09:15:00,1,90.9,Target Hit (50% Premium Decay),59.6
SENSEX,CE_SPREAD,2026-08-07 14:45:00,2026-08-12 09:15:00,1,93.4,Target Hit (50% Premium Decay),62.1
SENSEX,CE_SPREAD,2026-08-07 14:54:00,2026-08-12 09:15:00,1,90.35,Target Hit (50% Premium Decay),59.05
SENSEX,CE_SPREAD,2026-08-07 15:00:00,2026-08-12 09:15:00,1,91.35,Target Hit (50% Premium Decay),60.05
SENSEX,CE_SPREAD,2026-08-10 09:27:00,2026-08-12 09:15:00,1,81.1,Target Hit (50% Premium Decay),56.45
SENSEX,CE_SPREAD,2026-08-10 09:51:00,2026-08-12 09:15:00,1,84.2,Target Hit (50% Premium Decay),52.9
SENSEX,CE_SPREAD,2026-08-10 09:54:00,2026-08-12 09:15:00,1,85.4,Target Hit (50% Premium Decay),54.1
SENSEX,CE_SPREAD,2026-08-10 10:00:00,2026-08-12 09:15:00,1,87.3,Target Hit (50% Premium Decay),56.0
SENSEX,PE_SPREAD,2026-08-10 10:57:00,2026-08-11 10:18:00,1,70.15,SL Hit (50% Premium Appreciation),-35.95
SENSEX,PE_SPREAD,2026-08-10 11:03:00,2026-08-11 09:45:00,1,69.05,SL Hit (50% Premium Appreciation),-36.05
SENSEX,PE_SPREAD,2026-08-10 11:06:00,2026-08-11 09:45:00,1,69.95,SL Hit (50% Premium Appreciation),-35.15
SENSEX,PE_SPREAD,2026-08-10 11:12:00,2026-08-11 09:42:00,1,67.4,SL Hit (50% Premium Appreciation),-35.95
SENSEX,PE_SPREAD,2026-08-10 11:15:00,2026-08-11 09:42:00,1,67.6,SL Hit (50% Premium Appreciation),-35.75
SENSEX,PE_SPREAD,2026-08-10 11:21:00,2026-08-11 09:42:00,1,67.8,SL Hit (50% Premium Appreciation),-35.55
SENSEX,PE_SPREAD,2026-08-10 11:24:00,2026-08-11 09:36:00,1,66.8,SL Hit (50% Premium Appreciation),-33.75
SENSEX,PE_SPREAD,2026-08-10 11:27:00,2026-08-11 09:36:00,1,66.35,SL Hit (50% Premium Appreciation),-34.2
SENSEX,PE_SPREAD,2026-08-10 11:39:00,2026-08-11 09:42:00,1,68.45,SL Hit (50% Premium Appreciation),-34.9
SENSEX,PE_SPREAD,2026-08-10 11:42:00,2026-08-11 09:45:00,1,69.65,SL Hit (50% Premium Appreciation),-35.45
SENSEX,PE_SPREAD,2026-08-10 11:51:00,2026-08-11 09:42:00,1,67.3,SL Hit (50% Premium Appreciation),-36.05
SENSEX,PE_SPREAD,2026-08-10 11:54:00,2026-08-11 09:45:00,1,69.15,SL Hit (50% Premium Appreciation),-35.95
SENSEX,PE_SPREAD,2026-08-10 12:12:00,2026-08-11 09:21:00,1,65.8,SL Hit (50% Premium Appreciation),-33.7
SENSEX,PE_SPREAD,2026-08-10 12:15:00,2026-08-11 09:15:00,1,62.65,SL Hit (50% Premium Appreciation),-32.6
SENSEX,PE_SPREAD,2026-08-10 12:27:00,2026-08-11 09:18:00,1,65.3,SL Hit (50% Premium Appreciation),-32.8
SENSEX,PE_SPREAD,2026-08-10 12:30:00,2026-08-11 09:18:00,1,64.15,SL Hit (50% Premium Appreciation),-33.95
SENSEX,PE_SPREAD,2026-08-10 12:39:00,2026-08-11 09:18:00,1,63.8,SL Hit (50% Premium Appreciation),-34.3
SENSEX,PE_SPREAD,2026-08-10 13:24:00,2026-08-11 09:18:00,1,60.85,SL Hit (50% Premium Appreciation),-33.4
SENSEX,PE_SPREAD,2026-08-10 13:27:00,2026-08-11 09:42:00,1,68.0,SL Hit (50% Premium Appreciation),-35.35
SENSEX,PE_SPREAD,2026-08-10 13:30:00,2026-08-11 09:36:00,1,66.95,SL Hit (50% Premium Appreciation),-33.6
SENSEX,PE_SPREAD,2026-08-10 13:33:00,2026-08-11 09:21:00,1,65.6,SL Hit (50% Premium Appreciation),-33.9
SENSEX,PE_SPREAD,2026-08-10 13:36:00,2026-08-11 09:21:00,1,65.75,SL Hit (50% Premium Appreciation),-33.75
SENSEX,PE_SPREAD,2026-08-10 13:45:00,2026-08-11 09:36:00,1,67.0,SL Hit (50% Premium Appreciation),-33.55
SENSEX,PE_SPREAD,2026-08-10 13:51:00,2026-08-11 09:21:00,1,65.85,SL Hit (50% Premium Appreciation),-33.65
SENSEX,PE_SPREAD,2026-08-10 14:09:00,2026-08-11 09:42:00,1,67.6,SL Hit (50% Premium Appreciation),-35.75
SENSEX,CE_SPREAD,2026-08-10 14:33:00,2026-08-11 12:00:00,1,87.4,Target Hit (50% Premium Decay),44.2
SENSEX,CE_SPREAD,2026-08-10 15:00:00,2026-08-11 11:09:00,1,90.95,Target Hit (50% Premium Decay),46.1
SENSEX,CE_SPREAD,2026-08-10 15:03:00,2026-08-11 11:09:00,1,90.95,Target Hit (50% Premium Decay),46.1
SENSEX,CE_SPREAD,2026-08-10 15:09:00,2026-08-11 11:09:00,1,91.8,Target Hit (50% Premium Decay),46.95
SENSEX,CE_SPREAD,2026-08-11 09:18:00,2026-08-12 09:15:00,1,75.95,Target Hit (50% Premium Decay),38.6
SENSEX,CE_SPREAD,2026-08-11 10:03:00,2026-08-12 09:57:00,1,81.2,Target Hit (50% Premium Decay),44.25
SENSEX,CE_SPREAD,2026-08-11 10:09:00,2026-08-12 09:57:00,1,80.15,Target Hit (50% Premium Decay),43.2
SENSEX,CE_SPREAD,2026-08-11 10:15:00,2026-08-12 09:57:00,1,78.0,Target Hit (50% Premium Decay),41.05
SENSEX,CE_SPREAD,2026-08-11 10:21:00,2026-08-12 10:00:00,1,85.9,Target Hit (50% Premium Decay),44.3
SENSEX,CE_SPREAD,2026-08-11 10:24:00,2026-08-12 09:57:00,1,76.05,Target Hit (50% Premium Decay),39.1
SENSEX,CE_SPREAD,2026-08-11 10:27:00,2026-08-12 09:57:00,1,77.75,Target Hit (50% Premium Decay),40.8
SENSEX,CE_SPREAD,2026-08-11 10:45:00,2026-08-12 09:57:00,1,76.1,Target Hit (50% Premium Decay),39.15
SENSEX,CE_SPREAD,2026-08-11 10:48:00,2026-08-12 09:57:00,1,77.0,Target Hit (50% Premium Decay),40.05
SENSEX,CE_SPREAD,2026-08-11 11:00:00,2026-08-12 10:00:00,1,73.65,Target Hit (50% Premium Decay),40.4
SENSEX,CE_SPREAD,2026-08-11 11:03:00,2026-08-12 10:03:00,1,82.6,Target Hit (50% Premium Decay),42.05
SENSEX,CE_SPREAD,2026-08-11 11:36:00,2026-08-12 10:03:00,1,82.1,Target Hit (50% Premium Decay),41.55
SENSEX,CE_SPREAD,2026-08-11 11:54:00,2026-08-12 10:06:00,1,79.6,Target Hit (50% Premium Decay),39.85
SENSEX,CE_SPREAD,2026-08-11 11:57:00,2026-08-12 10:03:00,1,81.5,Target Hit (50% Premium Decay),40.95
SENSEX,CE_SPREAD,2026-08-11 12:03:00,2026-08-12 10:09:00,1,77.75,Target Hit (50% Premium Decay),39.05
SENSEX,CE_SPREAD,2026-08-11 12:18:00,2026-08-12 10:06:00,1,81.05,Target Hit (50% Premium Decay),41.3
SENSEX,CE_SPREAD,2026-08-11 12:21:00,2026-08-12 10:06:00,1,80.35,Target Hit (50% Premium Decay),40.6
SENSEX,CE_SPREAD,2026-08-11 12:24:00,2026-08-12 10:06:00,1,80.15,Target Hit (50% Premium Decay),40.4
SENSEX,CE_SPREAD,2026-08-11 12:27:00,2026-08-12 10:03:00,1,81.3,Target Hit (50% Premium Decay),40.75
SENSEX,CE_SPREAD,2026-08-11 12:57:00,2026-08-12 10:03:00,1,81.2,Target Hit (50% Premium Decay),40.65
SENSEX,CE_SPREAD,2026-08-11 13:00:00,2026-08-12 10:00:00,1,84.55,Target Hit (50% Premium Decay),42.95
SENSEX,CE_SPREAD,2026-08-11 13:18:00,2026-08-12 10:00:00,1,84.7,Target Hit (50% Premium Decay),43.1
SENSEX,CE_SPREAD,2026-08-11 13:21:00,2026-08-12 10:00:00,1,83.35,Target Hit (50% Premium Decay),41.75
SENSEX,CE_SPREAD,2026-08-11 13:24:00,2026-08-12 10:00:00,1,88.45,Target Hit (50% Premium Decay),46.85
SENSEX,CE_SPREAD,2026-08-11 13:39:00,2026-08-12 10:00:00,1,85.95,Target Hit (50% Premium Decay),44.35
SENSEX,CE_SPREAD,2026-08-11 13:54:00,2026-08-12 10:00:00,1,83.8,Target Hit (50% Premium Decay),42.2
SENSEX,CE_SPREAD,2026-08-11 14:03:00,2026-08-12 10:03:00,1,82.7,Target Hit (50% Premium Decay),42.15
SENSEX,CE_SPREAD,2026-08-11 14:06:00,2026-08-12 10:00:00,1,86.2,Target Hit (50% Premium Decay),44.6
SENSEX,CE_SPREAD,2026-08-11 14:21:00,2026-08-12 10:00:00,1,73.3,Target Hit (50% Premium Decay),40.05
SENSEX,CE_SPREAD,2026-08-11 14:24:00,2026-08-12 10:00:00,1,73.6,Target Hit (50% Premium Decay),40.35
SENSEX,CE_SPREAD,2026-08-11 14:27:00,2026-08-12 10:00:00,1,71.9,Target Hit (50% Premium Decay),38.65
SENSEX,CE_SPREAD,2026-08-11 14:30:00,2026-08-12 10:03:00,1,81.8,Target Hit (50% Premium Decay),41.25
SENSEX,CE_SPREAD,2026-08-11 14:42:00,2026-08-12 10:00:00,1,83.8,Target Hit (50% Premium Decay),42.2
SENSEX,CE_SPREAD,2026-08-11 15:12:00,2026-08-12 09:57:00,1,94.45,Target Hit (50% Premium Decay),48.6
SENSEX,CE_SPREAD,2026-08-11 15:15:00,2026-08-12 09:57:00,1,92.4,Target Hit (50% Premium Decay),46.55
SENSEX,CE_SPREAD,2026-08-12 09:18:00,2026-08-12 11:00:00,1,82.35,Target Hit (50% Premium Decay),43.2
SENSEX,CE_SPREAD,2026-08-12 09:33:00,2026-08-12 10:54:00,1,65.8,Target Hit (50% Premium Decay),33.75
SENSEX,CE_SPREAD,2026-08-12 09:39:00,2026-08-12 10:57:00,1,78.2,Target Hit (50% Premium Decay),43.4
SENSEX,CE_SPREAD,2026-08-12 09:42:00,2026-08-12 10:57:00,1,63.2,Target Hit (50% Premium Decay),35.85
SENSEX,CE_SPREAD,2026-08-12 09:45:00,2026-08-12 11:00:00,1,66.9,Target Hit (50% Premium Decay),35.1
SENSEX,CE_SPREAD,2026-08-12 10:21:00,2026-08-13 10:09:00,1,72.8,Target Hit (50% Premium Decay),38.35
SENSEX,CE_SPREAD,2026-08-12 10:30:00,2026-08-12 12:54:00,1,78.7,Target Hit (50% Premium Decay),39.75
SENSEX,CE_SPREAD,2026-08-12 10:42:00,2026-08-13 10:09:00,1,73.5,Target Hit (50% Premium Decay),39.05
SENSEX,CE_SPREAD,2026-08-12 10:45:00,2026-08-13 10:21:00,1,67.25,Target Hit (50% Premium Decay),37.1
SENSEX,CE_SPREAD,2026-08-12 11:27:00,2026-08-12 14:54:00,1,70.9,SL Hit (50% Premium Appreciation),-42.95
SENSEX,CE_SPREAD,2026-08-12 11:30:00,2026-08-12 14:54:00,1,73.0,SL Hit (50% Premium Appreciation),-40.85
SENSEX,CE_SPREAD,2026-08-12 11:36:00,2026-08-12 14:54:00,1,69.4,SL Hit (50% Premium Appreciation),-44.45
SENSEX,CE_SPREAD,2026-08-12 11:39:00,2026-08-12 14:54:00,1,68.95,SL Hit (50% Premium Appreciation),-44.9
SENSEX,CE_SPREAD,2026-08-12 11:48:00,2026-08-12 14:54:00,1,66.9,SL Hit (50% Premium Appreciation),-46.95
SENSEX,CE_SPREAD,2026-08-12 11:51:00,2026-08-12 14:54:00,1,68.65,SL Hit (50% Premium Appreciation),-45.2
SENSEX,CE_SPREAD,2026-08-12 12:21:00,2026-08-12 14:54:00,1,78.35,SL Hit (50% Premium Appreciation),-48.05
SENSEX,CE_SPREAD,2026-08-12 12:24:00,2026-08-12 14:54:00,1,79.75,SL Hit (50% Premium Appreciation),-46.65
SENSEX,CE_SPREAD,2026-08-12 12:27:00,2026-08-12 14:54:00,1,81.8,SL Hit (50% Premium Appreciation),-44.6
SENSEX,CE_SPREAD,2026-08-12 12:57:00,2026-08-12 14:51:00,1,75.0,SL Hit (50% Premium Appreciation),-41.6
SENSEX,CE_SPREAD,2026-08-12 13:03:00,2026-08-12 14:51:00,1,61.3,SL Hit (50% Premium Appreciation),-35.65
SENSEX,CE_SPREAD,2026-08-12 13:06:00,2026-08-12 14:51:00,1,60.3,SL Hit (50% Premium Appreciation),-36.65
SENSEX,CE_SPREAD,2026-08-12 13:09:00,2026-08-12 14:51:00,1,61.55,SL Hit (50% Premium Appreciation),-35.4
SENSEX,CE_SPREAD,2026-08-12 13:12:00,2026-08-12 14:51:00,1,62.4,SL Hit (50% Premium Appreciation),-34.55
SENSEX,CE_SPREAD,2026-08-12 13:45:00,2026-08-12 14:51:00,1,62.85,SL Hit (50% Premium Appreciation),-34.1
SENSEX,CE_SPREAD,2026-08-12 13:48:00,2026-08-12 14:51:00,1,63.35,SL Hit (50% Premium Appreciation),-33.6
SENSEX,CE_SPREAD,2026-08-12 13:51:00,2026-08-12 14:51:00,1,62.65,SL Hit (50% Premium Appreciation),-34.3
SENSEX,CE_SPREAD,2026-08-12 13:54:00,2026-08-12 14:51:00,1,61.6,SL Hit (50% Premium Appreciation),-35.35
SENSEX,CE_SPREAD,2026-08-12 13:57:00,2026-08-12 14:51:00,1,62.4,SL Hit (50% Premium Appreciation),-34.55
SENSEX,CE_SPREAD,2026-08-12 14:03:00,2026-08-12 14:51:00,1,61.75,SL Hit (50% Premium Appreciation),-35.2
SENSEX,CE_SPREAD,2026-08-12 14:06:00,2026-08-12 14:51:00,1,61.55,SL Hit (50% Premium Appreciation),-35.4
SENSEX,CE_SPREAD,2026-08-12 14:09:00,2026-08-12 14:45:00,1,59.9,SL Hit (50% Premium Appreciation),-30.25
SENSEX,CE_SPREAD,2026-08-12 14:12:00,2026-08-12 14:51:00,1,61.25,SL Hit (50% Premium Appreciation),-35.7
SENSEX,CE_SPREAD,2026-08-12 14:15:00,2026-08-12 14:54:00,1,65.3,SL Hit (50% Premium Appreciation),-48.55
SENSEX,PE_SPREAD,2026-08-13 09:45:00,2026-08-13 11:51:00,1,40.7,Target Hit (50% Premium Decay),22.1
SENSEX,PE_SPREAD,2026-08-13 09:51:00,2026-08-13 11:57:00,1,34.55,Target Hit (50% Premium Decay),22.65
SENSEX,PE_SPREAD,2026-08-13 09:54:00,2026-08-13 11:57:00,1,34.7,Target Hit (50% Premium Decay),22.8
SENSEX,PE_SPREAD,2026-08-13 10:00:00,2026-08-13 11:57:00,1,33.35,Target Hit (50% Premium Decay),21.45
SENSEX,PE_SPREAD,2026-08-13 10:06:00,2026-08-13 11:54:00,1,35.95,Target Hit (50% Premium Decay),18.25
SENSEX,PE_SPREAD,2026-08-13 10:39:00,2026-08-13 11:45:00,1,25.4,Target Hit (50% Premium Decay),12.75
SENSEX,PE_SPREAD,2026-08-13 10:42:00,2026-08-13 11:48:00,1,25.25,Target Hit (50% Premium Decay),13.25
SENSEX,PE_SPREAD,2026-08-13 10:45:00,2026-08-13 11:57:00,1,34.9,Target Hit (50% Premium Decay),23.0
SENSEX,PE_SPREAD,2026-08-13 10:48:00,2026-08-13 11:57:00,1,32.0,Target Hit (50% Premium Decay),20.1
SENSEX,PE_SPREAD,2026-08-13 10:51:00,2026-08-13 11:57:00,1,31.55,Target Hit (50% Premium Decay),19.65
SENSEX,PE_SPREAD,2026-08-13 10:57:00,2026-08-13 11:57:00,1,32.35,Target Hit (50% Premium Decay),20.45
SENSEX,PE_SPREAD,2026-08-13 11:00:00,2026-08-13 11:54:00,1,36.1,Target Hit (50% Premium Decay),18.4
SENSEX,CE_SPREAD,2026-08-13 11:03:00,2026-08-13 11:48:00,1,38.45,SL Hit (50% Premium Appreciation),-19.6
SENSEX,CE_SPREAD,2026-08-13 11:12:00,2026-08-13 11:36:00,1,35.45,SL Hit (50% Premium Appreciation),-18.7
SENSEX,CE_SPREAD,2026-08-13 11:15:00,2026-08-13 11:36:00,1,35.7,SL Hit (50% Premium Appreciation),-18.45
SENSEX,PE_SPREAD,2026-08-13 11:24:00,2026-08-13 11:57:00,1,20.0,Target Hit (50% Premium Decay),12.85
SENSEX,PE_SPREAD,2026-08-13 11:27:00,2026-08-13 11:57:00,1,29.55,Target Hit (50% Premium Decay),17.65
SENSEX,PE_SPREAD,2026-08-13 11:57:00,2026-08-13 13:48:00,1,19.55,Target Hit (50% Premium Decay),9.8
SENSEX,PE_SPREAD,2026-08-13 12:21:00,2026-08-13 12:48:00,1,24.1,SL Hit (50% Premium Appreciation),-12.05
SENSEX,PE_SPREAD,2026-08-13 12:24:00,2026-08-13 13:21:00,1,25.25,SL Hit (50% Premium Appreciation),-14.75
SENSEX,PE_SPREAD,2026-08-13 12:33:00,2026-08-13 12:48:00,1,23.45,SL Hit (50% Premium Appreciation),-12.7
SENSEX,PE_SPREAD,2026-08-13 12:42:00,2026-08-13 12:48:00,1,23.95,SL Hit (50% Premium Appreciation),-12.2
SENSEX,PE_SPREAD,2026-08-13 12:45:00,2026-08-13 15:21:00,1,29.2,Target Hit (50% Premium Decay),22.4
SENSEX,PE_SPREAD,2026-08-13 13:18:00,2026-08-13 13:51:00,1,18.15,Target Hit (50% Premium Decay),10.15
SENSEX,PE_SPREAD,2026-08-13 13:33:00,2026-08-13 13:51:00,1,18.6,Target Hit (50% Premium Decay),10.6
SENSEX,PE_SPREAD,2026-08-13 13:39:00,2026-08-13 15:03:00,1,13.1,Target Hit (50% Premium Decay),6.75
SENSEX,PE_SPREAD,2026-08-13 13:42:00,2026-08-13 14:12:00,1,10.45,SL Hit (50% Premium Appreciation),-6.35
SENSEX,PE_SPREAD,2026-08-13 13:54:00,2026-08-13 14:03:00,1,7.2,SL Hit (50% Premium Appreciation),-3.65
SENSEX,PE_SPREAD,2026-08-13 13:57:00,2026-08-13 14:03:00,1,14.9,SL Hit (50% Premium Appreciation),-8.65
SENSEX,PE_SPREAD,2026-08-13 14:00:00,2026-08-13 14:06:00,1,19.95,SL Hit (50% Premium Appreciation),-11.95
SENSEX,PE_SPREAD,2026-08-13 14:21:00,2026-08-13 15:18:00,1,10.75,Target Hit (50% Premium Decay),5.5
SENSEX,PE_SPREAD,2026-08-13 14:24:00,2026-08-13 14:45:00,1,9.35,SL Hit (50% Premium Appreciation),-5.55
SENSEX,PE_SPREAD,2026-08-13 14:27:00,2026-08-13 14:45:00,1,9.0,SL Hit (50% Premium Appreciation),-5.9
SENSEX,PE_SPREAD,2026-08-13 15:03:00,2026-08-13 15:09:00,1,6.35,SL Hit (50% Premium Appreciation),-4.9
SENSEX,PE_SPREAD,2026-08-13 15:15:00,2026-08-13 15:21:00,1,6.5,Target Hit (50% Premium Decay),5.25
